[2026-04-26 23:14:41.943][12840][INFO] AetherEngine Logger initialized
[2026-04-26 23:14:41.943][12840][INFO] === AetherEngine Starting ===
[2026-04-26 23:14:41.943][12840][INFO] Version: 2.9.0 (Release/x64)
[2026-04-26 23:14:41.943][12840][INFO] Build: Mar 22 2026 08:51:29
[2026-04-26 23:14:41.943][12840][INFO] Platform: Windows
[2026-04-26 23:14:41.943][12840][INFO] CrashHandler: Initialized, dump directory: C:\Users\GoldGiven\Desktop\cunnei/crash_dumps
[2026-04-26 23:14:41.944][12840][INFO] InputManager: Initialized
[2026-04-26 23:14:41.944][12840][DEBUG] LuaVM: cffi module registered
[2026-04-26 23:14:41.944][12840][DEBUG] LuaVM: LuaSocket modules registered (socket.core, mime.core)
[2026-04-26 23:14:41.944][12840][DEBUG] LuaVM: State created successfully
[2026-04-26 23:14:41.944][12840][INFO] LuaHost: Initialized with cache dir 'C:\Users\GoldGiven\Desktop\cunnei/cache'
[2026-04-26 23:14:41.945][12840][DEBUG] ImGuiLua: Module registered as 'imgui'
[2026-04-26 23:14:41.945][12840][DEBUG] Registered all Lua API modules
[2026-04-26 23:14:41.945][12840][INFO] Engine initialized successfully
[2026-04-26 23:14:42.039][12840][INFO] ImGuiApp: DirectComposition initialized successfully
[2026-04-26 23:14:42.174][12840][INFO] ImGuiApp: Hotkeys active (CTRL+HOME/F10/F11/F12 via GetAsyncKeyState)
[2026-04-26 23:14:42.174][12840][INFO] ConfigManager: Loaded config from ./config.json
[2026-04-26 23:14:42.174][12840][DEBUG] ConfigManager: 1 opened files, rememberCard=true
[2026-04-26 23:14:42.182][12840][DEBUG] ImGuiApp: Config loaded, 1 tabs, activeTab=0
[2026-04-26 23:14:42.182][12840][INFO] ImGuiApp: Initialized successfully
[2026-04-26 23:14:42.184][12840][INFO] ImGuiApp: TryAutoLogin: attempting login with saved card...
[2026-04-26 23:14:42.562][12840][DEBUG] HttpClient: Response 200 OK
[2026-04-26 23:14:42.592][12840][INFO] ImGuiApp: Auth success, heartbeat started, expires: 2026-05-25 10:13:04
[2026-04-26 23:15:09.976][12840][INFO] TaskManager initialized with max 16 concurrent tasks
[2026-04-26 23:15:09.976][12840][DEBUG] Task 1 (AvePointStandalone.lua) created
[2026-04-26 23:15:09.977][12840][DEBUG] LuaVM: cffi module registered
[2026-04-26 23:15:09.977][12840][DEBUG] LuaVM: LuaSocket modules registered (socket.core, mime.core)
[2026-04-26 23:15:09.977][12840][DEBUG] LuaVM: State created successfully
[2026-04-26 23:15:09.977][12840][DEBUG] ImGuiLua: Module registered as 'imgui'
[2026-04-26 23:15:09.977][12840][DEBUG] Registered all Lua API modules
[2026-04-26 23:15:09.977][14480][INFO] Task 1 (AvePointStandalone.lua) started
[2026-04-26 23:15:09.978][14480][INFO] [Lua] AvePoint standalone entry starting
[2026-04-26 23:15:10.000][14480][INFO] [Lua] Process guard starting
[2026-04-26 23:15:10.000][14480][INFO] [Lua] Driver license resolution | profile=development candidates=3 primary=config.json:savedDriverCard[development]
[2026-04-26 23:15:10.000][14480][INFO] [Lua] Trying driver license source: config.json:savedDriverCard[development]
[2026-04-26 23:15:10.429][14480][DEBUG] HttpClient: Response 200 OK
[2026-04-26 23:15:12.789][14480][DEBUG] DriverMode: Driver loaded successfully
[2026-04-26 23:15:12.791][14480][INFO] DriverMode: Initialized with license (Driver mode)
[2026-04-26 23:15:12.791][14480][INFO] Driver loaded successfully
[2026-04-26 23:15:12.791][14480][INFO] [Lua] Driver loaded. Source: config.json:savedDriverCard[development]
[2026-04-26 23:15:12.791][14480][DEBUG] DriverMode: Process protected PID=22224
[2026-04-26 23:15:12.791][14480][INFO] [Lua] Process protection enabled. PID=22224
[2026-04-26 23:15:12.791][14480][INFO] [Lua] Process guard ready
[2026-04-26 23:15:12.792][14480][INFO] [Lua] Configured avepointTaskMode=2 (练级) in config.json
[2026-04-26 23:15:12.792][14480][INFO] [Lua] Press Insert or Ctrl+F9 or [ to start current task mode; Delete or Ctrl+F10 or ] to stop
[2026-04-26 23:15:12.792][14480][INFO] [Lua] Press F12 to dump raw GetCurrentSelected API output without clicking
[2026-04-26 23:15:12.792][14480][INFO] [Lua] Press F4 to preview the configured target for 分解所有按钮 without clicking
[2026-04-26 23:15:12.792][14480][INFO] [Lua] Press F3 to dump mouse-nearby button candidates for 当前鼠标按钮定位分析
[2026-04-26 23:15:12.793][14480][INFO] [Lua] Press F10 to inspect the same uniquely matched mouse target for 鼠标按钮验证点击 without clicking
[2026-04-26 23:15:12.793][14480][INFO] [Lua] Press F11 or \ to validate-click a uniquely matched mouse target for 鼠标按钮验证点击
[2026-04-26 23:15:12.793][14480][INFO] [Lua] Press F6 to print current player coordinates
[2026-04-26 23:15:12.793][14480][INFO] [Lua] Press F7 to print current player position and nearby portals
[2026-04-26 23:15:12.793][14480][INFO] [Lua] Press F8 to print current mouse client coordinates
[2026-04-26 23:15:12.793][14480][INFO] [Lua] Press F9 to run read-only Data API diagnostics
[2026-04-26 23:15:12.794][14480][INFO] [Lua] Press Ctrl+F12 to exit
[2026-04-26 23:15:12.794][14480][INFO] [Lua] Waiting for torchlight API/game init...
[2026-04-26 23:15:12.794][14480][INFO] HotkeyManager: Started with poll interval 10ms
[2026-04-26 23:15:12.794][16560][DEBUG] HotkeyManager: Listen thread started
[2026-04-26 23:15:13.108][14480][DEBUG] DriverMode: InitRemoteCallEx PID=13440, Deployee=0x26D12B70300
[2026-04-26 23:15:13.108][14480][INFO] Process mode: Driver
[2026-04-26 23:15:13.109][14480][INFO] [Lua] Torch API initialized
[2026-04-26 23:15:13.109][14480][INFO] [Lua] Current pos: 1204.00, -2124.00, 3098.81
[2026-04-26 23:15:14.053][14480][DEBUG] Task 2 (AvePointLevelingNavWorker) created
[2026-04-26 23:15:14.053][14480][DEBUG] LuaVM: cffi module registered
[2026-04-26 23:15:14.054][14480][DEBUG] LuaVM: LuaSocket modules registered (socket.core, mime.core)
[2026-04-26 23:15:14.054][14480][DEBUG] LuaVM: State created successfully
[2026-04-26 23:15:14.054][14480][DEBUG] ImGuiLua: Module registered as 'imgui'
[2026-04-26 23:15:14.054][14480][DEBUG] Registered all Lua API modules
[2026-04-26 23:15:14.054][14480][INFO] [Lua] [Leveling] nav worker started | task_id=2 share=avepoint_leveling_nav_1777216514049_1
[2026-04-26 23:15:14.054][14480][INFO] [Lua] [Leveling] navigation mode | async nav worker path-route follow | task_move_interval=1200ms task_pos_interval=900ms
[2026-04-26 23:15:14.055][18728][INFO] Task 2 (AvePointLevelingNavWorker) started
[2026-04-26 23:15:14.055][14480][INFO] [Lua] [Leveling] runner started | mode=2 quest button -> task path -> NPC dialogue
[2026-04-26 23:15:14.055][14480][INFO] [Lua] [Leveling] logic: click main task button, fetch task path, MoveTo target, confirm nearby NPC, press D, then continue
[2026-04-26 23:15:14.055][14480][INFO] [Lua] [Leveling] startup boss combat window armed | window=10000ms
[2026-04-26 23:15:14.055][14480][INFO] [Lua] [Leveling] startup state resolve armed | window=3000ms
[2026-04-26 23:15:14.055][14480][INFO] [Lua] [Leveling] map runtime detection | enabled=false
[2026-04-26 23:15:14.056][14480][INFO] [Lua] AvePoint automation started | mode=练级(2)
[2026-04-26 23:15:14.056][14480][INFO] [Lua] [Leveling] IsMainInterface=false but player position is available, continue leveling.
[2026-04-26 23:15:14.344][14480][INFO] [Lua] [Leveling] task name candidates | map= button_text= related_text= anchor=(94.04,224.16)
[2026-04-26 23:15:14.345][14480][INFO] [Lua] [Leveling] current task updated | task=主线 圣诫之末 source=nearby_text anchor=(94.04,224.16)
[2026-04-26 23:15:14.345][14480][INFO] [Lua] [Leveling] main task call begin | stage=bootstrap task=圣诫之末 detail= mode=hard_refresh queries=圣诫之末 -> 主线 圣诫之末 -> 主线
[2026-04-26 23:15:14.639][14480][WARN] [Lua] [Leveling] TaskBtn locator unavailable for main task call: locator matched no current button. include=taskitem_c.widgettree.taskbtn hint=(94.039993,224.160004) max_distance=120.0 related= related_miss=0
[2026-04-26 23:15:15.801][14480][INFO] [Lua] [Leveling] main task panel queries missed, fallback to anchor button | stage=bootstrap task=圣诫之末 detail=
[2026-04-26 23:15:16.456][14480][DEBUG] MouseManager: Trajectory mode set to 0
[2026-04-26 23:15:17.739][14480][DEBUG] MouseManager: Trajectory mode set to 0
[2026-04-26 23:15:18.065][14480][INFO] [Lua] [Leveling] main task button hover before GetCurrentSelected | client=(94.04,224.16) screen=(121.04,280.16)
[2026-04-26 23:15:18.685][14480][WARN] [Lua] [Leveling] main task button GetCurrentSelected fallback miss after hover | hint=(94.04,224.16) err=Current selected button not found.
[2026-04-26 23:15:18.764][14480][INFO] [Lua] [Leveling] main task button nearby-text click fallback hit | mode=window_post_click text=主线 圣诫之末 text_pos=(123.12,232.76) click_pos=(95.12,228.76)
[2026-04-26 23:15:19.057][14480][INFO] [Lua] [Leveling] task name candidates | map= button_text=主线 圣诫之末 related_text=主线 圣诫之末 anchor=(95.12,228.76)
[2026-04-26 23:15:19.057][14480][INFO] [Lua] [Leveling] task_pos reject armed after main task click | reason=startup_main_task_reacquire reject_ms=8500
[2026-04-26 23:15:19.057][14480][INFO] [Lua] [Leveling] main task panel entry clicked | query=nearby_text:window_click task=圣诫之末 detail= mode=hard_refresh raw=主线 圣诫之末 kind=主线 addr= pos=(95.12,228.76)
[2026-04-26 23:15:19.057][14480][INFO] [Lua] [Leveling] navigation hold | reason=wait_task_path_after_button
[2026-04-26 23:15:19.057][14480][INFO] [Lua] [Leveling] startup main task called before any objective/follow logic | task=圣诫之末 detail= window_left=2993ms
[2026-04-26 23:15:19.058][14480][INFO] [Lua] [Leveling] heartbeat | stage=wait_task_path_after_button tick=1 pos=1204.00, -2124.00, 3098.81 target=nil path_points=0
[2026-04-26 23:15:19.095][14480][INFO] [Lua] [Leveling] runner stopped
[2026-04-26 23:15:19.102][14480][INFO] [Lua] [Treasure] resume snapshot cleared | reason=leveling_stop save_ok=true
[2026-04-26 23:15:19.102][14480][INFO] [Lua] AvePoint automation stopped
[2026-04-26 23:15:19.106][18728][ERROR] LuaVM DoFile failed [C:\Users\GoldGiven\Desktop\cunnei/scripts/AvePointLevelingNavWorker.lua]: Script execution interrupted
stack traceback:
	...ven\Desktop\cunnei/scripts/AvePointLevelingNavWorker.lua:330: in main chunk
[2026-04-26 23:15:19.106][18728][ERROR] Task 2 (AvePointLevelingNavWorker) failed: Script execution interrupted
stack traceback:
	...ven\Desktop\cunnei/scripts/AvePointLevelingNavWorker.lua:330: in main chunk
[2026-04-26 23:15:34.176][18612][DEBUG] HttpClient: Response 200 OK
[2026-04-26 23:16:25.664][18612][DEBUG] HttpClient: Response 200 OK
[2026-04-26 23:17:17.213][18612][DEBUG] HttpClient: Response 200 OK
[2026-04-26 23:18:08.843][18612][DEBUG] HttpClient: Response 200 OK
[2026-04-26 23:19:00.393][18612][DEBUG] HttpClient: Response 200 OK
[2026-04-26 23:19:51.993][18612][DEBUG] HttpClient: Response 200 OK
[2026-04-26 23:20:43.599][18612][DEBUG] HttpClient: Response 200 OK
[2026-04-26 23:21:35.152][18612][DEBUG] HttpClient: Response 200 OK
[2026-04-26 23:22:26.766][18612][DEBUG] HttpClient: Response 200 OK
[2026-04-26 23:22:51.364][12840][DEBUG] Task 2 (AvePointLevelingNavWorker) cleaned up
[2026-04-26 23:22:51.365][12840][DEBUG] LuaVM: State closed
[2026-04-26 23:22:51.378][14480][ERROR] LuaVM DoString exec failed: scripts/avepoint/hotkey.lua:4566: task stopped
stack traceback:
	[C]: in field 'sleep'
	scripts/avepoint/hotkey.lua:4566: in function 'main'
	C:\Users\GoldGiven\Desktop\cunnei\scripts\AvePoint.lua:167: in main chunk
	(...tail calls...)
	C:\Users\GoldGiven\Desktop\cunnei\AvePointStandalone.lua:128: in main chunk
[2026-04-26 23:22:51.378][14480][ERROR] Task 1 (AvePointStandalone.lua) failed: scripts/avepoint/hotkey.lua:4566: task stopped
stack traceback:
	[C]: in field 'sleep'
	scripts/avepoint/hotkey.lua:4566: in function 'main'
	C:\Users\GoldGiven\Desktop\cunnei\scripts\AvePoint.lua:167: in main chunk
	(...tail calls...)
	C:\Users\GoldGiven\Desktop\cunnei\AvePointStandalone.lua:128: in main chunk
[2026-04-26 23:22:51.397][12840][DEBUG] Task 1 (AvePointStandalone.lua) force cleaned up
[2026-04-26 23:22:51.401][12840][DEBUG] LuaVM: State closed
[2026-04-26 23:22:51.881][12840][DEBUG] Task 3 (AvePointStandalone.lua) created
[2026-04-26 23:22:51.881][12840][DEBUG] LuaVM: cffi module registered
[2026-04-26 23:22:51.882][12840][DEBUG] LuaVM: LuaSocket modules registered (socket.core, mime.core)
[2026-04-26 23:22:51.882][12840][DEBUG] LuaVM: State created successfully
[2026-04-26 23:22:51.882][12840][DEBUG] ImGuiLua: Module registered as 'imgui'
[2026-04-26 23:22:51.882][12840][DEBUG] Registered all Lua API modules
[2026-04-26 23:22:51.882][16396][INFO] Task 3 (AvePointStandalone.lua) started
[2026-04-26 23:22:51.883][16396][INFO] [Lua] AvePoint standalone entry starting
[2026-04-26 23:22:51.895][16396][INFO] [Lua] Process guard starting
[2026-04-26 23:22:51.895][16396][DEBUG] DriverMode: Process protected PID=22224
[2026-04-26 23:22:51.896][16396][INFO] [Lua] Process protection enabled. PID=22224
[2026-04-26 23:22:51.896][16396][INFO] [Lua] Process guard ready
[2026-04-26 23:22:51.896][16396][INFO] [Lua] Configured avepointTaskMode=2 (练级) in config.json
[2026-04-26 23:22:51.896][16396][INFO] [Lua] Press Insert or Ctrl+F9 or [ to start current task mode; Delete or Ctrl+F10 or ] to stop
[2026-04-26 23:22:51.896][16396][INFO] [Lua] Press F12 to dump raw GetCurrentSelected API output without clicking
[2026-04-26 23:22:51.897][16396][INFO] [Lua] Press F4 to preview the configured target for 分解所有按钮 without clicking
[2026-04-26 23:22:51.897][16396][INFO] [Lua] Press F3 to dump mouse-nearby button candidates for 当前鼠标按钮定位分析
[2026-04-26 23:22:51.897][16396][INFO] [Lua] Press F10 to inspect the same uniquely matched mouse target for 鼠标按钮验证点击 without clicking
[2026-04-26 23:22:51.897][16396][INFO] [Lua] Press F11 or \ to validate-click a uniquely matched mouse target for 鼠标按钮验证点击
[2026-04-26 23:22:51.898][16396][INFO] [Lua] Press F6 to print current player coordinates
[2026-04-26 23:22:51.898][16396][INFO] [Lua] Press F7 to print current player position and nearby portals
[2026-04-26 23:22:51.898][16396][INFO] [Lua] Press F8 to print current mouse client coordinates
[2026-04-26 23:22:51.898][16396][INFO] [Lua] Press F9 to run read-only Data API diagnostics
[2026-04-26 23:22:51.898][16396][INFO] [Lua] Press Ctrl+F12 to exit
[2026-04-26 23:22:51.898][16396][INFO] [Lua] Waiting for torchlight API/game init...
[2026-04-26 23:22:52.219][16396][DEBUG] DriverMode: InitRemoteCallEx PID=13440, Deployee=0x26D21AA0300
[2026-04-26 23:22:52.219][16396][INFO] [Lua] Torch API initialized
[2026-04-26 23:22:52.220][16396][INFO] [Lua] Current pos: 1204.00, -2124.00, 3098.81
[2026-04-26 23:22:55.280][16396][DEBUG] Task 4 (AvePointLevelingNavWorker) created
[2026-04-26 23:22:55.280][16396][DEBUG] LuaVM: cffi module registered
[2026-04-26 23:22:55.280][16396][DEBUG] LuaVM: LuaSocket modules registered (socket.core, mime.core)
[2026-04-26 23:22:55.281][16396][DEBUG] LuaVM: State created successfully
[2026-04-26 23:22:55.281][16396][DEBUG] ImGuiLua: Module registered as 'imgui'
[2026-04-26 23:22:55.281][16396][DEBUG] Registered all Lua API modules
[2026-04-26 23:22:55.281][16396][INFO] [Lua] [Leveling] nav worker started | task_id=4 share=avepoint_leveling_nav_1777216975273_3
[2026-04-26 23:22:55.282][16396][INFO] [Lua] [Leveling] navigation mode | async nav worker path-route follow | task_move_interval=1200ms task_pos_interval=900ms
[2026-04-26 23:22:55.282][14108][INFO] Task 4 (AvePointLevelingNavWorker) started
[2026-04-26 23:22:55.282][16396][INFO] [Lua] [Leveling] runner started | mode=2 quest button -> task path -> NPC dialogue
[2026-04-26 23:22:55.282][16396][INFO] [Lua] [Leveling] logic: click main task button, fetch task path, MoveTo target, confirm nearby NPC, press D, then continue
[2026-04-26 23:22:55.282][16396][INFO] [Lua] [Leveling] startup boss combat window armed | window=10000ms
[2026-04-26 23:22:55.283][16396][INFO] [Lua] [Leveling] startup state resolve armed | window=3000ms
[2026-04-26 23:22:55.283][16396][INFO] [Lua] [Leveling] map runtime detection | enabled=false
[2026-04-26 23:22:55.283][16396][INFO] [Lua] AvePoint automation started | mode=练级(2)
[2026-04-26 23:22:55.284][16396][INFO] [Lua] [Leveling] IsMainInterface=false but player position is available, continue leveling.
[2026-04-26 23:22:55.568][16396][INFO] [Lua] [Leveling] task name candidates | map= button_text= related_text= anchor=(94.04,224.16)
[2026-04-26 23:22:55.570][16396][INFO] [Lua] [Leveling] current task updated | task=主线 圣诫之末 source=nearby_text anchor=(94.04,224.16)
[2026-04-26 23:22:55.570][16396][INFO] [Lua] [Leveling] main task call begin | stage=bootstrap task=圣诫之末 detail= mode=hard_refresh queries=圣诫之末 -> 主线 圣诫之末 -> 主线
[2026-04-26 23:22:55.865][16396][WARN] [Lua] [Leveling] TaskBtn locator unavailable for main task call: locator matched no current button. include=taskitem_c.widgettree.taskbtn hint=(94.039993,224.160004) max_distance=120.0 related= related_miss=0
[2026-04-26 23:22:57.015][16396][INFO] [Lua] [Leveling] main task panel queries missed, fallback to TaskBtn hint lookup | stage=bootstrap task=圣诫之末 detail=
[2026-04-26 23:22:57.591][16396][WARN] [Lua] [Leveling] main task button fetch failed: Nearby button not found. nearby=text text=主线 圣诫之末 pos=(123.1,232.8) d=30.3 | text text=与莫琳娜交谈 pos=(135.0,251.5) d=49.2 | text text=支线 藏宝地：银沙边城 pos=(123.1,286.4) d=68.7 | text text=在雄狮之心找到下一个藏宝地（推荐等级44~54级） pos=(135.0,305.1) d=90.7 | text text=避难所-余烬之息 pos=(84.6,87.9) d=136.6 mouse_hover_fallback=disabled
[2026-04-26 23:22:57.591][16396][INFO] [Lua] [Leveling] startup waiting main task call before movement: Nearby button not found.
[2026-04-26 23:22:57.592][16396][INFO] [Lua] [Leveling] navigation hold | reason=startup_task_reacquire
[2026-04-26 23:22:57.592][16396][INFO] [Lua] [Leveling] heartbeat | stage=startup_task_reacquire tick=1 pos=1204.00, -2124.00, 3098.81 target=nil path_points=0
[2026-04-26 23:22:57.638][16396][INFO] [Lua] [Leveling] nav worker status | paused
[2026-04-26 23:22:57.931][16396][INFO] [Lua] [Leveling] main task call begin | stage=startup_task_reacquire task=圣诫之末 detail= mode=hard_refresh queries=圣诫之末 -> 主线 圣诫之末 -> 主线
[2026-04-26 23:22:59.390][16396][INFO] [Lua] [Leveling] main task panel queries missed, fallback to TaskBtn hint lookup | stage=startup_task_reacquire task=圣诫之末 detail=
[2026-04-26 23:23:00.006][16396][INFO] [Lua] [Leveling] IsMainInterface=false but player position is available, continue leveling.
[2026-04-26 23:23:00.006][16396][INFO] [Lua] [Leveling] startup state resolve extended until main task is called.
[2026-04-26 23:23:00.298][16396][INFO] [Lua] [Leveling] task name candidates | map= button_text= related_text= anchor=(94.04,224.16)
[2026-04-26 23:23:00.298][16396][INFO] [Lua] [Leveling] main task call begin | stage=startup_task_reacquire task=圣诫之末 detail= mode=hard_refresh queries=圣诫之末 -> 主线 圣诫之末 -> 主线
[2026-04-26 23:23:00.587][16396][WARN] [Lua] [Leveling] TaskBtn locator unavailable for main task call: locator matched no current button. include=taskitem_c.widgettree.taskbtn hint=(94.039993,224.160004) max_distance=120.0 related= related_miss=0
[2026-04-26 23:23:01.775][16396][INFO] [Lua] [Leveling] main task panel queries missed, fallback to TaskBtn hint lookup | stage=startup_task_reacquire task=圣诫之末 detail=
[2026-04-26 23:23:02.363][16396][WARN] [Lua] [Leveling] main task button fetch failed: Nearby button not found. nearby=text text=主线 圣诫之末 pos=(123.1,232.8) d=30.3 | text text=与莫琳娜交谈 pos=(135.0,251.5) d=49.2 | text text=支线 藏宝地：银沙边城 pos=(123.1,286.4) d=68.7 | text text=在雄狮之心找到下一个藏宝地（推荐等级44~54级） pos=(135.0,305.1) d=90.7 | text text=避难所-余烬之息 pos=(84.6,87.9) d=136.6 mouse_hover_fallback=disabled
[2026-04-26 23:23:02.364][16396][INFO] [Lua] [Leveling] startup waiting main task call before movement: Nearby button not found.
[2026-04-26 23:23:02.364][16396][INFO] [Lua] [Leveling] navigation hold | reason=startup_task_reacquire
[2026-04-26 23:23:02.364][16396][INFO] [Lua] [Leveling] heartbeat | stage=startup_task_reacquire tick=3 pos=1204.00, -2124.00, 3098.81 target=nil path_points=0
[2026-04-26 23:23:02.693][16396][INFO] [Lua] [Leveling] main task call begin | stage=startup_task_reacquire task=圣诫之末 detail= mode=hard_refresh queries=圣诫之末 -> 主线 圣诫之末 -> 主线
[2026-04-26 23:23:04.140][16396][INFO] [Lua] [Leveling] main task panel queries missed, fallback to TaskBtn hint lookup | stage=startup_task_reacquire task=圣诫之末 detail=
[2026-04-26 23:23:04.754][16396][INFO] [Lua] [Leveling] IsMainInterface=false but player position is available, continue leveling.
[2026-04-26 23:23:04.754][16396][INFO] [Lua] [Leveling] startup state resolve extended until main task is called.
[2026-04-26 23:23:05.046][16396][INFO] [Lua] [Leveling] task name candidates | map= button_text= related_text= anchor=(94.04,224.16)
[2026-04-26 23:23:05.046][16396][INFO] [Lua] [Leveling] main task call begin | stage=startup_task_reacquire task=圣诫之末 detail= mode=hard_refresh queries=圣诫之末 -> 主线 圣诫之末 -> 主线
[2026-04-26 23:23:05.334][16396][WARN] [Lua] [Leveling] TaskBtn locator unavailable for main task call: locator matched no current button. include=taskitem_c.widgettree.taskbtn hint=(94.039993,224.160004) max_distance=120.0 related= related_miss=0
[2026-04-26 23:23:06.513][16396][INFO] [Lua] [Leveling] main task panel queries missed, fallback to TaskBtn hint lookup | stage=startup_task_reacquire task=圣诫之末 detail=
[2026-04-26 23:23:07.114][16396][WARN] [Lua] [Leveling] main task button fetch failed: Nearby button not found. nearby=text text=主线 圣诫之末 pos=(123.1,232.8) d=30.3 | button text= pos=(39.8,229.2) d=54.5 | text text=与莫琳娜交谈 pos=(135.0,251.5) d=49.2 | button text= pos=(54.0,285.7) d=73.4 | text text=支线 藏宝地：银沙边城 pos=(123.1,286.4) d=68.7 mouse_hover_fallback=disabled
[2026-04-26 23:23:07.114][16396][INFO] [Lua] [Leveling] startup waiting main task call before movement: Nearby button not found.
[2026-04-26 23:23:07.114][16396][INFO] [Lua] [Leveling] navigation hold | reason=startup_task_reacquire
[2026-04-26 23:23:07.115][16396][INFO] [Lua] [Leveling] heartbeat | stage=startup_task_reacquire tick=5 pos=1204.00, -2124.00, 3098.81 target=nil path_points=0
[2026-04-26 23:23:07.439][16396][INFO] [Lua] [Leveling] main task call begin | stage=startup_task_reacquire task=圣诫之末 detail= mode=hard_refresh queries=圣诫之末 -> 主线 圣诫之末 -> 主线
[2026-04-26 23:23:08.964][16396][INFO] [Lua] [Leveling] main task panel queries missed, fallback to TaskBtn hint lookup | stage=startup_task_reacquire task=圣诫之末 detail=
[2026-04-26 23:23:09.623][16396][INFO] [Lua] [Leveling] IsMainInterface=false but player position is available, continue leveling.
[2026-04-26 23:23:09.623][16396][INFO] [Lua] [Leveling] startup state resolve extended until main task is called.
[2026-04-26 23:23:09.935][16396][INFO] [Lua] [Leveling] task name candidates | map= button_text= related_text= anchor=(94.04,224.16)
[2026-04-26 23:23:09.936][16396][INFO] [Lua] [Leveling] main task call begin | stage=startup_task_reacquire task=圣诫之末 detail= mode=hard_refresh queries=圣诫之末 -> 主线 圣诫之末 -> 主线
[2026-04-26 23:23:10.247][16396][WARN] [Lua] [Leveling] TaskBtn locator unavailable for main task call: locator matched no current button. include=taskitem_c.widgettree.taskbtn hint=(94.039993,224.160004) max_distance=120.0 related= related_miss=0
[2026-04-26 23:23:11.508][16396][INFO] [Lua] [Leveling] main task panel queries missed, fallback to TaskBtn hint lookup | stage=startup_task_reacquire task=圣诫之末 detail=
[2026-04-26 23:23:12.142][16396][WARN] [Lua] [Leveling] main task button fetch failed: Nearby button not found. nearby=button text=控制设置 pos=(102.8,233.4) d=12.7 | button text=声音设置 pos=(102.8,183.6) d=41.5 | text text=主线 圣诫之末 pos=(123.1,232.8) d=30.3 | button text=界面设置 pos=(102.8,283.2) d=59.6 | text text=与莫琳娜交谈 pos=(135.0,251.5) d=49.2 mouse_hover_fallback=disabled
[2026-04-26 23:23:12.142][16396][INFO] [Lua] [Leveling] startup waiting main task call before movement: Nearby button not found.
[2026-04-26 23:23:12.143][16396][INFO] [Lua] [Leveling] navigation hold | reason=startup_task_reacquire
[2026-04-26 23:23:12.143][16396][INFO] [Lua] [Leveling] heartbeat | stage=startup_task_reacquire tick=7 pos=924.44, -1732.66, 3092.00 target=nil path_points=0
[2026-04-26 23:23:12.496][16396][INFO] [Lua] [Leveling] main task call begin | stage=startup_task_reacquire task=圣诫之末 detail= mode=hard_refresh queries=圣诫之末 -> 主线 圣诫之末 -> 主线
[2026-04-26 23:23:14.064][16396][INFO] [Lua] [Leveling] main task panel queries missed, fallback to TaskBtn hint lookup | stage=startup_task_reacquire task=圣诫之末 detail=
[2026-04-26 23:23:14.724][16396][INFO] [Lua] [Leveling] IsMainInterface=false but player position is available, continue leveling.
[2026-04-26 23:23:14.725][16396][INFO] [Lua] [Leveling] startup state resolve extended until main task is called.
[2026-04-26 23:23:15.047][16396][INFO] [Lua] [Leveling] task name candidates | map= button_text= related_text= anchor=(94.04,224.16)
[2026-04-26 23:23:15.047][16396][INFO] [Lua] [Leveling] main task call begin | stage=startup_task_reacquire task=圣诫之末 detail= mode=hard_refresh queries=圣诫之末 -> 主线 圣诫之末 -> 主线
[2026-04-26 23:23:15.356][16396][WARN] [Lua] [Leveling] TaskBtn locator unavailable for main task call: locator matched no current button. include=taskitem_c.widgettree.taskbtn hint=(94.039993,224.160004) max_distance=120.0 related= related_miss=0
[2026-04-26 23:23:16.619][16396][INFO] [Lua] [Leveling] main task panel queries missed, fallback to TaskBtn hint lookup | stage=startup_task_reacquire task=圣诫之末 detail=
[2026-04-26 23:23:17.254][16396][WARN] [Lua] [Leveling] main task button fetch failed: Nearby button not found. nearby=button text=控制设置 pos=(102.8,233.4) d=12.7 | button text=声音设置 pos=(102.8,183.6) d=41.5 | text text=主线 圣诫之末 pos=(123.1,232.8) d=30.3 | button text=界面设置 pos=(102.8,283.2) d=59.6 | text text=与莫琳娜交谈 pos=(135.0,251.5) d=49.2 mouse_hover_fallback=disabled
[2026-04-26 23:23:17.254][16396][INFO] [Lua] [Leveling] startup waiting main task call before movement: Nearby button not found.
[2026-04-26 23:23:17.254][16396][INFO] [Lua] [Leveling] navigation hold | reason=startup_task_reacquire
[2026-04-26 23:23:17.255][16396][INFO] [Lua] [Leveling] heartbeat | stage=startup_task_reacquire tick=9 pos=739.00, -1993.00, 3092.00 target=nil path_points=0
[2026-04-26 23:23:17.614][16396][INFO] [Lua] [Leveling] main task call begin | stage=startup_task_reacquire task=圣诫之末 detail= mode=hard_refresh queries=圣诫之末 -> 主线 圣诫之末 -> 主线
[2026-04-26 23:23:18.047][16396][ERROR] [Lua] AvePoint automation failed | mode=练级(2) err=C:\Users\GoldGiven\Desktop\cunnei\scripts/torch_nav.lua:693: Script execution interrupted
[2026-04-26 23:23:18.048][16396][INFO] [Lua] AvePoint automation stopped by error
[2026-04-26 23:23:18.048][16396][ERROR] LuaVM DoString exec failed: scripts/avepoint/hotkey.lua:4566: task stopped
stack traceback:
	[C]: in field 'sleep'
	scripts/avepoint/hotkey.lua:4566: in function 'main'
	C:\Users\GoldGiven\Desktop\cunnei\scripts\AvePoint.lua:167: in main chunk
	(...tail calls...)
	C:\Users\GoldGiven\Desktop\cunnei\AvePointStandalone.lua:128: in main chunk
[2026-04-26 23:23:18.048][16396][ERROR] Task 3 (AvePointStandalone.lua) failed: scripts/avepoint/hotkey.lua:4566: task stopped
stack traceback:
	[C]: in field 'sleep'
	scripts/avepoint/hotkey.lua:4566: in function 'main'
	C:\Users\GoldGiven\Desktop\cunnei\scripts\AvePoint.lua:167: in main chunk
	(...tail calls...)
	C:\Users\GoldGiven\Desktop\cunnei\AvePointStandalone.lua:128: in main chunk
[2026-04-26 23:23:18.057][14108][ERROR] LuaVM DoFile failed [C:\Users\GoldGiven\Desktop\cunnei/scripts/AvePointLevelingNavWorker.lua]: Script execution interrupted
stack traceback:
	...ven\Desktop\cunnei/scripts/AvePointLevelingNavWorker.lua:325: in main chunk
[2026-04-26 23:23:18.057][14108][ERROR] Task 4 (AvePointLevelingNavWorker) failed: Script execution interrupted
stack traceback:
	...ven\Desktop\cunnei/scripts/AvePointLevelingNavWorker.lua:325: in main chunk
[2026-04-26 23:23:18.079][12840][DEBUG] Task 3 (AvePointStandalone.lua) force cleaned up
[2026-04-26 23:23:18.082][12840][DEBUG] LuaVM: State closed
[2026-04-26 23:23:18.083][12840][DEBUG] Task 4 (AvePointLevelingNavWorker) cleaned up
[2026-04-26 23:23:18.084][12840][DEBUG] LuaVM: State closed
[2026-04-26 23:23:18.335][18612][DEBUG] HttpClient: Response 200 OK
[2026-04-26 23:24:09.968][18612][DEBUG] HttpClient: Response 200 OK
[2026-04-26 23:25:01.570][18612][DEBUG] HttpClient: Response 200 OK
[2026-04-26 23:25:53.153][18612][DEBUG] HttpClient: Response 200 OK
[2026-04-26 23:26:41.659][12840][DEBUG] Task 5 (AvePointStandalone.lua) created
[2026-04-26 23:26:41.659][12840][DEBUG] LuaVM: cffi module registered
[2026-04-26 23:26:41.659][12840][DEBUG] LuaVM: LuaSocket modules registered (socket.core, mime.core)
[2026-04-26 23:26:41.659][12840][DEBUG] LuaVM: State created successfully
[2026-04-26 23:26:41.660][12840][DEBUG] ImGuiLua: Module registered as 'imgui'
[2026-04-26 23:26:41.660][12840][DEBUG] Registered all Lua API modules
[2026-04-26 23:26:41.660][17284][INFO] Task 5 (AvePointStandalone.lua) started
[2026-04-26 23:26:41.660][17284][INFO] [Lua] AvePoint standalone entry starting
[2026-04-26 23:26:41.672][17284][INFO] [Lua] Process guard starting
[2026-04-26 23:26:41.672][17284][DEBUG] DriverMode: Process protected PID=22224
[2026-04-26 23:26:41.673][17284][INFO] [Lua] Process protection enabled. PID=22224
[2026-04-26 23:26:41.673][17284][INFO] [Lua] Process guard ready
[2026-04-26 23:26:41.673][17284][INFO] [Lua] Configured avepointTaskMode=2 (练级) in config.json
[2026-04-26 23:26:41.673][17284][INFO] [Lua] Press Insert or Ctrl+F9 or [ to start current task mode; Delete or Ctrl+F10 or ] to stop
[2026-04-26 23:26:41.673][17284][INFO] [Lua] Press F12 to dump raw GetCurrentSelected API output without clicking
[2026-04-26 23:26:41.673][17284][INFO] [Lua] Press F4 to preview the configured target for 分解所有按钮 without clicking
[2026-04-26 23:26:41.674][17284][INFO] [Lua] Press F3 to dump mouse-nearby button candidates for 当前鼠标按钮定位分析
[2026-04-26 23:26:41.674][17284][INFO] [Lua] Press F10 to inspect the same uniquely matched mouse target for 鼠标按钮验证点击 without clicking
[2026-04-26 23:26:41.674][17284][INFO] [Lua] Press F11 or \ to validate-click a uniquely matched mouse target for 鼠标按钮验证点击
[2026-04-26 23:26:41.674][17284][INFO] [Lua] Press F6 to print current player coordinates
[2026-04-26 23:26:41.674][17284][INFO] [Lua] Press F7 to print current player position and nearby portals
[2026-04-26 23:26:41.674][17284][INFO] [Lua] Press F8 to print current mouse client coordinates
[2026-04-26 23:26:41.675][17284][INFO] [Lua] Press F9 to run read-only Data API diagnostics
[2026-04-26 23:26:41.675][17284][INFO] [Lua] Press Ctrl+F12 to exit
[2026-04-26 23:26:41.675][17284][INFO] [Lua] Waiting for torchlight API/game init...
[2026-04-26 23:26:41.991][17284][DEBUG] DriverMode: InitRemoteCallEx PID=13440, Deployee=0x26D0A0C0300
[2026-04-26 23:26:41.991][17284][INFO] [Lua] Torch API initialized
[2026-04-26 23:26:41.991][17284][INFO] [Lua] Current pos: 739.00, -1993.00, 3092.00
[2026-04-26 23:26:43.610][17284][DEBUG] Task 6 (AvePointLevelingNavWorker) created
[2026-04-26 23:26:43.611][17284][DEBUG] LuaVM: cffi module registered
[2026-04-26 23:26:43.611][17284][DEBUG] LuaVM: LuaSocket modules registered (socket.core, mime.core)
[2026-04-26 23:26:43.611][17284][DEBUG] LuaVM: State created successfully
[2026-04-26 23:26:43.611][17284][DEBUG] ImGuiLua: Module registered as 'imgui'
[2026-04-26 23:26:43.611][17284][DEBUG] Registered all Lua API modules
[2026-04-26 23:26:43.612][17284][INFO] [Lua] [Leveling] nav worker started | task_id=6 share=avepoint_leveling_nav_1777217203606_5
[2026-04-26 23:26:43.612][17284][INFO] [Lua] [Leveling] navigation mode | async nav worker path-route follow | task_move_interval=1200ms task_pos_interval=900ms
[2026-04-26 23:26:43.612][8408][INFO] Task 6 (AvePointLevelingNavWorker) started
[2026-04-26 23:26:43.612][17284][INFO] [Lua] [Leveling] runner started | mode=2 quest button -> task path -> NPC dialogue
[2026-04-26 23:26:43.612][17284][INFO] [Lua] [Leveling] logic: click main task button, fetch task path, MoveTo target, confirm nearby NPC, press D, then continue
[2026-04-26 23:26:43.612][17284][INFO] [Lua] [Leveling] startup boss combat window armed | window=10000ms
[2026-04-26 23:26:43.613][17284][INFO] [Lua] [Leveling] startup state resolve armed | window=3000ms
[2026-04-26 23:26:43.613][17284][INFO] [Lua] [Leveling] map runtime detection | enabled=false
[2026-04-26 23:26:43.613][17284][INFO] [Lua] AvePoint automation started | mode=练级(2)
[2026-04-26 23:26:43.613][17284][INFO] [Lua] [Leveling] IsMainInterface=false but player position is available, continue leveling.
[2026-04-26 23:26:43.899][17284][INFO] [Lua] [Leveling] task name candidates | map= button_text= related_text= anchor=(94.04,224.16)
[2026-04-26 23:26:43.900][17284][INFO] [Lua] [Leveling] current task updated | task=主线 圣诫之末 source=nearby_text anchor=(94.04,224.16)
[2026-04-26 23:26:43.900][17284][INFO] [Lua] [Leveling] main task call begin | stage=bootstrap task=圣诫之末 detail= mode=hard_refresh queries=圣诫之末 -> 主线 圣诫之末 -> 主线
[2026-04-26 23:26:44.187][17284][WARN] [Lua] [Leveling] TaskBtn locator unavailable for main task call: locator matched no current button. include=taskitem_c.widgettree.taskbtn hint=(94.039993,224.160004) max_distance=120.0 related= related_miss=0
[2026-04-26 23:26:44.772][18612][DEBUG] HttpClient: Response 200 OK
[2026-04-26 23:26:45.330][17284][INFO] [Lua] [Leveling] main task panel queries missed, fallback to TaskBtn hint lookup | stage=bootstrap task=圣诫之末 detail=
[2026-04-26 23:26:46.263][17284][INFO] [Lua] [Leveling] main task button nearby-text click fallback hit | mode=window_post_click text=主线 圣诫之末 text_pos=(123.12,232.76) click_pos=(95.04,229.16)
[2026-04-26 23:26:46.547][17284][INFO] [Lua] [Leveling] task_pos reject armed after main task click | reason=startup_main_task_reacquire reject_ms=8500
[2026-04-26 23:26:46.548][17284][INFO] [Lua] [Leveling] main task panel entry clicked | query=nearby_text:window_click task=圣诫之末 detail= mode=hard_refresh raw=主线 圣诫之末 kind=主线 addr= pos=(95.04,229.16)
[2026-04-26 23:26:46.548][17284][INFO] [Lua] [Leveling] navigation hold | reason=wait_task_path_after_button
[2026-04-26 23:26:46.548][17284][INFO] [Lua] [Leveling] startup main task called before any objective/follow logic | task=圣诫之末 detail= window_left=2993ms
[2026-04-26 23:26:46.548][17284][INFO] [Lua] [Leveling] heartbeat | stage=wait_task_path_after_button tick=1 pos=739.00, -1993.00, 3092.00 target=nil path_points=0
[2026-04-26 23:26:46.591][17284][INFO] [Lua] [Leveling] nav worker status | paused
[2026-04-26 23:26:46.592][17284][WARN] [Lua] [Leveling] main task data unavailable after task button click. path_err=GetMainTaskPath returned no usable points. pos_err=GetMainTaskPos returned zero coordinates.
[2026-04-26 23:26:46.592][17284][INFO] [Lua] [Leveling] exec trace | stage=wait_task_path_after_button reason=waiting_task_path_after_button task=圣诫之末 detail= pos=739.00, -1993.00, 3092.00 target_source= target=nil destination=nil goal_distance=nil objective_mode=
[2026-04-26 23:26:46.699][17284][INFO] [Lua] [Leveling] IsMainInterface=false but player position is available, continue leveling.
[2026-04-26 23:26:46.985][17284][INFO] [Lua] [Leveling] task name candidates | map= button_text= related_text= anchor=(94.04,224.16)
[2026-04-26 23:26:46.986][17284][INFO] [Lua] [Leveling] global task portal suppressed during startup/task reacquire | stage=wait_task_path_after_button has_target=false startup_resolving=false
[2026-04-26 23:26:47.278][17284][INFO] [Lua] [Leveling] guide skip button not visible: Nearby button not found.
[2026-04-26 23:26:47.278][17284][INFO] [Lua] [Leveling] exec trace | stage=wait_task reason=no_task_target_wait task=圣诫之末 detail= pos=739.00, -1993.00, 3092.00 target_source= target=nil destination=nil goal_distance=nil objective_mode=
[2026-04-26 23:26:47.278][17284][INFO] [Lua] [Leveling] navigation hold | reason=wait_task
[2026-04-26 23:26:47.278][17284][INFO] [Lua] [Leveling] heartbeat | stage=wait_task tick=3 pos=739.00, -1993.00, 3092.00 target=nil path_points=0
[2026-04-26 23:26:48.268][17284][INFO] [Lua] [Leveling] exec trace | stage=click_task_button reason=click_task_button task=圣诫之末 detail= pos=739.00, -1993.00, 3092.00 target_source= target=nil destination=nil goal_distance=nil objective_mode=
[2026-04-26 23:26:48.268][17284][INFO] [Lua] [Leveling] main task call begin | stage=click_task_button task=圣诫之末 detail= mode=hard_refresh queries=圣诫之末 -> 主线 圣诫之末 -> 主线
[2026-04-26 23:26:48.557][17284][WARN] [Lua] [Leveling] TaskBtn locator unavailable for main task call: locator matched no current button. include=taskitem_c.widgettree.taskbtn hint=(94.039993,224.160004) max_distance=120.0 related= related_miss=0
[2026-04-26 23:26:49.723][17284][INFO] [Lua] [Leveling] main task panel queries missed, fallback to TaskBtn hint lookup | stage=click_task_button task=圣诫之末 detail=
[2026-04-26 23:26:50.667][17284][INFO] [Lua] [Leveling] main task button nearby-text click fallback hit | mode=window_post_click text=主线 圣诫之末 text_pos=(123.12,232.76) click_pos=(95.04,229.16)
[2026-04-26 23:26:50.957][17284][INFO] [Lua] [Leveling] task name candidates | map= button_text=主线 圣诫之末 related_text=主线 圣诫之末 anchor=(95.04,229.16)
[2026-04-26 23:26:50.957][17284][INFO] [Lua] [Leveling] main task panel entry clicked | query=nearby_text:window_click task=圣诫之末 detail= mode=hard_refresh raw=主线 圣诫之末 kind=主线 addr= pos=(95.04,229.16)
[2026-04-26 23:26:50.957][17284][INFO] [Lua] [Leveling] exec trace | stage=wait_task_path_after_button reason=waiting_task_path_after_button task=圣诫之末 detail= pos=739.00, -1993.00, 3092.00 target_source= target=nil destination=nil goal_distance=nil objective_mode=
[2026-04-26 23:26:50.957][17284][INFO] [Lua] [Leveling] navigation hold | reason=wait_task_path_after_button
[2026-04-26 23:26:50.995][17284][INFO] [Lua] [Leveling] IsMainInterface=false but player position is available, continue leveling.
[2026-04-26 23:26:50.995][17284][WARN] [Lua] [Leveling] main task data unavailable after task button click. path_err=GetMainTaskPath returned no usable points. pos_err=GetMainTaskPos returned zero coordinates.
[2026-04-26 23:26:50.995][17284][INFO] [Lua] [Leveling] exec trace | stage=wait_task_path_after_button reason=waiting_task_path_after_button task=圣诫之末 detail= pos=739.00, -1993.00, 3092.00 target_source= target=nil destination=nil goal_distance=nil objective_mode=
[2026-04-26 23:26:50.996][17284][INFO] [Lua] [Leveling] heartbeat | stage=wait_task_path_after_button tick=7 pos=739.00, -1993.00, 3092.00 target=nil path_points=0
[2026-04-26 23:26:51.392][17284][INFO] [Lua] [Leveling] global task portal suppressed during startup/task reacquire | stage=wait_task_path_after_button has_target=false startup_resolving=false
[2026-04-26 23:26:51.687][17284][INFO] [Lua] [Leveling] guide skip button not visible: Nearby button not found.
[2026-04-26 23:26:51.687][17284][INFO] [Lua] [Leveling] exec trace | stage=wait_task reason=no_task_target_wait task=圣诫之末 detail= pos=739.00, -1993.00, 3092.00 target_source= target=nil destination=nil goal_distance=nil objective_mode=
[2026-04-26 23:26:51.688][17284][INFO] [Lua] [Leveling] navigation hold | reason=wait_task
[2026-04-26 23:26:52.972][17284][INFO] [Lua] [Leveling] exec trace | stage=wait_task reason=no_task_target_wait task=圣诫之末 detail= pos=739.00, -1993.00, 3092.00 target_source= target=nil destination=nil goal_distance=nil objective_mode=
[2026-04-26 23:26:53.018][17284][INFO] [Lua] [Leveling] exec trace | stage=click_task_button reason=click_task_button task=圣诫之末 detail= pos=739.00, -1993.00, 3092.00 target_source= target=nil destination=nil goal_distance=nil objective_mode=
[2026-04-26 23:26:53.018][17284][INFO] [Lua] [Leveling] main task call begin | stage=click_task_button task=圣诫之末 detail= mode=hard_refresh queries=圣诫之末 -> 主线 圣诫之末 -> 主线
[2026-04-26 23:26:54.197][17284][DEBUG] DriverMode: ExecRemoteCall func=0x7FF7759C2150, ret=140700886198976
[2026-04-26 23:26:54.197][17284][INFO] [Lua] [Leveling] main task button clicked via F12 TaskBtn locator | addr=2668009689568 fullname= pos=(95.04,282.80) locator_hint=(94.04,224.16) related=
[2026-04-26 23:26:54.516][17284][INFO] [Lua] [Leveling] task name candidates | map= button_text=圣诫之末 related_text=圣诫之末 anchor=(95.04,282.80)
[2026-04-26 23:26:54.516][17284][INFO] [Lua] [Leveling] current task updated | task=圣诫之末 source=button anchor=(95.04,282.80)
[2026-04-26 23:26:54.516][17284][INFO] [Lua] [Leveling] main task panel entry clicked | query=f12_taskbtn_locator task=圣诫之末 detail= mode=hard_refresh raw=圣诫之末 kind=主线 addr=2668009689568 pos=(95.04,282.80)
[2026-04-26 23:26:54.517][17284][INFO] [Lua] [Leveling] exec trace | stage=wait_task_path_after_button reason=waiting_task_path_after_button task=圣诫之末 detail= pos=739.00, -1993.00, 3092.00 target_source= target=nil destination=nil goal_distance=nil objective_mode=
[2026-04-26 23:26:54.517][17284][INFO] [Lua] [Leveling] navigation hold | reason=wait_task_path_after_button
[2026-04-26 23:26:54.557][17284][INFO] [Lua] [Leveling] IsMainInterface=false but player position is available, continue leveling.
[2026-04-26 23:26:54.559][17284][INFO] [Lua] [Leveling] task path snapshot adopted | points=11 raw_points=11 mode=raw_worker signature=11|2245.0|-3609.0|870.0|-2145.9
[2026-04-26 23:26:54.560][17284][INFO] [Lua] [Leveling] task path route selected | signature=11|2245.0|-3609.0|870.0|-2145.9 player=739.00, -1993.00 direction=reverse route_index=5 nearest_index=11 nearest_distance=201.32 selected=1631.33, -3038.53, 3214.00 nearest=869.96, -2145.91, 3093.00 first=2245.00, -3609.00, 3249.00 last=869.96, -2145.91, 3093.00 points=11
[2026-04-26 23:26:54.560][17284][INFO] [Lua] [Leveling] task target updated | source=task_path path_index=5 nearest_index=11 nearest_distance=201.32 order=reverse path_points=11 target=1631.33, -3038.53, 3214.00
[2026-04-26 23:26:54.561][17284][INFO] [Lua] [Leveling] global task portal suppressed during startup/task reacquire | stage=wait_task_path_after_button has_target=true startup_resolving=false
[2026-04-26 23:26:54.563][17284][INFO] [Lua] [Leveling] exec trace | stage=follow_task reason=follow_task_move task=圣诫之末 detail= pos=739.00, -1993.00, 3092.00 target_source=task_path target=1631.33, -3038.53, 3214.00 destination=2245.00, -3609.00, 3100.00 goal_distance=2208.96 objective_mode=
[2026-04-26 23:26:54.563][17284][INFO] [Lua] [Leveling] nav worker path route armed | source=task_path range=1-11/11 points=11 mode=full_remaining direction=reverse interval_ms=1200 arrive_distance=120.00 stuck_skip_ms=10000 version=1 target_route=5 target_path=5 nearest=11 current_distance=1374.55 target=1631.33, -3038.53 first=2245.00, -3609.00 last=869.96, -2145.91 signature=11|2245.0|-3609.0|870.0|-2145.9
[2026-04-26 23:26:54.563][17284][INFO] [Lua] [Leveling] nearby monsters detected | count=1 total=1 nearest= player_distance=540.65
[2026-04-26 23:26:54.616][17284][INFO] [Lua] [Leveling] combat pulse issued | reason=nearby_monster mode=driver_click mouse_mode=mouse_post_click hold_ms=120 cooldown_ms=550
[2026-04-26 23:26:54.616][17284][INFO] [Lua] [Leveling] heartbeat | stage=follow_task tick=13 pos=739.00, -1993.00, 3092.00 target=1631.33, -3038.53 path_points=11
[2026-04-26 23:26:54.680][17284][INFO] [Lua] [Leveling] global task portal suppressed; portal is not near current main task target | reason=target_distance 1374.55 > 1100.00 stage=follow_task task=圣诫之末 detail= target_distance=1374.55 goal_distance=2208.96
[2026-04-26 23:26:54.680][17284][INFO] [Lua] [Leveling] nav worker path route keep | source=task_path window=1-11/11 direction=reverse target_route=5 target_path=5 nearest=11 current_distance=1374.55 arrive_distance=120.00 target=1631.33, -3038.53 first=2245.00, -3609.00 last=869.96, -2145.91 worker_status=paused worker_version=1
[2026-04-26 23:26:54.680][17284][INFO] [Lua] [Leveling] nearby monster pulse deferred | nearest_distance=540.65 count=1 reason=combat cooldown.
[2026-04-26 23:26:54.898][8408][DEBUG] DriverMode: InitRemoteCallEx PID=13440, Deployee=0x26D26080300
[2026-04-26 23:26:54.930][8408][DEBUG] DriverMode: ExecRemoteCall func=0x7FF7761AB710, ret=889514879184
[2026-04-26 23:26:54.930][17284][INFO] [Lua] [Leveling] nav worker status | path_route
[2026-04-26 23:26:54.931][17284][INFO] [Lua] [Leveling] MoveTo issued | target=869.96, -2145.91 source=task_path_route path_index=11 interval_ms=1200 via=nav_worker worker_mode=path_route route_index=11/11 route_dir=-1 route_distance=201.32 route_point=869.96, -2145.91 original_index=11
[2026-04-26 23:26:55.039][17284][INFO] [Lua] [Leveling] exec trace | stage=follow_task reason=follow_task_move task=圣诫之末 detail= pos=780.36, -2041.36, 3092.00 target_source=task_path target=1631.33, -3038.53, 3214.00 destination=2245.00, -3609.00, 3100.00 goal_distance=2145.38 objective_mode=
[2026-04-26 23:26:55.101][8408][DEBUG] DriverMode: ExecRemoteCall func=0x7FF7761AB710, ret=889514879184
[2026-04-26 23:26:55.163][17284][INFO] [Lua] [Leveling] exec trace | stage=follow_task reason=follow_task_move task=圣诫之末 detail= pos=844.63, -2116.49, 3092.00 target_source=task_path target=1631.33, -3038.53, 3214.00 destination=2245.00, -3609.00, 3100.00 goal_distance=2046.62 objective_mode=
[2026-04-26 23:26:55.291][17284][INFO] [Lua] [Leveling] exec trace | stage=follow_task reason=follow_task_move task=圣诫之末 detail= pos=912.24, -2195.48, 3094.61 target_source=task_path target=1631.33, -3038.53, 3214.00 destination=2245.00, -3609.00, 3100.00 goal_distance=1942.75 objective_mode=
[2026-04-26 23:26:55.366][8408][DEBUG] DriverMode: ExecRemoteCall func=0x7FF7761AB710, ret=889514879184
[2026-04-26 23:26:55.398][17284][INFO] [Lua] [Leveling] task path route selected | signature=11|2245.0|-3609.0|870.0|-2145.9 player=968.17, -2260.81 direction=reverse route_index=5 nearest_index=10 nearest_distance=50.17 selected=1631.33, -3038.53, 3214.00 nearest=1000.92, -2298.82, 3098.00 first=2245.00, -3609.00, 3249.00 last=869.96, -2145.91, 3093.00 points=11
[2026-04-26 23:26:55.399][17284][INFO] [Lua] [Leveling] exec trace | stage=follow_task reason=follow_task_move task=圣诫之末 detail= pos=968.17, -2260.81, 3096.83 target_source=task_path target=1631.33, -3038.53, 3214.00 destination=2245.00, -3609.00, 3100.00 goal_distance=1856.86 objective_mode=
[2026-04-26 23:26:55.631][8408][DEBUG] DriverMode: ExecRemoteCall func=0x7FF7761AB710, ret=889514879184
[2026-04-26 23:26:55.850][8408][DEBUG] DriverMode: ExecRemoteCall func=0x7FF7761AB710, ret=889514879184
[2026-04-26 23:26:56.113][8408][DEBUG] DriverMode: ExecRemoteCall func=0x7FF7761AB710, ret=889514879184
[2026-04-26 23:26:56.131][17284][INFO] [Lua] [Leveling] global task portal button not visible: Nearby button not found.
[2026-04-26 23:26:56.132][17284][INFO] [Lua] [Leveling] exec trace | stage=follow_task reason=follow_task_move task=圣诫之末 detail= pos=1025.53, -2327.81, 3099.42 target_source=task_path target=1631.33, -3038.53, 3214.00 destination=2245.00, -3609.00, 3100.00 goal_distance=1768.77 objective_mode=
[2026-04-26 23:26:56.177][17284][INFO] [Lua] [Leveling] task path route selected | signature=11|2245.0|-3609.0|870.0|-2145.9 player=1378.88, -2741.70 direction=reverse route_index=5 nearest_index=7 nearest_distance=10.17 selected=1631.33, -3038.53, 3214.00 nearest=1385.67, -2749.27, 3157.00 first=2245.00, -3609.00, 3249.00 last=869.96, -2145.91, 3093.00 points=11
[2026-04-26 23:26:56.179][17284][INFO] [Lua] [Leveling] exec trace | stage=follow_task reason=follow_task_move task=圣诫之末 detail= pos=1378.88, -2741.70, 3156.32 target_source=task_path target=1631.33, -3038.53, 3214.00 destination=2245.00, -3609.00, 3100.00 goal_distance=1225.72 objective_mode=
[2026-04-26 23:26:56.179][17284][INFO] [Lua] [Leveling] monster scan found no nearby target: No nearby monster around player. total=1 nearest= nearest_player_distance=860.21 destination=2245.00, -3609.00 source=task_pos
[2026-04-26 23:26:56.285][17284][INFO] [Lua] [Leveling] exec trace | stage=follow_task reason=follow_task_move task=圣诫之末 detail= pos=1437.93, -2810.90, 3175.25 target_source=task_path target=1631.33, -3038.53, 3214.00 destination=2245.00, -3609.00, 3100.00 goal_distance=1135.04 objective_mode=
[2026-04-26 23:26:56.286][17284][INFO] [Lua] [Leveling] nav worker path route keep | source=task_path window=1-11/11 direction=reverse target_route=5 target_path=5 nearest=7 current_distance=298.70 arrive_distance=120.00 target=1631.33, -3038.53 first=2245.00, -3609.00 last=869.96, -2145.91 worker_status=path_route worker_version=1
[2026-04-26 23:26:56.331][8408][DEBUG] DriverMode: ExecRemoteCall func=0x7FF7761AB710, ret=889514879184
[2026-04-26 23:26:56.395][17284][INFO] [Lua] [Leveling] task path route selected | signature=11|2245.0|-3609.0|870.0|-2145.9 player=1495.60, -2878.57 direction=reverse route_index=5 nearest_index=6 nearest_distance=20.04 selected=1631.33, -3038.53, 3214.00 nearest=1508.50, -2893.90, 3190.00 first=2245.00, -3609.00, 3249.00 last=869.96, -2145.91, 3093.00 points=11
[2026-04-26 23:26:56.395][17284][INFO] [Lua] [Leveling] exec trace | stage=follow_task reason=follow_task_move task=圣诫之末 detail= pos=1495.60, -2878.57, 3189.06 target_source=task_path target=1631.33, -3038.53, 3214.00 destination=2245.00, -3609.00, 3100.00 goal_distance=1046.49 objective_mode=
[2026-04-26 23:26:56.506][17284][INFO] [Lua] [Leveling] exec trace | stage=follow_task reason=follow_task_move task=圣诫之末 detail= pos=1553.44, -2946.68, 3201.97 target_source=task_path target=1631.33, -3038.53, 3214.00 destination=2245.00, -3609.00, 3100.00 goal_distance=957.56 objective_mode=
[2026-04-26 23:26:56.551][8408][DEBUG] DriverMode: ExecRemoteCall func=0x7FF7761AB710, ret=889514879184
[2026-04-26 23:26:56.613][17284][INFO] [Lua] [Leveling] MoveTo issued | target=1754.17, -3183.17 source=task_path_route path_index=4 interval_ms=1200 via=nav_worker worker_mode=path_route route_index=4/11 route_dir=-1 route_distance=235.65 route_point=1754.17, -3183.17 original_index=4
[2026-04-26 23:26:56.618][17284][INFO] [Lua] [Leveling] task path route selected | signature=11|2245.0|-3609.0|870.0|-2145.9 player=1610.35, -3013.72 direction=reverse route_index=5 nearest_index=5 nearest_distance=32.50 selected=1631.33, -3038.53, 3214.00 nearest=1631.33, -3038.53, 3214.00 first=2245.00, -3609.00, 3249.00 last=869.96, -2145.91, 3093.00 points=11
[2026-04-26 23:26:56.618][17284][INFO] [Lua] [Leveling] task target updated | source=task_path path_index=4 nearest_index=5 nearest_distance=32.50 order=reverse path_points=11 target=1754.17, -3183.17, 3229.00
[2026-04-26 23:26:56.618][17284][INFO] [Lua] [Leveling] exec trace | stage=follow_task reason=follow_task_move task=圣诫之末 detail= pos=1610.35, -3013.72, 3213.38 target_source=task_path target=1754.17, -3183.17, 3229.00 destination=2245.00, -3609.00, 3100.00 goal_distance=870.14 objective_mode=
[2026-04-26 23:26:56.723][17284][INFO] [Lua] [Leveling] task path route selected | signature=11|2245.0|-3609.0|870.0|-2145.9 player=1666.96, -3080.42 direction=reverse route_index=4 nearest_index=5 nearest_distance=54.99 selected=1754.17, -3183.17, 3229.00 nearest=1631.33, -3038.53, 3214.00 first=2245.00, -3609.00, 3249.00 last=869.96, -2145.91, 3093.00 points=11
[2026-04-26 23:26:56.723][17284][INFO] [Lua] [Leveling] exec trace | stage=follow_task reason=follow_task_move task=圣诫之末 detail= pos=1666.96, -3080.42, 3220.41 target_source=task_path target=1754.17, -3183.17, 3229.00 destination=2245.00, -3609.00, 3100.00 goal_distance=783.28 objective_mode=
[2026-04-26 23:26:56.814][8408][DEBUG] DriverMode: ExecRemoteCall func=0x7FF7761AB710, ret=889514879184
[2026-04-26 23:26:56.830][17284][INFO] [Lua] [Leveling] task path route selected | signature=11|2245.0|-3609.0|870.0|-2145.9 player=1723.33, -3146.85 direction=reverse route_index=4 nearest_index=4 nearest_distance=47.64 selected=1754.17, -3183.17, 3229.00 nearest=1754.17, -3183.17, 3229.00 first=2245.00, -3609.00, 3249.00 last=869.96, -2145.91, 3093.00 points=11
[2026-04-26 23:26:56.830][17284][INFO] [Lua] [Leveling] task target updated | source=task_path path_index=3 nearest_index=4 nearest_distance=47.64 order=reverse path_points=11 target=1918.33, -3356.33, 3253.00
[2026-04-26 23:26:56.832][17284][INFO] [Lua] [Leveling] exec trace | stage=follow_task reason=follow_task_move task=圣诫之末 detail= pos=1723.33, -3146.85, 3226.73 target_source=task_path target=1918.33, -3356.33, 3253.00 destination=2245.00, -3609.00, 3100.00 goal_distance=696.94 objective_mode=
[2026-04-26 23:26:56.939][17284][INFO] [Lua] [Leveling] task path route selected | signature=11|2245.0|-3609.0|870.0|-2145.9 player=1782.15, -3211.45 direction=reverse route_index=3 nearest_index=4 nearest_distance=39.79 selected=1918.33, -3356.33, 3253.00 nearest=1754.17, -3183.17, 3229.00 first=2245.00, -3609.00, 3249.00 last=869.96, -2145.91, 3093.00 points=11
[2026-04-26 23:26:56.939][17284][INFO] [Lua] [Leveling] exec trace | stage=follow_task reason=follow_task_move task=圣诫之末 detail= pos=1782.15, -3211.45, 3233.26 target_source=task_path target=1918.33, -3356.33, 3253.00 destination=2245.00, -3609.00, 3100.00 goal_distance=610.14 objective_mode=
[2026-04-26 23:26:57.062][17284][INFO] [Lua] [Leveling] task path route selected | signature=11|2245.0|-3609.0|870.0|-2145.9 player=1852.42, -3286.22 direction=reverse route_index=3 nearest_index=3 nearest_distance=96.23 selected=1918.33, -3356.33, 3253.00 nearest=1918.33, -3356.33, 3253.00 first=2245.00, -3609.00, 3249.00 last=869.96, -2145.91, 3093.00 points=11
[2026-04-26 23:26:57.063][17284][INFO] [Lua] [Leveling] task target updated | source=task_path path_index=2 nearest_index=3 nearest_distance=96.23 order=reverse path_points=11 target=2082.50, -3529.50, 3251.00
[2026-04-26 23:26:57.063][17284][INFO] [Lua] [Leveling] exec trace | stage=follow_task reason=follow_task_move task=圣诫之末 detail= pos=1852.42, -3286.22, 3242.01 target_source=task_path target=2082.50, -3529.50, 3251.00 destination=2245.00, -3609.00, 3100.00 goal_distance=508.23 objective_mode=
[2026-04-26 23:26:57.077][8408][DEBUG] DriverMode: ExecRemoteCall func=0x7FF7761AB710, ret=889514879184
[2026-04-26 23:26:57.170][17284][INFO] [Lua] [Leveling] task path route selected | signature=11|2245.0|-3609.0|870.0|-2145.9 player=1912.53, -3350.00 direction=reverse route_index=2 nearest_index=3 nearest_distance=8.59 selected=2082.50, -3529.50, 3251.00 nearest=1918.33, -3356.33, 3253.00 first=2245.00, -3609.00, 3249.00 last=869.96, -2145.91, 3093.00 points=11
[2026-04-26 23:26:57.171][17284][INFO] [Lua] [Leveling] exec trace | stage=follow_task reason=follow_task_move task=圣诫之末 detail= pos=1912.53, -3350.00, 3251.86 target_source=task_path target=2082.50, -3529.50, 3251.00 destination=2245.00, -3609.00, 3100.00 goal_distance=421.44 objective_mode=
[2026-04-26 23:26:57.387][8408][DEBUG] DriverMode: ExecRemoteCall func=0x7FF7761AB710, ret=889514879184
[2026-04-26 23:26:57.848][17284][INFO] [Lua] [Leveling] exec trace | stage=follow_task reason=follow_task_move task=圣诫之末 detail= pos=1972.67, -3413.52, 3255.47 target_source=task_path target=2082.50, -3529.50, 3251.00 destination=2245.00, -3609.00, 3100.00 goal_distance=335.22 objective_mode=
[2026-04-26 23:26:57.848][17284][INFO] [Lua] [Leveling] nav worker path route keep | source=task_path window=1-11/11 direction=reverse target_route=2 target_path=2 nearest=3 current_distance=159.73 arrive_distance=120.00 target=2082.50, -3529.50 first=2245.00, -3609.00 last=869.96, -2145.91 worker_status=path_route worker_version=1
[2026-04-26 23:26:57.888][17284][INFO] [Lua] [Leveling] IsMainInterface=false but player position is available, continue leveling.
[2026-04-26 23:26:57.888][17284][INFO] [Lua] [Leveling] task path route selected | signature=11|2245.0|-3609.0|870.0|-2145.9 player=2130.91, -3538.60 direction=reverse route_index=2 nearest_index=2 nearest_distance=49.26 selected=2082.50, -3529.50, 3251.00 nearest=2082.50, -3529.50, 3251.00 first=2245.00, -3609.00, 3249.00 last=869.96, -2145.91, 3093.00 points=11
[2026-04-26 23:26:57.888][17284][INFO] [Lua] [Leveling] task target updated | source=task_path path_index=1 nearest_index=2 nearest_distance=49.26 order=reverse path_points=11 target=2245.00, -3609.00, 3249.00
[2026-04-26 23:26:57.890][17284][INFO] [Lua] [Leveling] exec trace | stage=follow_task reason=goal_distance_ready_task_reached task=圣诫之末 detail= pos=2130.91, -3538.60, 3250.42 target_source=task_path target=2245.00, -3609.00, 3249.00 destination=2245.00, -3609.00, 3100.00 goal_distance=134.06 objective_mode=
[2026-04-26 23:26:57.890][17284][INFO] [Lua] [Leveling] task reached evaluate | map= task=圣诫之末 detail= task_cfg_source= source=task_pos goal_distance=134.06 destination_distance=134.06 objective_source=none objective_key= objective_mode= force_boss=false sticky_boss=false skip_direct_interact=false
[2026-04-26 23:26:58.177][17284][INFO] [Lua] [Leveling] task name candidates | map= button_text= related_text= anchor=(94.04,224.16)
[2026-04-26 23:26:58.177][17284][INFO] [Lua] [Leveling] current task updated | task=主线 圣诫之末 source=nearby_text anchor=(94.04,224.16)
[2026-04-26 23:26:58.472][17284][INFO] [Lua] [Leveling] guide skip button not visible: Nearby button not found.
[2026-04-26 23:26:58.592][8408][DEBUG] DriverMode: ExecRemoteCall func=0x7FF7761AB710, ret=889514879184
[2026-04-26 23:26:59.801][8408][DEBUG] DriverMode: ExecRemoteCall func=0x7FF7761AB710, ret=889514879184
[2026-04-26 23:27:01.003][8408][DEBUG] DriverMode: ExecRemoteCall func=0x7FF7761AB710, ret=889514879184
[2026-04-26 23:27:01.067][17284][WARN] [Lua] Distance-first target miss [交互中按钮]; fallback to generic match: Distance target not found [交互中按钮]. anchor_text=交互中 button_name=UIButton Transient.GameEngine.CoreGameInstance.FightInteractiveView_C.WidgetTree.FunctionBtn
[2026-04-26 23:27:01.649][17284][WARN] [Lua] Distance-first target miss [阿瑞娅按钮]; fallback to generic match: Distance target not found [阿瑞娅按钮]. anchor_text=阿瑞娅 button_name=UIButton Transient.GameEngine.CoreGameInstance.FightInteractiveView_C.WidgetTree.PortalBtn
[2026-04-26 23:27:02.213][8408][DEBUG] DriverMode: ExecRemoteCall func=0x7FF7761AB710, ret=889514879184
[2026-04-26 23:27:02.254][17284][INFO] [Lua] [Leveling] nav worker target published | target=2245.00, -3609.00 source=task_pos_precise path_index=0 interval_ms=900
[2026-04-26 23:27:02.254][17284][INFO] [Lua] [Leveling] objective not close enough for interaction, continue exact approach | distance=134.06 source=task_pos pulse=scan_miss
[2026-04-26 23:27:02.254][17284][INFO] [Lua] [Leveling] heartbeat | stage=approach_task_objective tick=33 pos=2130.91, -3538.60, 3250.42 target=2245.00, -3609.00 path_points=11
[2026-04-26 23:27:02.292][17284][INFO] [Lua] [Leveling] nav worker status | running
[2026-04-26 23:27:02.293][17284][INFO] [Lua] [Leveling] MoveTo issued | target=2245.00, -3609.00 source=task_pos_precise path_index=0 interval_ms=900 via=nav_worker worker_mode=path_route route_index=1/11 route_dir=-1 route_distance=257.74 route_point=2245.00, -3609.00 original_index=1
[2026-04-26 23:27:02.293][17284][INFO] [Lua] [Leveling] IsMainInterface=false but player position is available, continue leveling.
[2026-04-26 23:27:02.294][17284][INFO] [Lua] [Leveling] task path route selected | signature=11|2245.0|-3609.0|870.0|-2145.9 player=2040.43, -3593.00 direction=reverse route_index=1 nearest_index=2 nearest_distance=76.17 selected=2245.00, -3609.00, 3249.00 nearest=2082.50, -3529.50, 3251.00 first=2245.00, -3609.00, 3249.00 last=869.96, -2145.91, 3093.00 points=11
[2026-04-26 23:27:02.867][17284][INFO] [Lua] [Leveling] global task portal button not visible: Nearby button not found.
[2026-04-26 23:27:02.868][17284][INFO] [Lua] [Leveling] exec trace | stage=follow_task reason=follow_task_move task=圣诫之末 detail= pos=2040.43, -3593.00, 3250.10 target_source=task_path target=2245.00, -3609.00, 3249.00 destination=2245.00, -3609.00, 3100.00 goal_distance=205.20 objective_mode=
[2026-04-26 23:27:02.869][17284][INFO] [Lua] [Leveling] nav worker path route keep | source=task_path window=1-11/11 direction=reverse target_route=1 target_path=1 nearest=2 current_distance=205.20 arrive_distance=120.00 target=2245.00, -3609.00 first=2245.00, -3609.00 last=869.96, -2145.91 worker_status=running worker_version=1
[2026-04-26 23:27:02.869][17284][INFO] [Lua] [Leveling] monster scan found no nearby target: No nearby monster around player. total=1 nearest= nearest_player_distance=1845.32 destination=2245.00, -3609.00 source=task_pos
[2026-04-26 23:27:02.869][17284][INFO] [Lua] [Leveling] heartbeat | stage=follow_task tick=34 pos=2040.43, -3593.00, 3250.10 target=2245.00, -3609.00 path_points=11
[2026-04-26 23:27:02.900][8408][DEBUG] DriverMode: ExecRemoteCall func=0x7FF7761AB710, ret=889514879184
[2026-04-26 23:27:02.901][17284][INFO] [Lua] [Leveling] nav worker status | path_route
[2026-04-26 23:27:02.903][17284][INFO] [Lua] [Leveling] exec trace | stage=follow_task reason=goal_distance_ready_task_reached task=圣诫之末 detail= pos=2114.77, -3566.19, 3249.56 target_source=task_path target=2245.00, -3609.00, 3249.00 destination=2245.00, -3609.00, 3100.00 goal_distance=137.09 objective_mode=
[2026-04-26 23:27:02.903][17284][INFO] [Lua] [Leveling] task reached evaluate | map= task=主线 圣诫之末 detail= task_cfg_source= source=task_pos goal_distance=137.09 destination_distance=137.09 objective_source=none objective_key= objective_mode= force_boss=false sticky_boss=false skip_direct_interact=false
[2026-04-26 23:27:03.193][17284][INFO] [Lua] [Leveling] task name candidates | map= button_text= related_text= anchor=(94.04,224.16)
[2026-04-26 23:27:03.482][17284][INFO] [Lua] [Leveling] guide skip button not visible: Nearby button not found.
[2026-04-26 23:27:04.104][8408][DEBUG] DriverMode: ExecRemoteCall func=0x7FF7761AB710, ret=889514879184
[2026-04-26 23:27:05.314][8408][DEBUG] DriverMode: ExecRemoteCall func=0x7FF7761AB710, ret=889514879184
[2026-04-26 23:27:06.152][17284][WARN] [Lua] Distance-first target miss [交互中按钮]; fallback to generic match: Distance target not found [交互中按钮]. anchor_text=交互中 button_name=UIButton Transient.GameEngine.CoreGameInstance.FightInteractiveView_C.WidgetTree.FunctionBtn
[2026-04-26 23:27:06.523][8408][DEBUG] DriverMode: ExecRemoteCall func=0x7FF7761AB710, ret=889514879184
[2026-04-26 23:27:06.770][17284][WARN] [Lua] Distance-first target miss [阿瑞娅按钮]; fallback to generic match: Distance target not found [阿瑞娅按钮]. anchor_text=阿瑞娅 button_name=UIButton Transient.GameEngine.CoreGameInstance.FightInteractiveView_C.WidgetTree.PortalBtn
[2026-04-26 23:27:07.397][17284][INFO] [Lua] [Leveling] objective not close enough for interaction, continue exact approach | distance=137.09 source=task_pos pulse=scan_miss
[2026-04-26 23:27:07.439][8408][DEBUG] DriverMode: ExecRemoteCall func=0x7FF7761AB710, ret=889514879184
[2026-04-26 23:27:07.439][17284][INFO] [Lua] [Leveling] nav worker status | running
[2026-04-26 23:27:07.440][17284][INFO] [Lua] [Leveling] MoveTo issued | target=2245.00, -3609.00 source=task_pos_precise path_index=0 interval_ms=900 via=nav_worker worker_mode=target route_index=0/0 route_dir=0 route_distance=0.00 route_point=2245.00, -3609.00 original_index=0
[2026-04-26 23:27:07.440][17284][INFO] [Lua] [Leveling] IsMainInterface=false but player position is available, continue leveling.
[2026-04-26 23:27:08.075][17284][INFO] [Lua] [Leveling] global task portal button not visible: Nearby button not found.
[2026-04-26 23:27:08.077][17284][INFO] [Lua] [Leveling] exec trace | stage=approach_task_objective reason=goal_distance_ready_task_reached task=圣诫之末 detail= pos=2140.36, -3540.57, 3250.36 target_source=task_path target=2245.00, -3609.00, 3249.00 destination=2245.00, -3609.00, 3100.00 goal_distance=125.03 objective_mode=
[2026-04-26 23:27:08.077][17284][INFO] [Lua] [Leveling] task reached evaluate | map= task=主线 圣诫之末 detail= task_cfg_source= source=task_pos goal_distance=125.03 destination_distance=125.03 objective_source=none objective_key= objective_mode= force_boss=false sticky_boss=false skip_direct_interact=false
[2026-04-26 23:27:08.352][8408][DEBUG] DriverMode: ExecRemoteCall func=0x7FF7761AB710, ret=889514879184
[2026-04-26 23:27:08.375][17284][INFO] [Lua] [Leveling] task name candidates | map= button_text= related_text= anchor=(94.04,224.16)
[2026-04-26 23:27:08.682][17284][INFO] [Lua] [Leveling] guide skip button not visible: Nearby button not found.
[2026-04-26 23:27:09.254][8408][DEBUG] DriverMode: ExecRemoteCall func=0x7FF7761AB710, ret=889514879184
[2026-04-26 23:27:10.168][8408][DEBUG] DriverMode: ExecRemoteCall func=0x7FF7761AB710, ret=889514879184
[2026-04-26 23:27:11.083][8408][DEBUG] DriverMode: ExecRemoteCall func=0x7FF7761AB710, ret=889514879184
[2026-04-26 23:27:11.324][17284][WARN] [Lua] Distance-first target miss [交互中按钮]; fallback to generic match: Distance target not found [交互中按钮]. anchor_text=交互中 button_name=UIButton Transient.GameEngine.CoreGameInstance.FightInteractiveView_C.WidgetTree.FunctionBtn
[2026-04-26 23:27:11.905][17284][WARN] [Lua] Distance-first target miss [阿瑞娅按钮]; fallback to generic match: Distance target not found [阿瑞娅按钮]. anchor_text=阿瑞娅 button_name=UIButton Transient.GameEngine.CoreGameInstance.FightInteractiveView_C.WidgetTree.PortalBtn
[2026-04-26 23:27:11.983][8408][DEBUG] DriverMode: ExecRemoteCall func=0x7FF7761AB710, ret=889514879184
[2026-04-26 23:27:12.475][17284][INFO] [Lua] [Leveling] objective not close enough for interaction, continue exact approach | distance=125.03 source=task_pos pulse=scan_miss
[2026-04-26 23:27:12.476][17284][INFO] [Lua] [Leveling] heartbeat | stage=approach_task_objective tick=36 pos=2140.36, -3540.57, 3250.36 target=2245.00, -3609.00 path_points=11
[2026-04-26 23:27:12.514][17284][INFO] [Lua] [Leveling] MoveTo issued | target=2245.00, -3609.00 source=task_pos_precise path_index=0 interval_ms=900 via=nav_worker worker_mode=target route_index=0/0 route_dir=0 route_distance=0.00 route_point=2245.00, -3609.00 original_index=0
[2026-04-26 23:27:12.515][17284][INFO] [Lua] [Leveling] IsMainInterface=false but player position is available, continue leveling.
[2026-04-26 23:27:12.887][8408][DEBUG] DriverMode: ExecRemoteCall func=0x7FF7761AB710, ret=889514879184
[2026-04-26 23:27:13.083][17284][INFO] [Lua] [Leveling] global task portal button not visible: Nearby button not found.
[2026-04-26 23:27:13.085][17284][INFO] [Lua] [Leveling] exec trace | stage=follow_task reason=follow_task_move task=圣诫之末 detail= pos=1893.73, -3749.59, 3243.77 target_source=task_path target=2245.00, -3609.00, 3249.00 destination=2245.00, -3609.00, 3100.00 goal_distance=378.36 objective_mode=
[2026-04-26 23:27:13.085][17284][INFO] [Lua] [Leveling] nav worker path route keep | source=task_path window=1-11/11 direction=reverse target_route=1 target_path=1 nearest=2 current_distance=378.36 arrive_distance=120.00 target=2245.00, -3609.00 first=2245.00, -3609.00 last=869.96, -2145.91 worker_status=running worker_version=1
[2026-04-26 23:27:13.085][17284][INFO] [Lua] [Leveling] monster scan found no nearby target: No nearby monster around player. total=1 nearest= nearest_player_distance=1832.21 destination=2245.00, -3609.00 source=task_pos
[2026-04-26 23:27:13.085][17284][INFO] [Lua] [Leveling] heartbeat | stage=follow_task tick=37 pos=1893.73, -3749.59, 3243.77 target=2245.00, -3609.00 path_points=11
[2026-04-26 23:27:13.119][17284][INFO] [Lua] [Leveling] exec trace | stage=follow_task reason=follow_task_move task=圣诫之末 detail= pos=1855.43, -3787.90, 3242.80 target_source=task_path target=2245.00, -3609.00, 3249.00 destination=2245.00, -3609.00, 3100.00 goal_distance=428.68 objective_mode=
[2026-04-26 23:27:13.148][8408][DEBUG] DriverMode: ExecRemoteCall func=0x7FF7761AB710, ret=889514879184
[2026-04-26 23:27:13.225][17284][INFO] [Lua] [Leveling] nav worker status | path_route
[2026-04-26 23:27:13.226][17284][INFO] [Lua] [Leveling] exec trace | stage=follow_task reason=follow_task_move task=圣诫之末 detail= pos=1872.01, -3768.95, 3243.39 target_source=task_path target=2245.00, -3609.00, 3249.00 destination=2245.00, -3609.00, 3100.00 goal_distance=405.84 objective_mode=
[2026-04-26 23:27:13.334][17284][INFO] [Lua] [Leveling] exec trace | stage=follow_task reason=follow_task_move task=圣诫之末 detail= pos=1928.15, -3703.69, 3246.38 target_source=task_path target=2245.00, -3609.00, 3249.00 destination=2245.00, -3609.00, 3100.00 goal_distance=330.70 objective_mode=
[2026-04-26 23:27:13.501][8408][DEBUG] DriverMode: ExecRemoteCall func=0x7FF7761AB710, ret=889514879184
[2026-04-26 23:27:14.030][17284][INFO] [Lua] [Leveling] exec trace | stage=follow_task reason=follow_task_move task=圣诫之末 detail= pos=1994.09, -3628.15, 3250.06 target_source=task_path target=2245.00, -3609.00, 3249.00 destination=2245.00, -3609.00, 3100.00 goal_distance=251.64 objective_mode=
[2026-04-26 23:27:14.073][17284][INFO] [Lua] [Leveling] MoveTo issued | target=2245.00, -3609.00 source=task_path_route path_index=1 interval_ms=1200 via=nav_worker worker_mode=path_route route_index=1/11 route_dir=-1 route_distance=177.27 route_point=2245.00, -3609.00 original_index=1
[2026-04-26 23:27:14.075][17284][INFO] [Lua] [Leveling] exec trace | stage=follow_task reason=follow_task_move task=圣诫之末 detail= pos=2077.15, -3551.97, 3250.59 target_source=task_path target=2245.00, -3609.00, 3249.00 destination=2245.00, -3609.00, 3100.00 goal_distance=177.27 objective_mode=
[2026-04-26 23:27:14.650][17284][INFO] [Lua] [Leveling] nav worker path route keep | source=task_path window=1-11/11 direction=reverse target_route=1 target_path=1 nearest=2 current_distance=177.27 arrive_distance=120.00 target=2245.00, -3609.00 first=2245.00, -3609.00 last=869.96, -2145.91 worker_status=path_route worker_version=1
[2026-04-26 23:27:14.712][8408][DEBUG] DriverMode: ExecRemoteCall func=0x7FF7761AB710, ret=889514879184
[2026-04-26 23:27:14.775][17284][INFO] [Lua] [Leveling] exec trace | stage=follow_task reason=follow_task_move task=圣诫之末 detail= pos=2044.39, -3572.65, 3250.47 target_source=task_path target=2245.00, -3609.00, 3249.00 destination=2245.00, -3609.00, 3100.00 goal_distance=203.88 objective_mode=
[2026-04-26 23:27:14.882][17284][INFO] [Lua] [Leveling] exec trace | stage=follow_task reason=follow_task_move task=圣诫之末 detail= pos=2031.34, -3580.88, 3250.57 target_source=task_path target=2245.00, -3609.00, 3249.00 destination=2245.00, -3609.00, 3100.00 goal_distance=215.50 objective_mode=
[2026-04-26 23:27:15.132][17284][INFO] [Lua] [Leveling] monster scan found no nearby target: No nearby monster around player. total=1 nearest= nearest_player_distance=1830.83 destination=2245.00, -3609.00 source=task_pos
[2026-04-26 23:27:15.848][17284][INFO] [Lua] [Leveling] IsMainInterface=false but player position is available, continue leveling.
[2026-04-26 23:27:15.850][17284][INFO] [Lua] [Leveling] heartbeat | stage=follow_task tick=53 pos=2031.34, -3580.88, 3250.57 target=2245.00, -3609.00 path_points=11
[2026-04-26 23:27:15.926][8408][DEBUG] DriverMode: ExecRemoteCall func=0x7FF7761AB710, ret=889514879184
[2026-04-26 23:27:15.958][17284][INFO] [Lua] [Leveling] MoveTo issued | target=2245.00, -3609.00 source=task_path_route path_index=1 interval_ms=1200 via=nav_worker worker_mode=path_route route_index=1/11 route_dir=-1 route_distance=215.50 route_point=2245.00, -3609.00 original_index=1
[2026-04-26 23:27:15.959][17284][INFO] [Lua] [Leveling] exec trace | stage=follow_task reason=follow_task_move task=圣诫之末 detail= pos=2049.50, -3560.79, 3250.59 target_source=task_path target=2245.00, -3609.00, 3249.00 destination=2245.00, -3609.00, 3100.00 goal_distance=201.36 objective_mode=
[2026-04-26 23:27:16.067][17284][INFO] [Lua] [Leveling] exec trace | stage=follow_task reason=follow_task_move task=圣诫之末 detail= pos=2104.80, -3557.07, 3249.84 target_source=task_path target=2245.00, -3609.00, 3249.00 destination=2245.00, -3609.00, 3100.00 goal_distance=149.51 objective_mode=
[2026-04-26 23:27:16.176][17284][INFO] [Lua] [Leveling] nav worker path route keep | source=task_path window=1-11/11 direction=reverse target_route=1 target_path=1 nearest=2 current_distance=149.51 arrive_distance=120.00 target=2245.00, -3609.00 first=2245.00, -3609.00 last=869.96, -2145.91 worker_status=path_route worker_version=1
[2026-04-26 23:27:17.138][8408][DEBUG] DriverMode: ExecRemoteCall func=0x7FF7761AB710, ret=889514879184
[2026-04-26 23:27:17.577][17284][INFO] [Lua] [Leveling] global task portal button not visible: Nearby button not found.
[2026-04-26 23:27:17.577][17284][INFO] [Lua] [Leveling] monster scan found no nearby target: No nearby monster around player. total=1 nearest= nearest_player_distance=1877.13 destination=2245.00, -3609.00 source=task_pos
[2026-04-26 23:27:17.617][17284][INFO] [Lua] [Leveling] MoveTo issued | target=2245.00, -3609.00 source=task_path_route path_index=1 interval_ms=1200 via=nav_worker worker_mode=path_route route_index=1/11 route_dir=-1 route_distance=183.18 route_point=2245.00, -3609.00 original_index=1
[2026-04-26 23:27:17.619][17284][INFO] [Lua] [Leveling] exec trace | stage=follow_task reason=follow_task_move task=圣诫之末 detail= pos=2062.74, -3590.68, 3249.44 target_source=task_path target=2245.00, -3609.00, 3249.00 destination=2245.00, -3609.00, 3100.00 goal_distance=183.18 objective_mode=
[2026-04-26 23:27:17.726][17284][INFO] [Lua] [Leveling] nav worker path route keep | source=task_path window=1-11/11 direction=reverse target_route=1 target_path=1 nearest=2 current_distance=183.18 arrive_distance=120.00 target=2245.00, -3609.00 first=2245.00, -3609.00 last=869.96, -2145.91 worker_status=path_route worker_version=1
[2026-04-26 23:27:18.351][8408][DEBUG] DriverMode: ExecRemoteCall func=0x7FF7761AB710, ret=889514879184
[2026-04-26 23:27:18.430][17284][INFO] [Lua] [Leveling] exec trace | stage=follow_task reason=follow_task_move task=圣诫之末 detail= pos=2022.63, -3626.98, 3249.78 target_source=task_path target=2245.00, -3609.00, 3249.00 destination=2245.00, -3609.00, 3100.00 goal_distance=223.10 objective_mode=
[2026-04-26 23:27:19.349][17284][INFO] [Lua] [Leveling] nav worker path route keep | source=task_path window=1-11/11 direction=reverse target_route=1 target_path=1 nearest=2 current_distance=223.10 arrive_distance=120.00 target=2245.00, -3609.00 first=2245.00, -3609.00 last=869.96, -2145.91 worker_status=path_route worker_version=1
[2026-04-26 23:27:19.382][17284][INFO] [Lua] [Leveling] IsMainInterface=false but player position is available, continue leveling.
[2026-04-26 23:27:19.384][17284][INFO] [Lua] [Leveling] heartbeat | stage=follow_task tick=75 pos=2022.63, -3626.98, 3249.78 target=2245.00, -3609.00 path_points=11
[2026-04-26 23:27:19.491][17284][INFO] [Lua] [Leveling] exec trace | stage=follow_task reason=follow_task_move task=圣诫之末 detail= pos=2022.63, -3626.98, 3249.78 target_source=task_path target=2245.00, -3609.00, 3249.00 destination=2245.00, -3609.00, 3100.00 goal_distance=223.10 objective_mode=
[2026-04-26 23:27:19.553][8408][DEBUG] DriverMode: ExecRemoteCall func=0x7FF7761AB710, ret=889514879184
[2026-04-26 23:27:19.614][17284][INFO] [Lua] [Leveling] MoveTo issued | target=2245.00, -3609.00 source=task_path_route path_index=1 interval_ms=1200 via=nav_worker worker_mode=path_route route_index=1/11 route_dir=-1 route_distance=246.91 route_point=2245.00, -3609.00 original_index=1
[2026-04-26 23:27:19.615][17284][INFO] [Lua] [Leveling] exec trace | stage=follow_task reason=follow_task_move task=圣诫之末 detail= pos=1991.71, -3657.90, 3248.85 target_source=task_path target=2245.00, -3609.00, 3249.00 destination=2245.00, -3609.00, 3100.00 goal_distance=257.97 objective_mode=
[2026-04-26 23:27:19.616][17284][INFO] [Lua] [Leveling] monster scan found no nearby target: No nearby monster around player. total=1 nearest= nearest_player_distance=1851.48 destination=2245.00, -3609.00 source=task_pos
[2026-04-26 23:27:19.739][17284][INFO] [Lua] [Leveling] exec trace | stage=follow_task reason=follow_task_move task=圣诫之末 detail= pos=1984.33, -3665.28, 3248.51 target_source=task_path target=2245.00, -3609.00, 3249.00 destination=2245.00, -3609.00, 3100.00 goal_distance=266.68 objective_mode=
[2026-04-26 23:27:20.758][8408][DEBUG] DriverMode: ExecRemoteCall func=0x7FF7761AB710, ret=889514879184
[2026-04-26 23:27:21.131][17284][INFO] [Lua] [Leveling] global task portal button not visible: Nearby button not found.
[2026-04-26 23:27:21.131][17284][INFO] [Lua] [Leveling] nav worker path route keep | source=task_path window=1-11/11 direction=reverse target_route=1 target_path=1 nearest=2 current_distance=266.68 arrive_distance=120.00 target=2245.00, -3609.00 first=2245.00, -3609.00 last=869.96, -2145.91 worker_status=path_route worker_version=1
[2026-04-26 23:27:21.176][17284][INFO] [Lua] [Leveling] MoveTo issued | target=2245.00, -3609.00 source=task_path_route path_index=1 interval_ms=1200 via=nav_worker worker_mode=path_route route_index=1/11 route_dir=-1 route_distance=313.58 route_point=2245.00, -3609.00 original_index=1
[2026-04-26 23:27:21.178][17284][INFO] [Lua] [Leveling] exec trace | stage=follow_task reason=follow_task_move task=圣诫之末 detail= pos=1946.03, -3703.58, 3246.94 target_source=task_path target=2245.00, -3609.00, 3249.00 destination=2245.00, -3609.00, 3100.00 goal_distance=313.58 objective_mode=
[2026-04-26 23:27:21.643][17284][INFO] [Lua] [Leveling] monster scan found no nearby target: No nearby monster around player. total=1 nearest= nearest_player_distance=1840.41 destination=2245.00, -3609.00 source=task_pos
[2026-04-26 23:27:21.968][8408][DEBUG] DriverMode: ExecRemoteCall func=0x7FF7761AB710, ret=889514879184
[2026-04-26 23:27:21.999][17284][INFO] [Lua] [Leveling] exec trace | stage=follow_task reason=follow_task_move task=圣诫之末 detail= pos=1941.17, -3708.44, 3246.72 target_source=task_path target=2245.00, -3609.00, 3249.00 destination=2245.00, -3609.00, 3100.00 goal_distance=319.69 objective_mode=
[2026-04-26 23:27:22.108][17284][INFO] [Lua] [Leveling] exec trace | stage=follow_task reason=follow_task_move task=圣诫之末 detail= pos=1907.72, -3741.88, 3244.22 target_source=task_path target=2245.00, -3609.00, 3249.00 destination=2245.00, -3609.00, 3100.00 goal_distance=362.51 objective_mode=
[2026-04-26 23:27:22.894][17284][INFO] [Lua] [Leveling] nav worker path route keep | source=task_path window=1-11/11 direction=reverse target_route=1 target_path=1 nearest=2 current_distance=362.51 arrive_distance=120.00 target=2245.00, -3609.00 first=2245.00, -3609.00 last=869.96, -2145.91 worker_status=path_route worker_version=1
[2026-04-26 23:27:22.926][17284][INFO] [Lua] [Leveling] IsMainInterface=false but player position is available, continue leveling.
[2026-04-26 23:27:22.927][17284][INFO] [Lua] [Leveling] heartbeat | stage=follow_task tick=97 pos=1907.72, -3741.88, 3244.22 target=2245.00, -3609.00 path_points=11
[2026-04-26 23:27:23.159][17284][INFO] [Lua] [Leveling] exec trace | stage=follow_task reason=follow_task_move task=圣诫之末 detail= pos=1907.72, -3741.88, 3244.22 target_source=task_path target=2245.00, -3609.00, 3249.00 destination=2245.00, -3609.00, 3100.00 goal_distance=362.51 objective_mode=
[2026-04-26 23:27:23.173][8408][DEBUG] DriverMode: ExecRemoteCall func=0x7FF7761AB710, ret=889514879184
[2026-04-26 23:27:23.267][17284][INFO] [Lua] [Leveling] MoveTo issued | target=2245.00, -3609.00 source=task_path_route path_index=1 interval_ms=1200 via=nav_worker worker_mode=path_route route_index=1/11 route_dir=-1 route_distance=383.78 route_point=2245.00, -3609.00 original_index=1
[2026-04-26 23:27:23.269][17284][INFO] [Lua] [Leveling] exec trace | stage=follow_task reason=follow_task_move task=圣诫之末 detail= pos=1869.42, -3780.18, 3243.35 target_source=task_path target=2245.00, -3609.00, 3249.00 destination=2245.00, -3609.00, 3100.00 goal_distance=412.75 objective_mode=
[2026-04-26 23:27:23.720][17284][INFO] [Lua] [Leveling] monster scan found no nearby target: No nearby monster around player. total=1 nearest= nearest_player_distance=1835.69 destination=2245.00, -3609.00 source=task_pos
[2026-04-26 23:27:24.373][8408][DEBUG] DriverMode: ExecRemoteCall func=0x7FF7761AB710, ret=889514879184
[2026-04-26 23:27:24.644][17284][INFO] [Lua] [Leveling] global task portal button not visible: Nearby button not found.
[2026-04-26 23:27:24.645][17284][INFO] [Lua] [Leveling] nav worker path route keep | source=task_path window=1-11/11 direction=reverse target_route=1 target_path=1 nearest=2 current_distance=412.75 arrive_distance=120.00 target=2245.00, -3609.00 first=2245.00, -3609.00 last=869.96, -2145.91 worker_status=path_route worker_version=1
[2026-04-26 23:27:24.685][17284][INFO] [Lua] [Leveling] exec trace | stage=follow_task reason=follow_task_move task=圣诫之末 detail= pos=1817.56, -3795.83, 3241.49 target_source=task_path target=2245.00, -3609.00, 3249.00 destination=2245.00, -3609.00, 3100.00 goal_distance=466.48 objective_mode=
[2026-04-26 23:27:25.576][8408][DEBUG] DriverMode: ExecRemoteCall func=0x7FF7761AB710, ret=889514879184
[2026-04-26 23:27:25.669][17284][INFO] [Lua] [Leveling] MoveTo issued | target=2245.00, -3609.00 source=task_path_route path_index=1 interval_ms=1200 via=nav_worker worker_mode=path_route route_index=1/11 route_dir=-1 route_distance=440.55 route_point=2245.00, -3609.00 original_index=1
[2026-04-26 23:27:25.670][17284][INFO] [Lua] [Leveling] exec trace | stage=follow_task reason=follow_task_move task=圣诫之末 detail= pos=1871.98, -3771.84, 3243.50 target_source=task_path target=2245.00, -3609.00, 3249.00 destination=2245.00, -3609.00, 3100.00 goal_distance=407.02 objective_mode=
[2026-04-26 23:27:26.388][17284][INFO] [Lua] [Leveling] exec trace | stage=follow_task reason=follow_task_move task=圣诫之末 detail= pos=1944.49, -3701.90, 3246.92 target_source=task_path target=2245.00, -3609.00, 3249.00 destination=2245.00, -3609.00, 3100.00 goal_distance=314.54 objective_mode=
[2026-04-26 23:27:26.388][17284][INFO] [Lua] [Leveling] nav worker path route keep | source=task_path window=1-11/11 direction=reverse target_route=1 target_path=1 nearest=2 current_distance=314.54 arrive_distance=120.00 target=2245.00, -3609.00 first=2245.00, -3609.00 last=869.96, -2145.91 worker_status=path_route worker_version=1
[2026-04-26 23:27:26.388][17284][INFO] [Lua] [Leveling] monster scan found no nearby target: No nearby monster around player. total=1 nearest= nearest_player_distance=1810.02 destination=2245.00, -3609.00 source=task_pos
[2026-04-26 23:27:26.431][17284][INFO] [Lua] [Leveling] IsMainInterface=false but player position is available, continue leveling.
[2026-04-26 23:27:26.432][17284][INFO] [Lua] [Leveling] exec trace | stage=follow_task reason=follow_task_move task=圣诫之末 detail= pos=1944.89, -3701.45, 3246.94 target_source=task_path target=2245.00, -3609.00, 3249.00 destination=2245.00, -3609.00, 3100.00 goal_distance=314.03 objective_mode=
[2026-04-26 23:27:26.433][17284][INFO] [Lua] [Leveling] heartbeat | stage=follow_task tick=118 pos=1944.89, -3701.45, 3246.94 target=2245.00, -3609.00 path_points=11
[2026-04-26 23:27:26.787][8408][DEBUG] DriverMode: ExecRemoteCall func=0x7FF7761AB710, ret=889514879184
[2026-04-26 23:27:26.881][17284][INFO] [Lua] [Leveling] exec trace | stage=follow_task reason=follow_task_move task=圣诫之末 detail= pos=1906.58, -3739.75, 3244.28 target_source=task_path target=2245.00, -3609.00, 3249.00 destination=2245.00, -3609.00, 3100.00 goal_distance=362.79 objective_mode=
[2026-04-26 23:27:27.999][8408][DEBUG] DriverMode: ExecRemoteCall func=0x7FF7761AB710, ret=889514879184
[2026-04-26 23:27:28.157][17284][INFO] [Lua] [Leveling] global task portal button not visible: Nearby button not found.
[2026-04-26 23:27:28.157][17284][INFO] [Lua] [Leveling] nav worker path route keep | source=task_path window=1-11/11 direction=reverse target_route=1 target_path=1 nearest=2 current_distance=362.79 arrive_distance=120.00 target=2245.00, -3609.00 first=2245.00, -3609.00 last=869.96, -2145.91 worker_status=path_route worker_version=1
[2026-04-26 23:27:28.202][17284][INFO] [Lua] [Leveling] MoveTo issued | target=2245.00, -3609.00 source=task_path_route path_index=1 interval_ms=1200 via=nav_worker worker_mode=path_route route_index=1/11 route_dir=-1 route_distance=412.91 route_point=2245.00, -3609.00 original_index=1
[2026-04-26 23:27:28.205][17284][INFO] [Lua] [Leveling] exec trace | stage=follow_task reason=follow_task_move task=圣诫之末 detail= pos=1868.28, -3778.05, 3243.35 target_source=task_path target=2245.00, -3609.00, 3249.00 destination=2245.00, -3609.00, 3100.00 goal_distance=412.91 objective_mode=
[2026-04-26 23:27:28.450][17284][INFO] [Lua] [Leveling] monster scan found no nearby target: No nearby monster around player. total=1 nearest= nearest_player_distance=1833.38 destination=2245.00, -3609.00 source=task_pos
[2026-04-26 23:27:29.210][8408][DEBUG] DriverMode: ExecRemoteCall func=0x7FF7761AB710, ret=889514879184
[2026-04-26 23:27:29.275][17284][INFO] [Lua] [Leveling] exec trace | stage=follow_task reason=follow_task_move task=圣诫之末 detail= pos=1833.75, -3788.47, 3242.11 target_source=task_path target=2245.00, -3609.00, 3249.00 destination=2245.00, -3609.00, 3100.00 goal_distance=448.70 objective_mode=
[2026-04-26 23:27:29.955][17284][INFO] [Lua] [Leveling] exec trace | stage=follow_task reason=follow_task_move task=圣诫之末 detail= pos=1816.42, -3793.69, 3241.49 target_source=task_path target=2245.00, -3609.00, 3249.00 destination=2245.00, -3609.00, 3100.00 goal_distance=466.68 objective_mode=
[2026-04-26 23:27:29.956][17284][INFO] [Lua] [Leveling] nav worker path route keep | source=task_path window=1-11/11 direction=reverse target_route=1 target_path=1 nearest=2 current_distance=466.68 arrive_distance=120.00 target=2245.00, -3609.00 first=2245.00, -3609.00 last=869.96, -2145.91 worker_status=path_route worker_version=1
[2026-04-26 23:27:30.001][17284][INFO] [Lua] [Leveling] IsMainInterface=false but player position is available, continue leveling.
[2026-04-26 23:27:30.003][17284][INFO] [Lua] [Leveling] heartbeat | stage=follow_task tick=140 pos=1816.42, -3793.69, 3241.49 target=2245.00, -3609.00 path_points=11
[2026-04-26 23:27:30.420][8408][DEBUG] DriverMode: ExecRemoteCall func=0x7FF7761AB710, ret=889514879184
[2026-04-26 23:27:30.467][17284][INFO] [Lua] [Leveling] MoveTo issued | target=2245.00, -3609.00 source=task_path_route path_index=1 interval_ms=1200 via=nav_worker worker_mode=path_route route_index=1/11 route_dir=-1 route_distance=466.68 route_point=2245.00, -3609.00 original_index=1
[2026-04-26 23:27:30.468][17284][INFO] [Lua] [Leveling] exec trace | stage=follow_task reason=follow_task_move task=圣诫之末 detail= pos=1846.58, -3780.54, 3242.63 target_source=task_path target=2245.00, -3609.00, 3249.00 destination=2245.00, -3609.00, 3100.00 goal_distance=433.78 objective_mode=
[2026-04-26 23:27:30.468][17284][INFO] [Lua] [Leveling] monster scan found no nearby target: No nearby monster around player. total=1 nearest= nearest_player_distance=1807.70 destination=2245.00, -3609.00 source=task_pos
[2026-04-26 23:27:30.575][17284][INFO] [Lua] [Leveling] exec trace | stage=follow_task reason=follow_task_move task=圣诫之末 detail= pos=1914.81, -3733.40, 3244.83 target_source=task_path target=2245.00, -3609.00, 3249.00 destination=2245.00, -3609.00, 3100.00 goal_distance=352.85 objective_mode=
[2026-04-26 23:27:30.683][17284][INFO] [Lua] [Leveling] exec trace | stage=follow_task reason=follow_task_move task=圣诫之末 detail= pos=1943.88, -3699.61, 3246.94 target_source=task_path target=2245.00, -3609.00, 3249.00 destination=2245.00, -3609.00, 3100.00 goal_distance=314.46 objective_mode=
[2026-04-26 23:27:31.629][8408][DEBUG] DriverMode: ExecRemoteCall func=0x7FF7761AB710, ret=889514879184
[2026-04-26 23:27:31.708][17284][INFO] [Lua] [Leveling] global task portal button not visible: Nearby button not found.
[2026-04-26 23:27:31.708][17284][INFO] [Lua] [Leveling] nav worker path route keep | source=task_path window=1-11/11 direction=reverse target_route=1 target_path=1 nearest=2 current_distance=314.46 arrive_distance=120.00 target=2245.00, -3609.00 first=2245.00, -3609.00 last=869.96, -2145.91 worker_status=path_route worker_version=1
[2026-04-26 23:27:31.754][17284][INFO] [Lua] [Leveling] exec trace | stage=follow_task reason=follow_task_move task=圣诫之末 detail= pos=1905.57, -3737.91, 3244.33 target_source=task_path target=2245.00, -3609.00, 3249.00 destination=2245.00, -3609.00, 3100.00 goal_distance=363.08 objective_mode=
[2026-04-26 23:27:32.554][17284][INFO] [Lua] [Leveling] monster scan found no nearby target: No nearby monster around player. total=1 nearest= nearest_player_distance=1832.98 destination=2245.00, -3609.00 source=task_pos
[2026-04-26 23:27:32.803][17284][INFO] [Lua] [Leveling] exec trace | stage=follow_task reason=follow_task_move task=圣诫之末 detail= pos=1905.57, -3737.91, 3244.33 target_source=task_path target=2245.00, -3609.00, 3249.00 destination=2245.00, -3609.00, 3100.00 goal_distance=363.08 objective_mode=
[2026-04-26 23:27:32.832][8408][DEBUG] DriverMode: ExecRemoteCall func=0x7FF7761AB710, ret=889514879184
[2026-04-26 23:27:32.910][17284][INFO] [Lua] [Leveling] MoveTo issued | target=2245.00, -3609.00 source=task_path_route path_index=1 interval_ms=1200 via=nav_worker worker_mode=path_route route_index=1/11 route_dir=-1 route_distance=378.49 route_point=2245.00, -3609.00 original_index=1
[2026-04-26 23:27:33.488][17284][INFO] [Lua] [Leveling] exec trace | stage=follow_task reason=follow_task_move task=圣诫之末 detail= pos=1875.19, -3768.29, 3243.48 target_source=task_path target=2245.00, -3609.00, 3249.00 destination=2245.00, -3609.00, 3100.00 goal_distance=402.65 objective_mode=
[2026-04-26 23:27:33.488][17284][INFO] [Lua] [Leveling] nav worker path route keep | source=task_path window=1-11/11 direction=reverse target_route=1 target_path=1 nearest=2 current_distance=402.65 arrive_distance=120.00 target=2245.00, -3609.00 first=2245.00, -3609.00 last=869.96, -2145.91 worker_status=path_route worker_version=1
[2026-04-26 23:27:33.529][17284][INFO] [Lua] [Leveling] IsMainInterface=false but player position is available, continue leveling.
[2026-04-26 23:27:33.531][17284][INFO] [Lua] [Leveling] exec trace | stage=follow_task reason=follow_task_move task=圣诫之末 detail= pos=1867.27, -3776.21, 3243.35 target_source=task_path target=2245.00, -3609.00, 3249.00 destination=2245.00, -3609.00, 3100.00 goal_distance=413.08 objective_mode=
[2026-04-26 23:27:33.531][17284][INFO] [Lua] [Leveling] heartbeat | stage=follow_task tick=162 pos=1867.27, -3776.21, 3243.35 target=2245.00, -3609.00 path_points=11
[2026-04-26 23:27:34.040][8408][DEBUG] DriverMode: ExecRemoteCall func=0x7FF7761AB710, ret=889514879184
[2026-04-26 23:27:34.088][17284][INFO] [Lua] [Leveling] exec trace | stage=follow_task reason=follow_task_move task=圣诫之末 detail= pos=1848.54, -3781.86, 3242.68 target_source=task_path target=2245.00, -3609.00, 3249.00 destination=2245.00, -3609.00, 3100.00 goal_distance=432.51 objective_mode=
[2026-04-26 23:27:34.196][17284][INFO] [Lua] [Leveling] exec trace | stage=follow_task reason=follow_task_move task=圣诫之末 detail= pos=1815.41, -3791.86, 3241.48 target_source=task_path target=2245.00, -3609.00, 3249.00 destination=2245.00, -3609.00, 3100.00 goal_distance=466.88 objective_mode=
[2026-04-26 23:27:35.235][17284][INFO] [Lua] [Leveling] global task portal button not visible: Nearby button not found.
[2026-04-26 23:27:35.235][17284][INFO] [Lua] [Leveling] nav worker path route keep | source=task_path window=1-11/11 direction=reverse target_route=1 target_path=1 nearest=2 current_distance=466.88 arrive_distance=120.00 target=2245.00, -3609.00 first=2245.00, -3609.00 last=869.96, -2145.91 worker_status=path_route worker_version=1
[2026-04-26 23:27:35.236][17284][INFO] [Lua] [Leveling] monster scan found no nearby target: No nearby monster around player. total=1 nearest= nearest_player_distance=1805.68 destination=2245.00, -3609.00 source=task_pos
[2026-04-26 23:27:35.250][8408][DEBUG] DriverMode: ExecRemoteCall func=0x7FF7761AB710, ret=889514879184
[2026-04-26 23:27:35.282][17284][INFO] [Lua] [Leveling] MoveTo issued | target=2245.00, -3609.00 source=task_path_route path_index=1 interval_ms=1200 via=nav_worker worker_mode=path_route route_index=1/11 route_dir=-1 route_distance=466.88 route_point=2245.00, -3609.00 original_index=1
[2026-04-26 23:27:35.284][17284][INFO] [Lua] [Leveling] exec trace | stage=follow_task reason=follow_task_move task=圣诫之末 detail= pos=1833.99, -3783.87, 3242.19 target_source=task_path target=2245.00, -3609.00, 3249.00 destination=2245.00, -3609.00, 3100.00 goal_distance=446.67 objective_mode=
[2026-04-26 23:27:35.391][17284][INFO] [Lua] [Leveling] exec trace | stage=follow_task reason=follow_task_move task=圣诫之末 detail= pos=1904.62, -3742.79, 3244.08 target_source=task_path target=2245.00, -3609.00, 3249.00 destination=2245.00, -3609.00, 3100.00 goal_distance=365.73 objective_mode=
[2026-04-26 23:27:35.515][17284][INFO] [Lua] [Leveling] exec trace | stage=follow_task reason=follow_task_move task=圣诫之末 detail= pos=1943.03, -3698.16, 3246.94 target_source=task_path target=2245.00, -3609.00, 3249.00 destination=2245.00, -3609.00, 3100.00 goal_distance=314.85 objective_mode=
[2026-04-26 23:27:36.293][18612][DEBUG] HttpClient: Response 200 OK
[2026-04-26 23:27:36.457][8408][DEBUG] DriverMode: ExecRemoteCall func=0x7FF7761AB710, ret=889514879184
[2026-04-26 23:27:37.022][17284][INFO] [Lua] [Leveling] nav worker path route keep | source=task_path window=1-11/11 direction=reverse target_route=1 target_path=1 nearest=2 current_distance=314.85 arrive_distance=120.00 target=2245.00, -3609.00 first=2245.00, -3609.00 last=869.96, -2145.91 worker_status=path_route worker_version=1
[2026-04-26 23:27:37.062][17284][INFO] [Lua] [Leveling] MoveTo issued | target=2245.00, -3609.00 source=task_path_route path_index=1 interval_ms=1200 via=nav_worker worker_mode=path_route route_index=1/11 route_dir=-1 route_distance=363.36 route_point=2245.00, -3609.00 original_index=1
[2026-04-26 23:27:37.062][17284][INFO] [Lua] [Leveling] IsMainInterface=false but player position is available, continue leveling.
[2026-04-26 23:27:37.064][17284][INFO] [Lua] [Leveling] exec trace | stage=follow_task reason=follow_task_move task=圣诫之末 detail= pos=1904.73, -3736.46, 3244.38 target_source=task_path target=2245.00, -3609.00, 3249.00 destination=2245.00, -3609.00, 3100.00 goal_distance=363.36 objective_mode=
[2026-04-26 23:27:37.064][17284][INFO] [Lua] [Leveling] heartbeat | stage=follow_task tick=184 pos=1904.73, -3736.46, 3244.38 target=2245.00, -3609.00 path_points=11
[2026-04-26 23:27:37.282][17284][INFO] [Lua] [Leveling] monster scan found no nearby target: No nearby monster around player. total=1 nearest= nearest_player_distance=1831.39 destination=2245.00, -3609.00 source=task_pos
[2026-04-26 23:27:37.668][8408][DEBUG] DriverMode: ExecRemoteCall func=0x7FF7761AB710, ret=889514879184
[2026-04-26 23:27:37.731][17284][INFO] [Lua] [Leveling] exec trace | stage=follow_task reason=follow_task_move task=圣诫之末 detail= pos=1885.94, -3755.25, 3243.61 target_source=task_path target=2245.00, -3609.00, 3249.00 destination=2245.00, -3609.00, 3100.00 goal_distance=387.70 objective_mode=
[2026-04-26 23:27:37.839][17284][INFO] [Lua] [Leveling] exec trace | stage=follow_task reason=follow_task_move task=圣诫之末 detail= pos=1866.43, -3774.77, 3243.33 target_source=task_path target=2245.00, -3609.00, 3249.00 destination=2245.00, -3609.00, 3100.00 goal_distance=413.27 objective_mode=
[2026-04-26 23:27:38.755][17284][INFO] [Lua] [Leveling] global task portal button not visible: Nearby button not found.
[2026-04-26 23:27:38.755][17284][INFO] [Lua] [Leveling] nav worker path route keep | source=task_path window=1-11/11 direction=reverse target_route=1 target_path=1 nearest=2 current_distance=413.27 arrive_distance=120.00 target=2245.00, -3609.00 first=2245.00, -3609.00 last=869.96, -2145.91 worker_status=path_route worker_version=1
[2026-04-26 23:27:38.877][8408][DEBUG] DriverMode: ExecRemoteCall func=0x7FF7761AB710, ret=889514879184
[2026-04-26 23:27:38.908][17284][INFO] [Lua] [Leveling] MoveTo issued | target=2245.00, -3609.00 source=task_path_route path_index=1 interval_ms=1200 via=nav_worker worker_mode=path_route route_index=1/11 route_dir=-1 route_distance=413.27 route_point=2245.00, -3609.00 original_index=1
[2026-04-26 23:27:38.909][17284][INFO] [Lua] [Leveling] exec trace | stage=follow_task reason=follow_task_move task=圣诫之末 detail= pos=1874.95, -3770.96, 3243.51 target_source=task_path target=2245.00, -3609.00, 3249.00 destination=2245.00, -3609.00, 3100.00 goal_distance=403.94 objective_mode=
[2026-04-26 23:27:39.016][17284][INFO] [Lua] [Leveling] exec trace | stage=follow_task reason=follow_task_move task=圣诫之末 detail= pos=1938.15, -3709.08, 3246.61 target_source=task_path target=2245.00, -3609.00, 3249.00 destination=2245.00, -3609.00, 3100.00 goal_distance=322.76 objective_mode=
[2026-04-26 23:27:39.126][17284][INFO] [Lua] [Leveling] exec trace | stage=follow_task reason=follow_task_move task=圣诫之末 detail= pos=1944.14, -3702.12, 3246.91 target_source=task_path target=2245.00, -3609.00, 3249.00 destination=2245.00, -3609.00, 3100.00 goal_distance=314.94 objective_mode=
[2026-04-26 23:27:39.359][17284][INFO] [Lua] [Leveling] monster scan found no nearby target: No nearby monster around player. total=1 nearest= nearest_player_distance=1838.03 destination=2245.00, -3609.00 source=task_pos
[2026-04-26 23:27:40.089][8408][DEBUG] DriverMode: ExecRemoteCall func=0x7FF7761AB710, ret=889514879184
[2026-04-26 23:27:40.524][17284][INFO] [Lua] [Leveling] nav worker path route keep | source=task_path window=1-11/11 direction=reverse target_route=1 target_path=1 nearest=2 current_distance=314.94 arrive_distance=120.00 target=2245.00, -3609.00 first=2245.00, -3609.00 last=869.96, -2145.91 worker_status=path_route worker_version=1
[2026-04-26 23:27:40.555][17284][INFO] [Lua] [Leveling] MoveTo issued | target=2245.00, -3609.00 source=task_path_route path_index=1 interval_ms=1200 via=nav_worker worker_mode=path_route route_index=1/11 route_dir=-1 route_distance=363.74 route_point=2245.00, -3609.00 original_index=1
[2026-04-26 23:27:40.555][17284][INFO] [Lua] [Leveling] IsMainInterface=false but player position is available, continue leveling.
[2026-04-26 23:27:40.558][17284][INFO] [Lua] [Leveling] exec trace | stage=follow_task reason=follow_task_move task=圣诫之末 detail= pos=1905.84, -3740.42, 3244.23 target_source=task_path target=2245.00, -3609.00, 3249.00 destination=2245.00, -3609.00, 3100.00 goal_distance=363.74 objective_mode=
[2026-04-26 23:27:40.558][17284][INFO] [Lua] [Leveling] heartbeat | stage=follow_task tick=206 pos=1905.84, -3740.42, 3244.23 target=2245.00, -3609.00 path_points=11
[2026-04-26 23:27:41.295][8408][DEBUG] DriverMode: ExecRemoteCall func=0x7FF7761AB710, ret=889514879184
[2026-04-26 23:27:41.342][17284][INFO] [Lua] [Leveling] exec trace | stage=follow_task reason=follow_task_move task=圣诫之末 detail= pos=1899.00, -3747.26, 3243.89 target_source=task_path target=2245.00, -3609.00, 3249.00 destination=2245.00, -3609.00, 3100.00 goal_distance=372.60 objective_mode=
[2026-04-26 23:27:41.451][17284][INFO] [Lua] [Leveling] exec trace | stage=follow_task reason=follow_task_move task=圣诫之末 detail= pos=1867.53, -3778.72, 3243.32 target_source=task_path target=2245.00, -3609.00, 3249.00 destination=2245.00, -3609.00, 3100.00 goal_distance=413.87 objective_mode=
[2026-04-26 23:27:41.451][17284][INFO] [Lua] [Leveling] monster scan found no nearby target: No nearby monster around player. total=1 nearest= nearest_player_distance=1834.87 destination=2245.00, -3609.00 source=task_pos
[2026-04-26 23:27:42.252][17284][INFO] [Lua] [Leveling] global task portal button not visible: Nearby button not found.
[2026-04-26 23:27:42.253][17284][INFO] [Lua] [Leveling] nav worker path route keep | source=task_path window=1-11/11 direction=reverse target_route=1 target_path=1 nearest=2 current_distance=413.87 arrive_distance=120.00 target=2245.00, -3609.00 first=2245.00, -3609.00 last=869.96, -2145.91 worker_status=path_route worker_version=1
[2026-04-26 23:27:42.509][8408][DEBUG] DriverMode: ExecRemoteCall func=0x7FF7761AB710, ret=889514879184
[2026-04-26 23:27:42.525][17284][INFO] [Lua] [Leveling] MoveTo issued | target=2245.00, -3609.00 source=task_path_route path_index=1 interval_ms=1200 via=nav_worker worker_mode=path_route route_index=1/11 route_dir=-1 route_distance=413.87 route_point=2245.00, -3609.00 original_index=1
[2026-04-26 23:27:42.526][17284][INFO] [Lua] [Leveling] exec trace | stage=follow_task reason=follow_task_move task=圣诫之末 detail= pos=1867.53, -3778.72, 3243.32 target_source=task_path target=2245.00, -3609.00, 3249.00 destination=2245.00, -3609.00, 3100.00 goal_distance=413.87 objective_mode=
[2026-04-26 23:27:42.633][17284][INFO] [Lua] [Leveling] exec trace | stage=follow_task reason=follow_task_move task=圣诫之末 detail= pos=1815.68, -3794.37, 3241.45 target_source=task_path target=2245.00, -3609.00, 3249.00 destination=2245.00, -3609.00, 3100.00 goal_distance=467.63 objective_mode=
[2026-04-26 23:27:43.709][8408][DEBUG] DriverMode: ExecRemoteCall func=0x7FF7761AB710, ret=889514879184
[2026-04-26 23:27:44.051][17284][INFO] [Lua] [Leveling] nav worker path route keep | source=task_path window=1-11/11 direction=reverse target_route=1 target_path=1 nearest=2 current_distance=467.63 arrive_distance=120.00 target=2245.00, -3609.00 first=2245.00, -3609.00 last=869.96, -2145.91 worker_status=path_route worker_version=1
[2026-04-26 23:27:44.052][17284][INFO] [Lua] [Leveling] monster scan found no nearby target: No nearby monster around player. total=1 nearest= nearest_player_distance=1807.66 destination=2245.00, -3609.00 source=task_pos
[2026-04-26 23:27:44.084][17284][INFO] [Lua] [Leveling] MoveTo issued | target=2245.00, -3609.00 source=task_path_route path_index=1 interval_ms=1200 via=nav_worker worker_mode=path_route route_index=1/11 route_dir=-1 route_distance=315.39 route_point=2245.00, -3609.00 original_index=1
[2026-04-26 23:27:44.084][17284][INFO] [Lua] [Leveling] IsMainInterface=false but player position is available, continue leveling.
[2026-04-26 23:27:44.086][17284][INFO] [Lua] [Leveling] exec trace | stage=follow_task reason=follow_task_move task=圣诫之末 detail= pos=1943.06, -3700.12, 3246.91 target_source=task_path target=2245.00, -3609.00, 3249.00 destination=2245.00, -3609.00, 3100.00 goal_distance=315.39 objective_mode=
[2026-04-26 23:27:44.086][17284][INFO] [Lua] [Leveling] heartbeat | stage=follow_task tick=228 pos=1943.06, -3700.12, 3246.91 target=2245.00, -3609.00 path_points=11
[2026-04-26 23:27:44.909][8408][DEBUG] DriverMode: ExecRemoteCall func=0x7FF7761AB710, ret=889514879184
[2026-04-26 23:27:45.018][17284][INFO] [Lua] [Leveling] exec trace | stage=follow_task reason=follow_task_move task=圣诫之末 detail= pos=1964.11, -3675.73, 3247.95 target_source=task_path target=2245.00, -3609.00, 3249.00 destination=2245.00, -3609.00, 3100.00 goal_distance=288.71 objective_mode=
[2026-04-26 23:27:45.127][17284][INFO] [Lua] [Leveling] exec trace | stage=follow_task reason=follow_task_move task=圣诫之末 detail= pos=1960.65, -3679.53, 3247.78 target_source=task_path target=2245.00, -3609.00, 3249.00 destination=2245.00, -3609.00, 3100.00 goal_distance=292.96 objective_mode=
[2026-04-26 23:27:45.810][17284][INFO] [Lua] [Leveling] global task portal button not visible: Nearby button not found.
[2026-04-26 23:27:45.810][17284][INFO] [Lua] [Leveling] nav worker path route keep | source=task_path window=1-11/11 direction=reverse target_route=1 target_path=1 nearest=2 current_distance=292.96 arrive_distance=120.00 target=2245.00, -3609.00 first=2245.00, -3609.00 last=869.96, -2145.91 worker_status=path_route worker_version=1
[2026-04-26 23:27:46.088][17284][INFO] [Lua] [Leveling] monster scan found no nearby target: No nearby monster around player. total=1 nearest= nearest_player_distance=1835.97 destination=2245.00, -3609.00 source=task_pos
[2026-04-26 23:27:46.117][8408][DEBUG] DriverMode: ExecRemoteCall func=0x7FF7761AB710, ret=889514879184
[2026-04-26 23:27:46.208][17284][INFO] [Lua] [Leveling] MoveTo issued | target=2245.00, -3609.00 source=task_path_route path_index=1 interval_ms=1200 via=nav_worker worker_mode=path_route route_index=1/11 route_dir=-1 route_distance=269.58 route_point=2245.00, -3609.00 original_index=1
[2026-04-26 23:27:46.210][17284][INFO] [Lua] [Leveling] exec trace | stage=follow_task reason=follow_task_move task=圣诫之末 detail= pos=2005.18, -3630.25, 3249.95 target_source=task_path target=2245.00, -3609.00, 3249.00 destination=2245.00, -3609.00, 3100.00 goal_distance=240.76 objective_mode=
[2026-04-26 23:27:46.318][17284][INFO] [Lua] [Leveling] exec trace | stage=follow_task reason=follow_task_move task=圣诫之末 detail= pos=2015.13, -3619.24, 3250.32 target_source=task_path target=2245.00, -3609.00, 3249.00 destination=2245.00, -3609.00, 3100.00 goal_distance=230.10 objective_mode=
[2026-04-26 23:27:47.330][8408][DEBUG] DriverMode: ExecRemoteCall func=0x7FF7761AB710, ret=889514879184
[2026-04-26 23:27:47.598][17284][INFO] [Lua] [Leveling] nav worker path route keep | source=task_path window=1-11/11 direction=reverse target_route=1 target_path=1 nearest=2 current_distance=230.10 arrive_distance=120.00 target=2245.00, -3609.00 first=2245.00, -3609.00 last=869.96, -2145.91 worker_status=path_route worker_version=1
[2026-04-26 23:27:47.640][17284][INFO] [Lua] [Leveling] IsMainInterface=false but player position is available, continue leveling.
[2026-04-26 23:27:47.642][17284][INFO] [Lua] [Leveling] exec trace | stage=follow_task reason=follow_task_move task=圣诫之末 detail= pos=1976.82, -3657.54, 3248.63 target_source=task_path target=2245.00, -3609.00, 3249.00 destination=2245.00, -3609.00, 3100.00 goal_distance=272.53 objective_mode=
[2026-04-26 23:27:47.642][17284][INFO] [Lua] [Leveling] heartbeat | stage=follow_task tick=250 pos=1976.82, -3657.54, 3248.63 target=2245.00, -3609.00 path_points=11
[2026-04-26 23:27:48.091][17284][INFO] [Lua] [Leveling] monster scan found no nearby target: No nearby monster around player. total=1 nearest= nearest_player_distance=1834.46 destination=2245.00, -3609.00 source=task_pos
[2026-04-26 23:27:48.540][8408][DEBUG] DriverMode: ExecRemoteCall func=0x7FF7761AB710, ret=889514879184
[2026-04-26 23:27:48.572][17284][INFO] [Lua] [Leveling] MoveTo issued | target=2245.00, -3609.00 source=task_path_route path_index=1 interval_ms=1200 via=nav_worker worker_mode=path_route route_index=1/11 route_dir=-1 route_distance=272.53 route_point=2245.00, -3609.00 original_index=1
[2026-04-26 23:27:48.573][17284][INFO] [Lua] [Leveling] exec trace | stage=follow_task reason=follow_task_move task=圣诫之末 detail= pos=1968.72, -3665.65, 3248.25 target_source=task_path target=2245.00, -3609.00, 3249.00 destination=2245.00, -3609.00, 3100.00 goal_distance=282.03 objective_mode=
[2026-04-26 23:27:48.682][17284][INFO] [Lua] [Leveling] exec trace | stage=follow_task reason=follow_task_move task=圣诫之末 detail= pos=1938.52, -3695.85, 3246.83 target_source=task_path target=2245.00, -3609.00, 3249.00 destination=2245.00, -3609.00, 3100.00 goal_distance=318.55 objective_mode=
[2026-04-26 23:27:49.358][17284][INFO] [Lua] [Leveling] global task portal button not visible: Nearby button not found.
[2026-04-26 23:27:49.359][17284][INFO] [Lua] [Leveling] nav worker path route keep | source=task_path window=1-11/11 direction=reverse target_route=1 target_path=1 nearest=2 current_distance=318.55 arrive_distance=120.00 target=2245.00, -3609.00 first=2245.00, -3609.00 last=869.96, -2145.91 worker_status=path_route worker_version=1
[2026-04-26 23:27:49.750][8408][DEBUG] DriverMode: ExecRemoteCall func=0x7FF7761AB710, ret=889514879184
[2026-04-26 23:27:49.751][17284][INFO] [Lua] [Leveling] exec trace | stage=follow_task reason=follow_task_move task=圣诫之末 detail= pos=1938.52, -3695.85, 3246.83 target_source=task_path target=2245.00, -3609.00, 3249.00 destination=2245.00, -3609.00, 3100.00 goal_distance=318.55 objective_mode=
[2026-04-26 23:27:49.859][17284][INFO] [Lua] [Leveling] exec trace | stage=follow_task reason=follow_task_move task=圣诫之末 detail= pos=1900.22, -3734.15, 3244.34 target_source=task_path target=2245.00, -3609.00, 3249.00 destination=2245.00, -3609.00, 3100.00 goal_distance=366.79 objective_mode=
[2026-04-26 23:27:50.109][17284][INFO] [Lua] [Leveling] monster scan found no nearby target: No nearby monster around player. total=1 nearest= nearest_player_distance=1826.50 destination=2245.00, -3609.00 source=task_pos
[2026-04-26 23:27:50.963][8408][DEBUG] DriverMode: ExecRemoteCall func=0x7FF7761AB710, ret=889514879184
[2026-04-26 23:27:51.146][17284][INFO] [Lua] [Leveling] nav worker path route keep | source=task_path window=1-11/11 direction=reverse target_route=1 target_path=1 nearest=2 current_distance=366.79 arrive_distance=120.00 target=2245.00, -3609.00 first=2245.00, -3609.00 last=869.96, -2145.91 worker_status=path_route worker_version=1
[2026-04-26 23:27:51.180][17284][INFO] [Lua] [Leveling] MoveTo issued | target=2245.00, -3609.00 source=task_path_route path_index=1 interval_ms=1200 via=nav_worker worker_mode=path_route route_index=1/11 route_dir=-1 route_distance=416.49 route_point=2245.00, -3609.00 original_index=1
[2026-04-26 23:27:51.180][17284][INFO] [Lua] [Leveling] IsMainInterface=false but player position is available, continue leveling.
[2026-04-26 23:27:51.182][17284][INFO] [Lua] [Leveling] exec trace | stage=follow_task reason=follow_task_move task=圣诫之末 detail= pos=1861.92, -3772.45, 3243.19 target_source=task_path target=2245.00, -3609.00, 3249.00 destination=2245.00, -3609.00, 3100.00 goal_distance=416.49 objective_mode=
[2026-04-26 23:27:51.183][17284][INFO] [Lua] [Leveling] heartbeat | stage=follow_task tick=272 pos=1861.92, -3772.45, 3243.19 target=2245.00, -3609.00 path_points=11
[2026-04-26 23:27:52.172][8408][DEBUG] DriverMode: ExecRemoteCall func=0x7FF7761AB710, ret=889514879184
[2026-04-26 23:27:52.219][17284][INFO] [Lua] [Leveling] exec trace | stage=follow_task reason=follow_task_move task=圣诫之末 detail= pos=1881.90, -3763.73, 3243.62 target_source=task_path target=2245.00, -3609.00, 3249.00 destination=2245.00, -3609.00, 3100.00 goal_distance=394.69 objective_mode=
[2026-04-26 23:27:52.219][17284][INFO] [Lua] [Leveling] monster scan found no nearby target: No nearby monster around player. total=1 nearest= nearest_player_distance=1833.28 destination=2245.00, -3609.00 source=task_pos
[2026-04-26 23:27:52.896][17284][INFO] [Lua] [Leveling] global task portal button not visible: Nearby button not found.
[2026-04-26 23:27:52.897][17284][INFO] [Lua] [Leveling] exec trace | stage=follow_task reason=follow_task_move task=圣诫之末 detail= pos=1939.02, -3700.82, 3246.77 target_source=task_path target=2245.00, -3609.00, 3249.00 destination=2245.00, -3609.00, 3100.00 goal_distance=319.46 objective_mode=
[2026-04-26 23:27:52.897][17284][INFO] [Lua] [Leveling] nav worker path route keep | source=task_path window=1-11/11 direction=reverse target_route=1 target_path=1 nearest=2 current_distance=319.46 arrive_distance=120.00 target=2245.00, -3609.00 first=2245.00, -3609.00 last=869.96, -2145.91 worker_status=path_route worker_version=1
[2026-04-26 23:27:52.934][17284][INFO] [Lua] [Leveling] exec trace | stage=follow_task reason=follow_task_move task=圣诫之末 detail= pos=1939.72, -3700.01, 3246.80 target_source=task_path target=2245.00, -3609.00, 3249.00 destination=2245.00, -3609.00, 3100.00 goal_distance=318.56 objective_mode=
[2026-04-26 23:27:53.381][8408][DEBUG] DriverMode: ExecRemoteCall func=0x7FF7761AB710, ret=889514879184
[2026-04-26 23:27:53.506][17284][INFO] [Lua] [Leveling] MoveTo issued | target=2245.00, -3609.00 source=task_path_route path_index=1 interval_ms=1200 via=nav_worker worker_mode=path_route route_index=1/11 route_dir=-1 route_distance=281.63 route_point=2245.00, -3609.00 original_index=1
[2026-04-26 23:27:53.506][17284][INFO] [Lua] [Leveling] exec trace | stage=follow_task reason=follow_task_move task=圣诫之末 detail= pos=1957.31, -3679.42, 3247.68 target_source=task_path target=2245.00, -3609.00, 3249.00 destination=2245.00, -3609.00, 3100.00 goal_distance=296.18 objective_mode=
[2026-04-26 23:27:54.592][8408][DEBUG] DriverMode: ExecRemoteCall func=0x7FF7761AB710, ret=889514879184
[2026-04-26 23:27:54.749][17284][INFO] [Lua] [Leveling] nav worker path route keep | source=task_path window=1-11/11 direction=reverse target_route=1 target_path=1 nearest=2 current_distance=296.18 arrive_distance=120.00 target=2245.00, -3609.00 first=2245.00, -3609.00 last=869.96, -2145.91 worker_status=path_route worker_version=1
[2026-04-26 23:27:54.749][17284][INFO] [Lua] [Leveling] monster scan found no nearby target: No nearby monster around player. total=1 nearest= nearest_player_distance=1833.34 destination=2245.00, -3609.00 source=task_pos
[2026-04-26 23:27:54.795][17284][INFO] [Lua] [Leveling] IsMainInterface=false but player position is available, continue leveling.
[2026-04-26 23:27:54.797][17284][INFO] [Lua] [Leveling] exec trace | stage=follow_task reason=follow_task_move task=圣诫之末 detail= pos=2011.79, -3619.13, 3250.44 target_source=task_path target=2245.00, -3609.00, 3249.00 destination=2245.00, -3609.00, 3100.00 goal_distance=233.44 objective_mode=
[2026-04-26 23:27:54.797][17284][INFO] [Lua] [Leveling] heartbeat | stage=follow_task tick=294 pos=2011.79, -3619.13, 3250.44 target=2245.00, -3609.00 path_points=11
[2026-04-26 23:27:55.805][8408][DEBUG] DriverMode: ExecRemoteCall func=0x7FF7761AB710, ret=889514879184
[2026-04-26 23:27:55.836][17284][INFO] [Lua] [Leveling] MoveTo issued | target=2245.00, -3609.00 source=task_path_route path_index=1 interval_ms=1200 via=nav_worker worker_mode=path_route route_index=1/11 route_dir=-1 route_distance=233.44 route_point=2245.00, -3609.00 original_index=1
[2026-04-26 23:27:56.406][17284][INFO] [Lua] [Leveling] global task portal button not visible: Nearby button not found.
[2026-04-26 23:27:56.407][17284][INFO] [Lua] [Leveling] exec trace | stage=follow_task reason=follow_task_move task=圣诫之末 detail= pos=2005.01, -3625.91, 3250.22 target_source=task_path target=2245.00, -3609.00, 3249.00 destination=2245.00, -3609.00, 3100.00 goal_distance=240.59 objective_mode=
[2026-04-26 23:27:56.408][17284][INFO] [Lua] [Leveling] nav worker path route keep | source=task_path window=1-11/11 direction=reverse target_route=1 target_path=1 nearest=2 current_distance=240.59 arrive_distance=120.00 target=2245.00, -3609.00 first=2245.00, -3609.00 last=869.96, -2145.91 worker_status=path_route worker_version=1
[2026-04-26 23:27:56.445][17284][INFO] [Lua] [Leveling] exec trace | stage=follow_task reason=follow_task_move task=圣诫之末 detail= pos=1973.48, -3657.44, 3248.52 target_source=task_path target=2245.00, -3609.00, 3249.00 destination=2245.00, -3609.00, 3100.00 goal_distance=275.80 objective_mode=
[2026-04-26 23:27:56.784][17284][INFO] [Lua] [Leveling] monster scan found no nearby target: No nearby monster around player. total=1 nearest= nearest_player_distance=1831.80 destination=2245.00, -3609.00 source=task_pos
[2026-04-26 23:27:57.014][8408][DEBUG] DriverMode: ExecRemoteCall func=0x7FF7761AB710, ret=889514879184
[2026-04-26 23:27:57.141][17284][INFO] [Lua] [Leveling] exec trace | stage=follow_task reason=follow_task_move task=圣诫之末 detail= pos=1935.18, -3695.74, 3246.73 target_source=task_path target=2245.00, -3609.00, 3249.00 destination=2245.00, -3609.00, 3100.00 goal_distance=321.73 objective_mode=
[2026-04-26 23:27:58.166][17284][INFO] [Lua] [Leveling] nav worker path route keep | source=task_path window=1-11/11 direction=reverse target_route=1 target_path=1 nearest=2 current_distance=321.73 arrive_distance=120.00 target=2245.00, -3609.00 first=2245.00, -3609.00 last=869.96, -2145.91 worker_status=path_route worker_version=1
[2026-04-26 23:27:58.210][17284][INFO] [Lua] [Leveling] IsMainInterface=false but player position is available, continue leveling.
[2026-04-26 23:27:58.212][17284][INFO] [Lua] [Leveling] exec trace | stage=follow_task reason=follow_task_move task=圣诫之末 detail= pos=1935.18, -3695.74, 3246.73 target_source=task_path target=2245.00, -3609.00, 3249.00 destination=2245.00, -3609.00, 3100.00 goal_distance=321.73 objective_mode=
[2026-04-26 23:27:58.212][17284][INFO] [Lua] [Leveling] heartbeat | stage=follow_task tick=315 pos=1935.18, -3695.74, 3246.73 target=2245.00, -3609.00 path_points=11
[2026-04-26 23:27:58.225][8408][DEBUG] DriverMode: ExecRemoteCall func=0x7FF7761AB710, ret=889514879184
[2026-04-26 23:27:58.319][17284][INFO] [Lua] [Leveling] MoveTo issued | target=2245.00, -3609.00 source=task_path_route path_index=1 interval_ms=1200 via=nav_worker worker_mode=path_route route_index=1/11 route_dir=-1 route_distance=353.79 route_point=2245.00, -3609.00 original_index=1
[2026-04-26 23:27:58.319][17284][INFO] [Lua] [Leveling] exec trace | stage=follow_task reason=follow_task_move task=圣诫之末 detail= pos=1896.88, -3734.04, 3244.24 target_source=task_path target=2245.00, -3609.00, 3249.00 destination=2245.00, -3609.00, 3100.00 goal_distance=369.89 objective_mode=
[2026-04-26 23:27:58.784][17284][INFO] [Lua] [Leveling] monster scan found no nearby target: No nearby monster around player. total=1 nearest= nearest_player_distance=1823.96 destination=2245.00, -3609.00 source=task_pos
[2026-04-26 23:27:59.436][8408][DEBUG] DriverMode: ExecRemoteCall func=0x7FF7761AB710, ret=889514879184
[2026-04-26 23:27:59.942][17284][INFO] [Lua] [Leveling] global task portal button not visible: Nearby button not found.
[2026-04-26 23:27:59.942][17284][INFO] [Lua] [Leveling] exec trace | stage=follow_task reason=follow_task_move task=圣诫之末 detail= pos=1896.88, -3734.04, 3244.24 target_source=task_path target=2245.00, -3609.00, 3249.00 destination=2245.00, -3609.00, 3100.00 goal_distance=369.89 objective_mode=
[2026-04-26 23:27:59.942][17284][INFO] [Lua] [Leveling] nav worker path route keep | source=task_path window=1-11/11 direction=reverse target_route=1 target_path=1 nearest=2 current_distance=369.89 arrive_distance=120.00 target=2245.00, -3609.00 first=2245.00, -3609.00 last=869.96, -2145.91 worker_status=path_route worker_version=1
[2026-04-26 23:27:59.981][17284][INFO] [Lua] [Leveling] MoveTo issued | target=2245.00, -3609.00 source=task_path_route path_index=1 interval_ms=1200 via=nav_worker worker_mode=path_route route_index=1/11 route_dir=-1 route_distance=255.08 route_point=2245.00, -3609.00 original_index=1
[2026-04-26 23:27:59.983][17284][INFO] [Lua] [Leveling] exec trace | stage=follow_task reason=follow_task_move task=圣诫之末 detail= pos=2000.00, -3680.00, 3249.00 target_source=task_path target=2245.00, -3609.00, 3249.00 destination=2245.00, -3609.00, 3100.00 goal_distance=255.08 objective_mode=
[2026-04-26 23:28:00.647][8408][DEBUG] DriverMode: ExecRemoteCall func=0x7FF7761AB710, ret=889514879184
[2026-04-26 23:28:00.787][17284][INFO] [Lua] [Leveling] exec trace | stage=follow_task reason=follow_task_move task=圣诫之末 detail= pos=1953.77, -3699.15, 3247.26 target_source=task_path target=2245.00, -3609.00, 3249.00 destination=2245.00, -3609.00, 3100.00 goal_distance=304.87 objective_mode=
[2026-04-26 23:28:00.787][17284][INFO] [Lua] [Leveling] monster scan found no nearby target: No nearby monster around player. total=1 nearest= nearest_player_distance=1866.61 destination=2245.00, -3609.00 source=task_pos
[2026-04-26 23:28:01.742][17284][INFO] [Lua] [Leveling] nav worker path route keep | source=task_path window=1-11/11 direction=reverse target_route=1 target_path=1 nearest=2 current_distance=304.87 arrive_distance=120.00 target=2245.00, -3609.00 first=2245.00, -3609.00 last=869.96, -2145.91 worker_status=path_route worker_version=1
[2026-04-26 23:28:01.782][17284][INFO] [Lua] [Leveling] IsMainInterface=false but player position is available, continue leveling.
[2026-04-26 23:28:01.784][17284][INFO] [Lua] [Leveling] heartbeat | stage=follow_task tick=337 pos=1953.77, -3699.15, 3247.26 target=2245.00, -3609.00 path_points=11
[2026-04-26 23:28:01.860][8408][DEBUG] DriverMode: ExecRemoteCall func=0x7FF7761AB710, ret=889514879184
[2026-04-26 23:28:01.891][17284][INFO] [Lua] [Leveling] MoveTo issued | target=2245.00, -3609.00 source=task_path_route path_index=1 interval_ms=1200 via=nav_worker worker_mode=path_route route_index=1/11 route_dir=-1 route_distance=304.87 route_point=2245.00, -3609.00 original_index=1
[2026-04-26 23:28:01.891][17284][INFO] [Lua] [Leveling] exec trace | stage=follow_task reason=follow_task_move task=圣诫之末 detail= pos=1935.77, -3717.15, 3246.25 target_source=task_path target=2245.00, -3609.00, 3249.00 destination=2245.00, -3609.00, 3100.00 goal_distance=327.60 objective_mode=
[2026-04-26 23:28:02.000][17284][INFO] [Lua] [Leveling] exec trace | stage=follow_task reason=follow_task_move task=圣诫之末 detail= pos=1915.46, -3737.45, 3244.67 target_source=task_path target=2245.00, -3609.00, 3249.00 destination=2245.00, -3609.00, 3100.00 goal_distance=353.69 objective_mode=
[2026-04-26 23:28:02.792][17284][INFO] [Lua] [Leveling] monster scan found no nearby target: No nearby monster around player. total=1 nearest= nearest_player_distance=1839.99 destination=2245.00, -3609.00 source=task_pos
[2026-04-26 23:28:03.071][8408][DEBUG] DriverMode: ExecRemoteCall func=0x7FF7761AB710, ret=889514879184
[2026-04-26 23:28:03.465][17284][INFO] [Lua] [Leveling] global task portal button not visible: Nearby button not found.
[2026-04-26 23:28:03.466][17284][INFO] [Lua] [Leveling] nav worker path route keep | source=task_path window=1-11/11 direction=reverse target_route=1 target_path=1 nearest=2 current_distance=353.69 arrive_distance=120.00 target=2245.00, -3609.00 first=2245.00, -3609.00 last=869.96, -2145.91 worker_status=path_route worker_version=1
[2026-04-26 23:28:03.506][17284][INFO] [Lua] [Leveling] MoveTo issued | target=2245.00, -3609.00 source=task_path_route path_index=1 interval_ms=1200 via=nav_worker worker_mode=path_route route_index=1/11 route_dir=-1 route_distance=403.87 route_point=2245.00, -3609.00 original_index=1
[2026-04-26 23:28:03.508][17284][INFO] [Lua] [Leveling] exec trace | stage=follow_task reason=follow_task_move task=圣诫之末 detail= pos=1877.16, -3775.75, 3243.66 target_source=task_path target=2245.00, -3609.00, 3249.00 destination=2245.00, -3609.00, 3100.00 goal_distance=403.87 objective_mode=
[2026-04-26 23:28:04.278][8408][DEBUG] DriverMode: ExecRemoteCall func=0x7FF7761AB710, ret=889514879184
[2026-04-26 23:28:04.356][17284][INFO] [Lua] [Leveling] exec trace | stage=follow_task reason=follow_task_move task=圣诫之末 detail= pos=1837.65, -3805.64, 3241.96 target_source=task_path target=2245.00, -3609.00, 3249.00 destination=2245.00, -3609.00, 3100.00 goal_distance=452.33 objective_mode=
[2026-04-26 23:28:04.480][17284][INFO] [Lua] [Leveling] exec trace | stage=follow_task reason=follow_task_move task=圣诫之末 detail= pos=1834.11, -3807.64, 3241.82 target_source=task_path target=2245.00, -3609.00, 3249.00 destination=2245.00, -3609.00, 3100.00 goal_distance=456.39 objective_mode=
[2026-04-26 23:28:05.283][17284][INFO] [Lua] [Leveling] nav worker path route keep | source=task_path window=1-11/11 direction=reverse target_route=1 target_path=1 nearest=2 current_distance=456.39 arrive_distance=120.00 target=2245.00, -3609.00 first=2245.00, -3609.00 last=869.96, -2145.91 worker_status=path_route worker_version=1
[2026-04-26 23:28:05.283][17284][INFO] [Lua] [Leveling] monster scan found no nearby target: No nearby monster around player. total=1 nearest= nearest_player_distance=1830.03 destination=2245.00, -3609.00 source=task_pos
[2026-04-26 23:28:05.316][17284][INFO] [Lua] [Leveling] IsMainInterface=false but player position is available, continue leveling.
[2026-04-26 23:28:05.317][17284][INFO] [Lua] [Leveling] heartbeat | stage=follow_task tick=359 pos=1834.11, -3807.64, 3241.82 target=2245.00, -3609.00 path_points=11
[2026-04-26 23:28:05.487][8408][DEBUG] DriverMode: ExecRemoteCall func=0x7FF7761AB710, ret=889514879184
[2026-04-26 23:28:05.550][17284][INFO] [Lua] [Leveling] MoveTo issued | target=2245.00, -3609.00 source=task_path_route path_index=1 interval_ms=1200 via=nav_worker worker_mode=path_route route_index=1/11 route_dir=-1 route_distance=425.80 route_point=2245.00, -3609.00 original_index=1
[2026-04-26 23:28:05.551][17284][INFO] [Lua] [Leveling] exec trace | stage=follow_task reason=follow_task_move task=圣诫之末 detail= pos=1875.38, -3786.69, 3243.44 target_source=task_path target=2245.00, -3609.00, 3249.00 destination=2245.00, -3609.00, 3100.00 goal_distance=410.11 objective_mode=
[2026-04-26 23:28:05.659][17284][INFO] [Lua] [Leveling] exec trace | stage=follow_task reason=follow_task_move task=圣诫之末 detail= pos=1917.65, -3741.92, 3244.52 target_source=task_path target=2245.00, -3609.00, 3249.00 destination=2245.00, -3609.00, 3100.00 goal_distance=353.31 objective_mode=
[2026-04-26 23:28:06.692][8408][DEBUG] DriverMode: ExecRemoteCall func=0x7FF7761AB710, ret=889514879184
[2026-04-26 23:28:07.018][17284][INFO] [Lua] [Leveling] global task portal button not visible: Nearby button not found.
[2026-04-26 23:28:07.018][17284][INFO] [Lua] [Leveling] nav worker path route keep | source=task_path window=1-11/11 direction=reverse target_route=1 target_path=1 nearest=2 current_distance=353.31 arrive_distance=120.00 target=2245.00, -3609.00 first=2245.00, -3609.00 last=869.96, -2145.91 worker_status=path_route worker_version=1
[2026-04-26 23:28:07.064][17284][INFO] [Lua] [Leveling] MoveTo issued | target=2245.00, -3609.00 source=task_path_route path_index=1 interval_ms=1200 via=nav_worker worker_mode=path_route route_index=1/11 route_dir=-1 route_distance=403.76 route_point=2245.00, -3609.00 original_index=1
[2026-04-26 23:28:07.066][17284][INFO] [Lua] [Leveling] exec trace | stage=follow_task reason=follow_task_move task=圣诫之末 detail= pos=1879.35, -3780.22, 3243.66 target_source=task_path target=2245.00, -3609.00, 3249.00 destination=2245.00, -3609.00, 3100.00 goal_distance=403.76 objective_mode=
[2026-04-26 23:28:07.297][17284][INFO] [Lua] [Leveling] monster scan found no nearby target: No nearby monster around player. total=1 nearest= nearest_player_distance=1842.84 destination=2245.00, -3609.00 source=task_pos
[2026-04-26 23:28:07.904][8408][DEBUG] DriverMode: ExecRemoteCall func=0x7FF7761AB710, ret=889514879184
[2026-04-26 23:28:08.013][17284][INFO] [Lua] [Leveling] exec trace | stage=follow_task reason=follow_task_move task=圣诫之末 detail= pos=1836.29, -3812.11, 3241.82 target_source=task_path target=2245.00, -3609.00, 3249.00 destination=2245.00, -3609.00, 3100.00 goal_distance=456.39 objective_mode=
[2026-04-26 23:28:08.817][17284][INFO] [Lua] [Leveling] nav worker path route keep | source=task_path window=1-11/11 direction=reverse target_route=1 target_path=1 nearest=2 current_distance=456.39 arrive_distance=120.00 target=2245.00, -3609.00 first=2245.00, -3609.00 last=869.96, -2145.91 worker_status=path_route worker_version=1
[2026-04-26 23:28:08.854][17284][INFO] [Lua] [Leveling] IsMainInterface=false but player position is available, continue leveling.
[2026-04-26 23:28:08.857][17284][INFO] [Lua] [Leveling] heartbeat | stage=follow_task tick=381 pos=1836.29, -3812.11, 3241.82 target=2245.00, -3609.00 path_points=11
[2026-04-26 23:28:09.086][17284][INFO] [Lua] [Leveling] exec trace | stage=follow_task reason=follow_task_move task=圣诫之末 detail= pos=1836.29, -3812.11, 3241.82 target_source=task_path target=2245.00, -3609.00, 3249.00 destination=2245.00, -3609.00, 3100.00 goal_distance=456.39 objective_mode=
[2026-04-26 23:28:09.116][8408][DEBUG] DriverMode: ExecRemoteCall func=0x7FF7761AB710, ret=889514879184
[2026-04-26 23:28:09.209][17284][INFO] [Lua] [Leveling] MoveTo issued | target=2245.00, -3609.00 source=task_path_route path_index=1 interval_ms=1200 via=nav_worker worker_mode=path_route route_index=1/11 route_dir=-1 route_distance=426.79 route_point=2245.00, -3609.00 original_index=1
[2026-04-26 23:28:09.211][17284][INFO] [Lua] [Leveling] exec trace | stage=follow_task reason=follow_task_move task=圣诫之末 detail= pos=1891.69, -3778.44, 3244.08 target_source=task_path target=2245.00, -3609.00, 3249.00 destination=2245.00, -3609.00, 3100.00 goal_distance=391.84 objective_mode=
[2026-04-26 23:28:09.318][17284][INFO] [Lua] [Leveling] exec trace | stage=follow_task reason=follow_task_move task=圣诫之末 detail= pos=1919.62, -3745.97, 3244.52 target_source=task_path target=2245.00, -3609.00, 3249.00 destination=2245.00, -3609.00, 3100.00 goal_distance=353.03 objective_mode=
[2026-04-26 23:28:09.319][17284][INFO] [Lua] [Leveling] monster scan found no nearby target: No nearby monster around player. total=1 nearest= nearest_player_distance=1850.51 destination=2245.00, -3609.00 source=task_pos
[2026-04-26 23:28:10.327][8408][DEBUG] DriverMode: ExecRemoteCall func=0x7FF7761AB710, ret=889514879184
[2026-04-26 23:28:10.596][17284][INFO] [Lua] [Leveling] global task portal button not visible: Nearby button not found.
[2026-04-26 23:28:10.597][17284][INFO] [Lua] [Leveling] nav worker path route keep | source=task_path window=1-11/11 direction=reverse target_route=1 target_path=1 nearest=2 current_distance=353.03 arrive_distance=120.00 target=2245.00, -3609.00 first=2245.00, -3609.00 last=869.96, -2145.91 worker_status=path_route worker_version=1
[2026-04-26 23:28:10.637][17284][INFO] [Lua] [Leveling] exec trace | stage=follow_task reason=follow_task_move task=圣诫之末 detail= pos=1881.32, -3784.27, 3243.66 target_source=task_path target=2245.00, -3609.00, 3249.00 destination=2245.00, -3609.00, 3100.00 goal_distance=403.71 objective_mode=
[2026-04-26 23:28:10.977][17284][INFO] [Lua] [Leveling] main task call begin | stage=follow_task task=圣诫之末 detail= mode=hard_refresh queries=圣诫之末 -> 主线 圣诫之末 -> 主线
[2026-04-26 23:28:11.265][17284][WARN] [Lua] [Leveling] TaskBtn locator unavailable for main task call: locator matched no current button. include=taskitem_c.widgettree.taskbtn hint=(94.039993,224.160004) max_distance=120.0 related= related_miss=0
[2026-04-26 23:28:11.534][8408][DEBUG] DriverMode: ExecRemoteCall func=0x7FF7761AB710, ret=889514879184
[2026-04-26 23:28:12.411][17284][INFO] [Lua] [Leveling] main task panel queries missed, fallback to TaskBtn hint lookup | stage=follow_task task=圣诫之末 detail=
[2026-04-26 23:28:12.744][8408][DEBUG] DriverMode: ExecRemoteCall func=0x7FF7761AB710, ret=889514879184
[2026-04-26 23:28:13.335][17284][INFO] [Lua] [Leveling] main task button nearby-text click fallback hit | mode=window_post_click text=主线 圣诫之末 text_pos=(123.12,232.76) click_pos=(95.04,229.16)
[2026-04-26 23:28:13.624][17284][INFO] [Lua] [Leveling] task name candidates | map= button_text=主线 圣诫之末 related_text=主线 圣诫之末 anchor=(95.04,229.16)
[2026-04-26 23:28:13.624][17284][INFO] [Lua] [Leveling] main task panel entry clicked | query=nearby_text:window_click task=圣诫之末 detail= mode=hard_refresh raw=主线 圣诫之末 kind=主线 addr= pos=(95.04,229.16)
[2026-04-26 23:28:13.624][17284][INFO] [Lua] [Leveling] follow path idle detected, refresh main task button | current_distance=403.71 destination_distance=403.71 goal_distance=403.71 no_progress_ms=7470 point_stagnant_ms=68684 move_failure_streak=0 stall_retry_count=0
[2026-04-26 23:28:13.625][17284][INFO] [Lua] [Leveling] exec trace | stage=refresh_task_button_follow_idle reason=follow_idle_refresh task=圣诫之末 detail= pos=1881.32, -3784.27, 3243.66 target_source=task_path target=2245.00, -3609.00, 3249.00 destination=2245.00, -3609.00, 3100.00 goal_distance=403.71 objective_mode=
[2026-04-26 23:28:13.625][17284][INFO] [Lua] [Leveling] navigation hold | reason=refresh_task_button_follow_idle
[2026-04-26 23:28:13.660][17284][INFO] [Lua] [Leveling] nav worker status | paused
[2026-04-26 23:28:13.660][17284][INFO] [Lua] [Leveling] MoveTo issued | target=2245.00, -3609.00 source=task_path_route path_index=1 interval_ms=1200 via=nav_worker worker_mode=path_route route_index=1/11 route_dir=-1 route_distance=352.83 route_point=2245.00, -3609.00 original_index=1
[2026-04-26 23:28:13.661][17284][INFO] [Lua] [Leveling] IsMainInterface=false but player position is available, continue leveling.
[2026-04-26 23:28:13.661][17284][WARN] [Lua] [Leveling] main task data unavailable after task button click. path_err=GetMainTaskPath returned no usable points. pos_err=GetMainTaskPos returned zero coordinates.
[2026-04-26 23:28:13.661][17284][INFO] [Lua] [Leveling] exec trace | stage=wait_task_path_after_button reason=waiting_task_path_after_button task=圣诫之末 detail= pos=1921.48, -3749.80, 3244.64 target_source= target=nil destination=nil goal_distance=nil objective_mode=
[2026-04-26 23:28:13.662][17284][INFO] [Lua] [Leveling] navigation hold | reason=wait_task_path_after_button
[2026-04-26 23:28:13.662][17284][INFO] [Lua] [Leveling] heartbeat | stage=wait_task_path_after_button tick=396 pos=1921.48, -3749.80, 3244.64 target=nil path_points=0
[2026-04-26 23:28:14.059][17284][INFO] [Lua] [Leveling] global task portal suppressed during startup/task reacquire | stage=wait_task_path_after_button has_target=false startup_resolving=false
[2026-04-26 23:28:14.341][17284][INFO] [Lua] [Leveling] guide skip button not visible: Nearby button not found.
[2026-04-26 23:28:14.341][17284][INFO] [Lua] [Leveling] exec trace | stage=wait_task reason=no_task_target_wait task=圣诫之末 detail= pos=1921.48, -3749.80, 3244.64 target_source= target=nil destination=nil goal_distance=nil objective_mode=
[2026-04-26 23:28:14.341][17284][INFO] [Lua] [Leveling] navigation hold | reason=wait_task
[2026-04-26 23:28:15.611][17284][INFO] [Lua] [Leveling] exec trace | stage=wait_task reason=no_task_target_wait task=圣诫之末 detail= pos=1921.48, -3749.80, 3244.64 target_source= target=nil destination=nil goal_distance=nil objective_mode=
[2026-04-26 23:28:15.653][17284][INFO] [Lua] [Leveling] exec trace | stage=click_task_button reason=click_task_button task=圣诫之末 detail= pos=1921.48, -3749.80, 3244.64 target_source= target=nil destination=nil goal_distance=nil objective_mode=
[2026-04-26 23:28:15.653][17284][INFO] [Lua] [Leveling] main task call begin | stage=click_task_button task=圣诫之末 detail= mode=hard_refresh queries=圣诫之末 -> 主线 圣诫之末 -> 主线
[2026-04-26 23:28:15.944][17284][WARN] [Lua] [Leveling] TaskBtn locator unavailable for main task call: locator matched no current button. include=taskitem_c.widgettree.taskbtn hint=(94.039993,224.160004) max_distance=120.0 related= related_miss=0
[2026-04-26 23:28:17.085][17284][INFO] [Lua] [Leveling] main task panel queries missed, fallback to TaskBtn hint lookup | stage=click_task_button task=圣诫之末 detail=
[2026-04-26 23:28:18.040][17284][INFO] [Lua] [Leveling] main task button nearby-text click fallback hit | mode=window_post_click text=主线 圣诫之末 text_pos=(123.12,232.76) click_pos=(95.04,229.16)
[2026-04-26 23:28:18.325][17284][INFO] [Lua] [Leveling] task name candidates | map= button_text=主线 圣诫之末 related_text=主线 圣诫之末 anchor=(95.04,229.16)
[2026-04-26 23:28:18.325][17284][INFO] [Lua] [Leveling] main task panel entry clicked | query=nearby_text:window_click task=圣诫之末 detail= mode=hard_refresh raw=主线 圣诫之末 kind=主线 addr= pos=(95.04,229.16)
[2026-04-26 23:28:18.326][17284][INFO] [Lua] [Leveling] exec trace | stage=wait_task_path_after_button reason=waiting_task_path_after_button task=圣诫之末 detail= pos=1921.48, -3749.80, 3244.64 target_source= target=nil destination=nil goal_distance=nil objective_mode=
[2026-04-26 23:28:18.326][17284][INFO] [Lua] [Leveling] navigation hold | reason=wait_task_path_after_button
[2026-04-26 23:28:18.368][17284][INFO] [Lua] [Leveling] IsMainInterface=false but player position is available, continue leveling.
[2026-04-26 23:28:18.369][17284][WARN] [Lua] [Leveling] main task data unavailable after task button click. path_err=GetMainTaskPath returned no usable points. pos_err=GetMainTaskPos returned zero coordinates.
[2026-04-26 23:28:18.369][17284][INFO] [Lua] [Leveling] exec trace | stage=wait_task_path_after_button reason=waiting_task_path_after_button task=圣诫之末 detail= pos=1921.48, -3749.80, 3244.64 target_source= target=nil destination=nil goal_distance=nil objective_mode=
[2026-04-26 23:28:18.369][17284][INFO] [Lua] [Leveling] heartbeat | stage=wait_task_path_after_button tick=402 pos=1921.48, -3749.80, 3244.64 target=nil path_points=0
[2026-04-26 23:28:18.768][17284][INFO] [Lua] [Leveling] global task portal suppressed during startup/task reacquire | stage=wait_task_path_after_button has_target=false startup_resolving=false
[2026-04-26 23:28:19.047][17284][INFO] [Lua] [Leveling] guide skip button not visible: Nearby button not found.
[2026-04-26 23:28:19.048][17284][INFO] [Lua] [Leveling] exec trace | stage=wait_task reason=no_task_target_wait task=圣诫之末 detail= pos=1921.48, -3749.80, 3244.64 target_source= target=nil destination=nil goal_distance=nil objective_mode=
[2026-04-26 23:28:19.048][17284][INFO] [Lua] [Leveling] navigation hold | reason=wait_task
[2026-04-26 23:28:20.305][17284][INFO] [Lua] [Leveling] exec trace | stage=wait_task reason=no_task_target_wait task=圣诫之末 detail= pos=1921.48, -3749.80, 3244.64 target_source= target=nil destination=nil goal_distance=nil objective_mode=
[2026-04-26 23:28:20.349][17284][INFO] [Lua] [Leveling] exec trace | stage=click_task_button reason=click_task_button task=圣诫之末 detail= pos=1921.48, -3749.80, 3244.64 target_source= target=nil destination=nil goal_distance=nil objective_mode=
[2026-04-26 23:28:20.350][17284][INFO] [Lua] [Leveling] main task call begin | stage=click_task_button task=圣诫之末 detail= mode=hard_refresh queries=圣诫之末 -> 主线 圣诫之末 -> 主线
[2026-04-26 23:28:20.641][17284][WARN] [Lua] [Leveling] TaskBtn locator unavailable for main task call: locator matched no current button. include=taskitem_c.widgettree.taskbtn hint=(94.039993,224.160004) max_distance=120.0 related= related_miss=0
[2026-04-26 23:28:21.765][17284][INFO] [Lua] [Leveling] main task panel queries missed, fallback to TaskBtn hint lookup | stage=click_task_button task=圣诫之末 detail=
[2026-04-26 23:28:22.689][17284][INFO] [Lua] [Leveling] main task button nearby-text click fallback hit | mode=window_post_click text=主线 圣诫之末 text_pos=(123.12,232.76) click_pos=(95.04,229.16)
[2026-04-26 23:28:22.974][17284][INFO] [Lua] [Leveling] task name candidates | map= button_text=主线 圣诫之末 related_text=主线 圣诫之末 anchor=(95.04,229.16)
[2026-04-26 23:28:22.975][17284][INFO] [Lua] [Leveling] main task panel entry clicked | query=nearby_text:window_click task=圣诫之末 detail= mode=hard_refresh raw=主线 圣诫之末 kind=主线 addr= pos=(95.04,229.16)
[2026-04-26 23:28:22.975][17284][INFO] [Lua] [Leveling] exec trace | stage=wait_task_path_after_button reason=waiting_task_path_after_button task=圣诫之末 detail= pos=1921.48, -3749.80, 3244.64 target_source= target=nil destination=nil goal_distance=nil objective_mode=
[2026-04-26 23:28:22.975][17284][INFO] [Lua] [Leveling] navigation hold | reason=wait_task_path_after_button
[2026-04-26 23:28:23.015][17284][INFO] [Lua] [Leveling] IsMainInterface=false but player position is available, continue leveling.
[2026-04-26 23:28:23.015][17284][WARN] [Lua] [Leveling] main task data unavailable after task button click. path_err=GetMainTaskPath returned no usable points. pos_err=GetMainTaskPos returned zero coordinates.
[2026-04-26 23:28:23.015][17284][INFO] [Lua] [Leveling] exec trace | stage=wait_task_path_after_button reason=waiting_task_path_after_button task=圣诫之末 detail= pos=1921.48, -3749.80, 3244.64 target_source= target=nil destination=nil goal_distance=nil objective_mode=
[2026-04-26 23:28:23.016][17284][INFO] [Lua] [Leveling] heartbeat | stage=wait_task_path_after_button tick=408 pos=1921.48, -3749.80, 3244.64 target=nil path_points=0
[2026-04-26 23:28:23.413][17284][INFO] [Lua] [Leveling] global task portal suppressed during startup/task reacquire | stage=wait_task_path_after_button has_target=false startup_resolving=false
[2026-04-26 23:28:23.696][17284][INFO] [Lua] [Leveling] guide skip button not visible: Nearby button not found.
[2026-04-26 23:28:23.697][17284][INFO] [Lua] [Leveling] exec trace | stage=wait_task reason=no_task_target_wait task=圣诫之末 detail= pos=1921.48, -3749.80, 3244.64 target_source= target=nil destination=nil goal_distance=nil objective_mode=
[2026-04-26 23:28:23.697][17284][INFO] [Lua] [Leveling] navigation hold | reason=wait_task
[2026-04-26 23:28:24.947][17284][INFO] [Lua] [Leveling] exec trace | stage=wait_task reason=no_task_target_wait task=圣诫之末 detail= pos=1921.48, -3749.80, 3244.64 target_source= target=nil destination=nil goal_distance=nil objective_mode=
[2026-04-26 23:28:24.982][17284][INFO] [Lua] [Leveling] exec trace | stage=click_task_button reason=click_task_button task=圣诫之末 detail= pos=1921.48, -3749.80, 3244.64 target_source= target=nil destination=nil goal_distance=nil objective_mode=
[2026-04-26 23:28:24.982][17284][INFO] [Lua] [Leveling] main task call begin | stage=click_task_button task=圣诫之末 detail= mode=hard_refresh queries=圣诫之末 -> 主线 圣诫之末 -> 主线
[2026-04-26 23:28:25.263][17284][WARN] [Lua] [Leveling] TaskBtn locator unavailable for main task call: locator matched no current button. include=taskitem_c.widgettree.taskbtn hint=(94.039993,224.160004) max_distance=120.0 related= related_miss=0
[2026-04-26 23:28:26.409][17284][INFO] [Lua] [Leveling] main task panel queries missed, fallback to TaskBtn hint lookup | stage=click_task_button task=圣诫之末 detail=
[2026-04-26 23:28:27.357][17284][INFO] [Lua] [Leveling] main task button nearby-text click fallback hit | mode=window_post_click text=主线 圣诫之末 text_pos=(123.12,232.76) click_pos=(95.04,229.16)
[2026-04-26 23:28:27.650][17284][INFO] [Lua] [Leveling] task name candidates | map= button_text=主线 圣诫之末 related_text=主线 圣诫之末 anchor=(95.04,229.16)
[2026-04-26 23:28:27.651][17284][INFO] [Lua] [Leveling] main task panel entry clicked | query=nearby_text:window_click task=圣诫之末 detail= mode=hard_refresh raw=主线 圣诫之末 kind=主线 addr= pos=(95.04,229.16)
[2026-04-26 23:28:27.651][17284][INFO] [Lua] [Leveling] exec trace | stage=wait_task_path_after_button reason=waiting_task_path_after_button task=圣诫之末 detail= pos=1921.48, -3749.80, 3244.64 target_source= target=nil destination=nil goal_distance=nil objective_mode=
[2026-04-26 23:28:27.651][17284][INFO] [Lua] [Leveling] navigation hold | reason=wait_task_path_after_button
[2026-04-26 23:28:27.684][17284][INFO] [Lua] [Leveling] IsMainInterface=false but player position is available, continue leveling.
[2026-04-26 23:28:27.685][17284][WARN] [Lua] [Leveling] main task data unavailable after task button click. path_err=GetMainTaskPath returned no usable points. pos_err=GetMainTaskPos returned zero coordinates.
[2026-04-26 23:28:27.685][17284][INFO] [Lua] [Leveling] exec trace | stage=wait_task_path_after_button reason=waiting_task_path_after_button task=圣诫之末 detail= pos=1921.48, -3749.80, 3244.64 target_source= target=nil destination=nil goal_distance=nil objective_mode=
[2026-04-26 23:28:27.685][17284][INFO] [Lua] [Leveling] heartbeat | stage=wait_task_path_after_button tick=414 pos=1921.48, -3749.80, 3244.64 target=nil path_points=0
[2026-04-26 23:28:27.901][18612][DEBUG] HttpClient: Response 200 OK
[2026-04-26 23:28:28.079][17284][INFO] [Lua] [Leveling] global task portal suppressed during startup/task reacquire | stage=wait_task_path_after_button has_target=false startup_resolving=false
[2026-04-26 23:28:28.373][17284][INFO] [Lua] [Leveling] guide skip button not visible: Nearby button not found.
[2026-04-26 23:28:28.373][17284][INFO] [Lua] [Leveling] exec trace | stage=wait_task reason=no_task_target_wait task=圣诫之末 detail= pos=1921.48, -3749.80, 3244.64 target_source= target=nil destination=nil goal_distance=nil objective_mode=
[2026-04-26 23:28:28.374][17284][INFO] [Lua] [Leveling] navigation hold | reason=wait_task
[2026-04-26 23:28:29.646][17284][INFO] [Lua] [Leveling] exec trace | stage=wait_task reason=no_task_target_wait task=圣诫之末 detail= pos=1921.48, -3749.80, 3244.64 target_source= target=nil destination=nil goal_distance=nil objective_mode=
[2026-04-26 23:28:29.687][17284][INFO] [Lua] [Leveling] exec trace | stage=click_task_button reason=click_task_button task=圣诫之末 detail= pos=1921.48, -3749.80, 3244.64 target_source= target=nil destination=nil goal_distance=nil objective_mode=
[2026-04-26 23:28:29.687][17284][INFO] [Lua] [Leveling] main task call begin | stage=click_task_button task=圣诫之末 detail= mode=hard_refresh queries=圣诫之末 -> 主线 圣诫之末 -> 主线
[2026-04-26 23:28:29.966][17284][WARN] [Lua] [Leveling] TaskBtn locator unavailable for main task call: locator matched no current button. include=taskitem_c.widgettree.taskbtn hint=(94.039993,224.160004) max_distance=120.0 related= related_miss=0
[2026-04-26 23:28:31.136][17284][INFO] [Lua] [Leveling] main task panel queries missed, fallback to TaskBtn hint lookup | stage=click_task_button task=圣诫之末 detail=
[2026-04-26 23:28:32.081][17284][INFO] [Lua] [Leveling] main task button nearby-text click fallback hit | mode=window_post_click text=主线 圣诫之末 text_pos=(123.12,232.76) click_pos=(95.04,229.16)
[2026-04-26 23:28:32.375][17284][INFO] [Lua] [Leveling] task name candidates | map= button_text=主线 圣诫之末 related_text=主线 圣诫之末 anchor=(95.04,229.16)
[2026-04-26 23:28:32.375][17284][INFO] [Lua] [Leveling] main task panel entry clicked | query=nearby_text:window_click task=圣诫之末 detail= mode=hard_refresh raw=主线 圣诫之末 kind=主线 addr= pos=(95.04,229.16)
[2026-04-26 23:28:32.375][17284][INFO] [Lua] [Leveling] exec trace | stage=wait_task_path_after_button reason=waiting_task_path_after_button task=圣诫之末 detail= pos=1921.48, -3749.80, 3244.64 target_source= target=nil destination=nil goal_distance=nil objective_mode=
[2026-04-26 23:28:32.376][17284][INFO] [Lua] [Leveling] navigation hold | reason=wait_task_path_after_button
[2026-04-26 23:28:32.422][17284][INFO] [Lua] [Leveling] IsMainInterface=false but player position is available, continue leveling.
[2026-04-26 23:28:32.422][17284][WARN] [Lua] [Leveling] main task data unavailable after task button click. path_err=GetMainTaskPath returned no usable points. pos_err=GetMainTaskPos returned zero coordinates.
[2026-04-26 23:28:32.422][17284][INFO] [Lua] [Leveling] exec trace | stage=wait_task_path_after_button reason=waiting_task_path_after_button task=圣诫之末 detail= pos=1921.48, -3749.80, 3244.64 target_source= target=nil destination=nil goal_distance=nil objective_mode=
[2026-04-26 23:28:32.423][17284][INFO] [Lua] [Leveling] heartbeat | stage=wait_task_path_after_button tick=420 pos=1921.48, -3749.80, 3244.64 target=nil path_points=0
[2026-04-26 23:28:32.829][17284][INFO] [Lua] [Leveling] global task portal suppressed during startup/task reacquire | stage=wait_task_path_after_button has_target=false startup_resolving=false
[2026-04-26 23:28:33.119][17284][INFO] [Lua] [Leveling] guide skip button not visible: Nearby button not found.
[2026-04-26 23:28:33.120][17284][INFO] [Lua] [Leveling] exec trace | stage=wait_task reason=no_task_target_wait task=圣诫之末 detail= pos=1921.48, -3749.80, 3244.64 target_source= target=nil destination=nil goal_distance=nil objective_mode=
[2026-04-26 23:28:33.120][17284][INFO] [Lua] [Leveling] navigation hold | reason=wait_task
[2026-04-26 23:28:34.371][17284][INFO] [Lua] [Leveling] exec trace | stage=wait_task reason=no_task_target_wait task=圣诫之末 detail= pos=1921.48, -3749.80, 3244.64 target_source= target=nil destination=nil goal_distance=nil objective_mode=
[2026-04-26 23:28:34.410][17284][INFO] [Lua] [Leveling] exec trace | stage=click_task_button reason=click_task_button task=圣诫之末 detail= pos=1921.48, -3749.80, 3244.64 target_source= target=nil destination=nil goal_distance=nil objective_mode=
[2026-04-26 23:28:34.410][17284][INFO] [Lua] [Leveling] main task call begin | stage=click_task_button task=圣诫之末 detail= mode=hard_refresh queries=圣诫之末 -> 主线 圣诫之末 -> 主线
[2026-04-26 23:28:34.700][17284][WARN] [Lua] [Leveling] TaskBtn locator unavailable for main task call: locator matched no current button. include=taskitem_c.widgettree.taskbtn hint=(94.039993,224.160004) max_distance=120.0 related= related_miss=0
[2026-04-26 23:28:35.853][17284][INFO] [Lua] [Leveling] main task panel queries missed, fallback to TaskBtn hint lookup | stage=click_task_button task=圣诫之末 detail=
[2026-04-26 23:28:36.785][17284][INFO] [Lua] [Leveling] main task button nearby-text click fallback hit | mode=window_post_click text=主线 圣诫之末 text_pos=(123.12,232.76) click_pos=(95.04,229.16)
[2026-04-26 23:28:37.071][17284][INFO] [Lua] [Leveling] task name candidates | map= button_text=主线 圣诫之末 related_text=主线 圣诫之末 anchor=(95.04,229.16)
[2026-04-26 23:28:37.071][17284][INFO] [Lua] [Leveling] main task panel entry clicked | query=nearby_text:window_click task=圣诫之末 detail= mode=hard_refresh raw=主线 圣诫之末 kind=主线 addr= pos=(95.04,229.16)
[2026-04-26 23:28:37.071][17284][INFO] [Lua] [Leveling] exec trace | stage=wait_task_path_after_button reason=waiting_task_path_after_button task=圣诫之末 detail= pos=1921.48, -3749.80, 3244.64 target_source= target=nil destination=nil goal_distance=nil objective_mode=
[2026-04-26 23:28:37.072][17284][INFO] [Lua] [Leveling] navigation hold | reason=wait_task_path_after_button
[2026-04-26 23:28:37.112][17284][INFO] [Lua] [Leveling] IsMainInterface=false but player position is available, continue leveling.
[2026-04-26 23:28:37.113][17284][WARN] [Lua] [Leveling] main task data unavailable after task button click. path_err=GetMainTaskPath returned no usable points. pos_err=GetMainTaskPos returned zero coordinates.
[2026-04-26 23:28:37.113][17284][INFO] [Lua] [Leveling] exec trace | stage=wait_task_path_after_button reason=waiting_task_path_after_button task=圣诫之末 detail= pos=1921.48, -3749.80, 3244.64 target_source= target=nil destination=nil goal_distance=nil objective_mode=
[2026-04-26 23:28:37.114][17284][INFO] [Lua] [Leveling] heartbeat | stage=wait_task_path_after_button tick=426 pos=1921.48, -3749.80, 3244.64 target=nil path_points=0
[2026-04-26 23:28:37.512][17284][INFO] [Lua] [Leveling] global task portal suppressed during startup/task reacquire | stage=wait_task_path_after_button has_target=false startup_resolving=false
[2026-04-26 23:28:37.797][17284][INFO] [Lua] [Leveling] guide skip button not visible: Nearby button not found.
[2026-04-26 23:28:37.798][17284][INFO] [Lua] [Leveling] exec trace | stage=wait_task reason=no_task_target_wait task=圣诫之末 detail= pos=1921.48, -3749.80, 3244.64 target_source= target=nil destination=nil goal_distance=nil objective_mode=
[2026-04-26 23:28:37.798][17284][INFO] [Lua] [Leveling] navigation hold | reason=wait_task
[2026-04-26 23:28:39.072][17284][INFO] [Lua] [Leveling] exec trace | stage=wait_task reason=no_task_target_wait task=圣诫之末 detail= pos=1921.48, -3749.80, 3244.64 target_source= target=nil destination=nil goal_distance=nil objective_mode=
[2026-04-26 23:28:39.114][17284][INFO] [Lua] [Leveling] exec trace | stage=click_task_button reason=click_task_button task=圣诫之末 detail= pos=1921.48, -3749.80, 3244.64 target_source= target=nil destination=nil goal_distance=nil objective_mode=
[2026-04-26 23:28:39.114][17284][INFO] [Lua] [Leveling] main task call begin | stage=click_task_button task=圣诫之末 detail= mode=hard_refresh queries=圣诫之末 -> 主线 圣诫之末 -> 主线
[2026-04-26 23:28:39.403][17284][WARN] [Lua] [Leveling] TaskBtn locator unavailable for main task call: locator matched no current button. include=taskitem_c.widgettree.taskbtn hint=(94.039993,224.160004) max_distance=120.0 related= related_miss=0
[2026-04-26 23:28:40.562][17284][INFO] [Lua] [Leveling] main task panel queries missed, fallback to TaskBtn hint lookup | stage=click_task_button task=圣诫之末 detail=
[2026-04-26 23:28:41.497][17284][INFO] [Lua] [Leveling] main task button nearby-text click fallback hit | mode=window_post_click text=主线 圣诫之末 text_pos=(123.12,232.76) click_pos=(95.04,229.16)
[2026-04-26 23:28:41.786][17284][INFO] [Lua] [Leveling] task name candidates | map= button_text=主线 圣诫之末 related_text=主线 圣诫之末 anchor=(95.04,229.16)
[2026-04-26 23:28:41.786][17284][INFO] [Lua] [Leveling] main task panel entry clicked | query=nearby_text:window_click task=圣诫之末 detail= mode=hard_refresh raw=主线 圣诫之末 kind=主线 addr= pos=(95.04,229.16)
[2026-04-26 23:28:41.787][17284][INFO] [Lua] [Leveling] exec trace | stage=wait_task_path_after_button reason=waiting_task_path_after_button task=圣诫之末 detail= pos=1921.48, -3749.80, 3244.64 target_source= target=nil destination=nil goal_distance=nil objective_mode=
[2026-04-26 23:28:41.787][17284][INFO] [Lua] [Leveling] navigation hold | reason=wait_task_path_after_button
[2026-04-26 23:28:41.827][17284][INFO] [Lua] [Leveling] IsMainInterface=false but player position is available, continue leveling.
[2026-04-26 23:28:41.828][17284][WARN] [Lua] [Leveling] main task data unavailable after task button click. path_err=GetMainTaskPath returned no usable points. pos_err=GetMainTaskPos returned zero coordinates.
[2026-04-26 23:28:41.828][17284][INFO] [Lua] [Leveling] exec trace | stage=wait_task_path_after_button reason=waiting_task_path_after_button task=圣诫之末 detail= pos=1921.48, -3749.80, 3244.64 target_source= target=nil destination=nil goal_distance=nil objective_mode=
[2026-04-26 23:28:41.828][17284][INFO] [Lua] [Leveling] heartbeat | stage=wait_task_path_after_button tick=432 pos=1921.48, -3749.80, 3244.64 target=nil path_points=0
[2026-04-26 23:28:42.237][17284][INFO] [Lua] [Leveling] global task portal suppressed during startup/task reacquire | stage=wait_task_path_after_button has_target=false startup_resolving=false
[2026-04-26 23:28:42.524][17284][INFO] [Lua] [Leveling] guide skip button not visible: Nearby button not found.
[2026-04-26 23:28:42.524][17284][INFO] [Lua] [Leveling] exec trace | stage=wait_task reason=no_task_target_wait task=圣诫之末 detail= pos=1921.48, -3749.80, 3244.64 target_source= target=nil destination=nil goal_distance=nil objective_mode=
[2026-04-26 23:28:42.524][17284][INFO] [Lua] [Leveling] navigation hold | reason=wait_task
[2026-04-26 23:28:43.782][17284][INFO] [Lua] [Leveling] exec trace | stage=wait_task reason=no_task_target_wait task=圣诫之末 detail= pos=1921.48, -3749.80, 3244.64 target_source= target=nil destination=nil goal_distance=nil objective_mode=
[2026-04-26 23:28:43.820][17284][INFO] [Lua] [Leveling] exec trace | stage=click_task_button reason=click_task_button task=圣诫之末 detail= pos=1921.48, -3749.80, 3244.64 target_source= target=nil destination=nil goal_distance=nil objective_mode=
[2026-04-26 23:28:43.820][17284][INFO] [Lua] [Leveling] main task call begin | stage=click_task_button task=圣诫之末 detail= mode=hard_refresh queries=圣诫之末 -> 主线 圣诫之末 -> 主线
[2026-04-26 23:28:44.101][17284][WARN] [Lua] [Leveling] TaskBtn locator unavailable for main task call: locator matched no current button. include=taskitem_c.widgettree.taskbtn hint=(94.039993,224.160004) max_distance=120.0 related= related_miss=0
[2026-04-26 23:28:45.252][17284][INFO] [Lua] [Leveling] main task panel queries missed, fallback to TaskBtn hint lookup | stage=click_task_button task=圣诫之末 detail=
[2026-04-26 23:28:46.183][17284][INFO] [Lua] [Leveling] main task button nearby-text click fallback hit | mode=window_post_click text=主线 圣诫之末 text_pos=(123.12,232.76) click_pos=(95.04,229.16)
[2026-04-26 23:28:46.473][17284][INFO] [Lua] [Leveling] task name candidates | map= button_text=主线 圣诫之末 related_text=主线 圣诫之末 anchor=(95.04,229.16)
[2026-04-26 23:28:46.473][17284][INFO] [Lua] [Leveling] main task panel entry clicked | query=nearby_text:window_click task=圣诫之末 detail= mode=hard_refresh raw=主线 圣诫之末 kind=主线 addr= pos=(95.04,229.16)
[2026-04-26 23:28:46.474][17284][INFO] [Lua] [Leveling] exec trace | stage=wait_task_path_after_button reason=waiting_task_path_after_button task=圣诫之末 detail= pos=1921.48, -3749.80, 3244.64 target_source= target=nil destination=nil goal_distance=nil objective_mode=
[2026-04-26 23:28:46.474][17284][INFO] [Lua] [Leveling] navigation hold | reason=wait_task_path_after_button
[2026-04-26 23:28:46.511][17284][INFO] [Lua] [Leveling] IsMainInterface=false but player position is available, continue leveling.
[2026-04-26 23:28:46.511][17284][WARN] [Lua] [Leveling] main task data unavailable after task button click. path_err=GetMainTaskPath returned no usable points. pos_err=GetMainTaskPos returned zero coordinates.
[2026-04-26 23:28:46.511][17284][INFO] [Lua] [Leveling] exec trace | stage=wait_task_path_after_button reason=waiting_task_path_after_button task=圣诫之末 detail= pos=1921.48, -3749.80, 3244.64 target_source= target=nil destination=nil goal_distance=nil objective_mode=
[2026-04-26 23:28:46.512][17284][INFO] [Lua] [Leveling] heartbeat | stage=wait_task_path_after_button tick=438 pos=1921.48, -3749.80, 3244.64 target=nil path_points=0
[2026-04-26 23:28:46.905][17284][INFO] [Lua] [Leveling] global task portal suppressed during startup/task reacquire | stage=wait_task_path_after_button has_target=false startup_resolving=false
[2026-04-26 23:28:47.194][17284][INFO] [Lua] [Leveling] guide skip button not visible: Nearby button not found.
[2026-04-26 23:28:47.194][17284][INFO] [Lua] [Leveling] exec trace | stage=wait_task reason=no_task_target_wait task=圣诫之末 detail= pos=1921.48, -3749.80, 3244.64 target_source= target=nil destination=nil goal_distance=nil objective_mode=
[2026-04-26 23:28:47.194][17284][INFO] [Lua] [Leveling] navigation hold | reason=wait_task
[2026-04-26 23:28:48.450][17284][INFO] [Lua] [Leveling] exec trace | stage=wait_task reason=no_task_target_wait task=圣诫之末 detail= pos=1921.48, -3749.80, 3244.64 target_source= target=nil destination=nil goal_distance=nil objective_mode=
[2026-04-26 23:28:48.487][17284][INFO] [Lua] [Leveling] exec trace | stage=click_task_button reason=click_task_button task=圣诫之末 detail= pos=1921.48, -3749.80, 3244.64 target_source= target=nil destination=nil goal_distance=nil objective_mode=
[2026-04-26 23:28:48.487][17284][INFO] [Lua] [Leveling] main task call begin | stage=click_task_button task=圣诫之末 detail= mode=hard_refresh queries=圣诫之末 -> 主线 圣诫之末 -> 主线
[2026-04-26 23:28:48.780][17284][WARN] [Lua] [Leveling] TaskBtn locator unavailable for main task call: locator matched no current button. include=taskitem_c.widgettree.taskbtn hint=(94.039993,224.160004) max_distance=120.0 related= related_miss=0
[2026-04-26 23:28:49.929][17284][INFO] [Lua] [Leveling] main task panel queries missed, fallback to TaskBtn hint lookup | stage=click_task_button task=圣诫之末 detail=
[2026-04-26 23:28:50.855][17284][INFO] [Lua] [Leveling] main task button nearby-text click fallback hit | mode=window_post_click text=主线 圣诫之末 text_pos=(123.12,232.76) click_pos=(95.04,229.16)
[2026-04-26 23:28:51.142][17284][INFO] [Lua] [Leveling] task name candidates | map= button_text=主线 圣诫之末 related_text=主线 圣诫之末 anchor=(95.04,229.16)
[2026-04-26 23:28:51.143][17284][INFO] [Lua] [Leveling] main task panel entry clicked | query=nearby_text:window_click task=圣诫之末 detail= mode=hard_refresh raw=主线 圣诫之末 kind=主线 addr= pos=(95.04,229.16)
[2026-04-26 23:28:51.143][17284][INFO] [Lua] [Leveling] exec trace | stage=wait_task_path_after_button reason=waiting_task_path_after_button task=圣诫之末 detail= pos=1921.48, -3749.80, 3244.64 target_source= target=nil destination=nil goal_distance=nil objective_mode=
[2026-04-26 23:28:51.143][17284][INFO] [Lua] [Leveling] navigation hold | reason=wait_task_path_after_button
[2026-04-26 23:28:51.184][17284][INFO] [Lua] [Leveling] IsMainInterface=false but player position is available, continue leveling.
[2026-04-26 23:28:51.184][17284][WARN] [Lua] [Leveling] main task data unavailable after task button click. path_err=GetMainTaskPath returned no usable points. pos_err=GetMainTaskPos returned zero coordinates.
[2026-04-26 23:28:51.185][17284][INFO] [Lua] [Leveling] exec trace | stage=wait_task_path_after_button reason=waiting_task_path_after_button task=圣诫之末 detail= pos=1921.48, -3749.80, 3244.64 target_source= target=nil destination=nil goal_distance=nil objective_mode=
[2026-04-26 23:28:51.185][17284][INFO] [Lua] [Leveling] heartbeat | stage=wait_task_path_after_button tick=444 pos=1921.48, -3749.80, 3244.64 target=nil path_points=0
[2026-04-26 23:28:51.578][17284][INFO] [Lua] [Leveling] global task portal suppressed during startup/task reacquire | stage=wait_task_path_after_button has_target=false startup_resolving=false
[2026-04-26 23:28:51.870][17284][INFO] [Lua] [Leveling] guide skip button not visible: Nearby button not found.
[2026-04-26 23:28:51.871][17284][INFO] [Lua] [Leveling] exec trace | stage=wait_task reason=no_task_target_wait task=圣诫之末 detail= pos=1921.48, -3749.80, 3244.64 target_source= target=nil destination=nil goal_distance=nil objective_mode=
[2026-04-26 23:28:51.871][17284][INFO] [Lua] [Leveling] navigation hold | reason=wait_task
[2026-04-26 23:28:53.143][17284][INFO] [Lua] [Leveling] exec trace | stage=wait_task reason=no_task_target_wait task=圣诫之末 detail= pos=1921.48, -3749.80, 3244.64 target_source= target=nil destination=nil goal_distance=nil objective_mode=
[2026-04-26 23:28:53.184][17284][INFO] [Lua] [Leveling] exec trace | stage=click_task_button reason=click_task_button task=圣诫之末 detail= pos=1921.48, -3749.80, 3244.64 target_source= target=nil destination=nil goal_distance=nil objective_mode=
[2026-04-26 23:28:53.184][17284][INFO] [Lua] [Leveling] main task call begin | stage=click_task_button task=圣诫之末 detail= mode=hard_refresh queries=圣诫之末 -> 主线 圣诫之末 -> 主线
[2026-04-26 23:28:53.479][17284][WARN] [Lua] [Leveling] TaskBtn locator unavailable for main task call: locator matched no current button. include=taskitem_c.widgettree.taskbtn hint=(94.039993,224.160004) max_distance=120.0 related= related_miss=0
[2026-04-26 23:28:54.634][17284][INFO] [Lua] [Leveling] main task panel queries missed, fallback to TaskBtn hint lookup | stage=click_task_button task=圣诫之末 detail=
[2026-04-26 23:28:55.560][17284][INFO] [Lua] [Leveling] main task button nearby-text click fallback hit | mode=window_post_click text=主线 圣诫之末 text_pos=(123.12,232.76) click_pos=(95.04,229.16)
[2026-04-26 23:28:55.858][17284][INFO] [Lua] [Leveling] task name candidates | map= button_text=主线 圣诫之末 related_text=主线 圣诫之末 anchor=(95.04,229.16)
[2026-04-26 23:28:55.858][17284][INFO] [Lua] [Leveling] main task panel entry clicked | query=nearby_text:window_click task=圣诫之末 detail= mode=hard_refresh raw=主线 圣诫之末 kind=主线 addr= pos=(95.04,229.16)
[2026-04-26 23:28:55.858][17284][INFO] [Lua] [Leveling] exec trace | stage=wait_task_path_after_button reason=waiting_task_path_after_button task=圣诫之末 detail= pos=1921.48, -3749.80, 3244.64 target_source= target=nil destination=nil goal_distance=nil objective_mode=
[2026-04-26 23:28:55.859][17284][INFO] [Lua] [Leveling] navigation hold | reason=wait_task_path_after_button
[2026-04-26 23:28:55.899][17284][INFO] [Lua] [Leveling] IsMainInterface=false but player position is available, continue leveling.
[2026-04-26 23:28:55.900][17284][WARN] [Lua] [Leveling] main task data unavailable after task button click. path_err=GetMainTaskPath returned no usable points. pos_err=GetMainTaskPos returned zero coordinates.
[2026-04-26 23:28:55.900][17284][INFO] [Lua] [Leveling] exec trace | stage=wait_task_path_after_button reason=waiting_task_path_after_button task=圣诫之末 detail= pos=1921.48, -3749.80, 3244.64 target_source= target=nil destination=nil goal_distance=nil objective_mode=
[2026-04-26 23:28:55.900][17284][INFO] [Lua] [Leveling] heartbeat | stage=wait_task_path_after_button tick=450 pos=1921.48, -3749.80, 3244.64 target=nil path_points=0
[2026-04-26 23:28:56.297][17284][INFO] [Lua] [Leveling] global task portal suppressed during startup/task reacquire | stage=wait_task_path_after_button has_target=false startup_resolving=false
[2026-04-26 23:28:56.585][17284][INFO] [Lua] [Leveling] guide skip button not visible: Nearby button not found.
[2026-04-26 23:28:56.585][17284][INFO] [Lua] [Leveling] exec trace | stage=wait_task reason=no_task_target_wait task=圣诫之末 detail= pos=1921.48, -3749.80, 3244.64 target_source= target=nil destination=nil goal_distance=nil objective_mode=
[2026-04-26 23:28:56.585][17284][INFO] [Lua] [Leveling] navigation hold | reason=wait_task
[2026-04-26 23:28:57.867][17284][INFO] [Lua] [Leveling] exec trace | stage=wait_task reason=no_task_target_wait task=圣诫之末 detail= pos=1921.48, -3749.80, 3244.64 target_source= target=nil destination=nil goal_distance=nil objective_mode=
[2026-04-26 23:28:57.900][17284][INFO] [Lua] [Leveling] exec trace | stage=click_task_button reason=click_task_button task=圣诫之末 detail= pos=1921.48, -3749.80, 3244.64 target_source= target=nil destination=nil goal_distance=nil objective_mode=
[2026-04-26 23:28:57.900][17284][INFO] [Lua] [Leveling] main task call begin | stage=click_task_button task=圣诫之末 detail= mode=hard_refresh queries=圣诫之末 -> 主线 圣诫之末 -> 主线
[2026-04-26 23:28:58.190][17284][WARN] [Lua] [Leveling] TaskBtn locator unavailable for main task call: locator matched no current button. include=taskitem_c.widgettree.taskbtn hint=(94.039993,224.160004) max_distance=120.0 related= related_miss=0
[2026-04-26 23:28:59.357][17284][INFO] [Lua] [Leveling] main task panel queries missed, fallback to TaskBtn hint lookup | stage=click_task_button task=圣诫之末 detail=
[2026-04-26 23:29:00.326][17284][INFO] [Lua] [Leveling] main task button nearby-text click fallback hit | mode=window_post_click text=主线 圣诫之末 text_pos=(123.12,232.76) click_pos=(95.04,229.16)
[2026-04-26 23:29:00.612][17284][INFO] [Lua] [Leveling] task name candidates | map= button_text=主线 圣诫之末 related_text=主线 圣诫之末 anchor=(95.04,229.16)
[2026-04-26 23:29:00.612][17284][INFO] [Lua] [Leveling] main task panel entry clicked | query=nearby_text:window_click task=圣诫之末 detail= mode=hard_refresh raw=主线 圣诫之末 kind=主线 addr= pos=(95.04,229.16)
[2026-04-26 23:29:00.613][17284][INFO] [Lua] [Leveling] exec trace | stage=wait_task_path_after_button reason=waiting_task_path_after_button task=圣诫之末 detail= pos=1921.48, -3749.80, 3244.64 target_source= target=nil destination=nil goal_distance=nil objective_mode=
[2026-04-26 23:29:00.613][17284][INFO] [Lua] [Leveling] navigation hold | reason=wait_task_path_after_button
[2026-04-26 23:29:00.651][17284][INFO] [Lua] [Leveling] IsMainInterface=false but player position is available, continue leveling.
[2026-04-26 23:29:00.652][17284][WARN] [Lua] [Leveling] main task data unavailable after task button click. path_err=GetMainTaskPath returned no usable points. pos_err=GetMainTaskPos returned zero coordinates.
[2026-04-26 23:29:00.652][17284][INFO] [Lua] [Leveling] exec trace | stage=wait_task_path_after_button reason=waiting_task_path_after_button task=圣诫之末 detail= pos=1921.48, -3749.80, 3244.64 target_source= target=nil destination=nil goal_distance=nil objective_mode=
[2026-04-26 23:29:00.652][17284][INFO] [Lua] [Leveling] heartbeat | stage=wait_task_path_after_button tick=456 pos=1921.48, -3749.80, 3244.64 target=nil path_points=0
[2026-04-26 23:29:01.057][17284][INFO] [Lua] [Leveling] global task portal suppressed during startup/task reacquire | stage=wait_task_path_after_button has_target=false startup_resolving=false
[2026-04-26 23:29:01.349][17284][INFO] [Lua] [Leveling] guide skip button not visible: Nearby button not found.
[2026-04-26 23:29:01.349][17284][INFO] [Lua] [Leveling] exec trace | stage=wait_task reason=no_task_target_wait task=圣诫之末 detail= pos=1921.48, -3749.80, 3244.64 target_source= target=nil destination=nil goal_distance=nil objective_mode=
[2026-04-26 23:29:01.349][17284][INFO] [Lua] [Leveling] navigation hold | reason=wait_task
[2026-04-26 23:29:01.689][17284][INFO] [Lua] [Leveling] exec trace | stage=wait_task reason=no_task_target_wait task=圣诫之末 detail= pos=1863.61, -3568.38, 3247.97 target_source= target=nil destination=nil goal_distance=nil objective_mode=
[2026-04-26 23:29:02.308][17284][INFO] [Lua] [Leveling] exec trace | stage=wait_task reason=no_task_target_wait task=圣诫之末 detail= pos=1761.91, -3326.35, 3243.83 target_source= target=nil destination=nil goal_distance=nil objective_mode=
[2026-04-26 23:29:02.633][17284][INFO] [Lua] [Leveling] exec trace | stage=wait_task reason=no_task_target_wait task=圣诫之末 detail= pos=1490.85, -2894.98, 3190.41 target_source= target=nil destination=nil goal_distance=nil objective_mode=
[2026-04-26 23:29:02.671][17284][INFO] [Lua] [Leveling] exec trace | stage=click_task_button reason=click_task_button task=圣诫之末 detail= pos=1344.82, -2676.13, 3143.39 target_source= target=nil destination=nil goal_distance=nil objective_mode=
[2026-04-26 23:29:02.671][17284][INFO] [Lua] [Leveling] main task call begin | stage=click_task_button task=圣诫之末 detail= mode=hard_refresh queries=圣诫之末 -> 主线 圣诫之末 -> 主线
[2026-04-26 23:29:02.965][17284][WARN] [Lua] [Leveling] TaskBtn locator unavailable for main task call: locator matched no current button. include=taskitem_c.widgettree.taskbtn hint=(94.039993,224.160004) max_distance=120.0 related= related_miss=0
[2026-04-26 23:29:04.131][17284][INFO] [Lua] [Leveling] main task panel queries missed, fallback to TaskBtn hint lookup | stage=click_task_button task=圣诫之末 detail=
[2026-04-26 23:29:05.067][17284][INFO] [Lua] [Leveling] main task button nearby-text click fallback hit | mode=window_post_click text=主线 圣诫之末 text_pos=(123.12,232.76) click_pos=(95.04,229.16)
[2026-04-26 23:29:05.365][17284][INFO] [Lua] [Leveling] task name candidates | map= button_text=主线 圣诫之末 related_text=主线 圣诫之末 anchor=(95.04,229.16)
[2026-04-26 23:29:05.365][17284][INFO] [Lua] [Leveling] main task panel entry clicked | query=nearby_text:window_click task=圣诫之末 detail= mode=hard_refresh raw=主线 圣诫之末 kind=主线 addr= pos=(95.04,229.16)
[2026-04-26 23:29:05.365][17284][INFO] [Lua] [Leveling] exec trace | stage=wait_task_path_after_button reason=waiting_task_path_after_button task=圣诫之末 detail= pos=1344.82, -2676.13, 3143.39 target_source= target=nil destination=nil goal_distance=nil objective_mode=
[2026-04-26 23:29:05.365][17284][INFO] [Lua] [Leveling] navigation hold | reason=wait_task_path_after_button
[2026-04-26 23:29:05.398][17284][INFO] [Lua] [Leveling] IsMainInterface=false but player position is available, continue leveling.
[2026-04-26 23:29:05.398][17284][WARN] [Lua] [Leveling] main task data unavailable after task button click. path_err=GetMainTaskPath returned no usable points. pos_err=GetMainTaskPos returned zero coordinates.
[2026-04-26 23:29:05.398][17284][INFO] [Lua] [Leveling] exec trace | stage=wait_task_path_after_button reason=waiting_task_path_after_button task=圣诫之末 detail= pos=1268.00, -2561.00, 3129.33 target_source= target=nil destination=nil goal_distance=nil objective_mode=
[2026-04-26 23:29:05.398][17284][INFO] [Lua] [Leveling] heartbeat | stage=wait_task_path_after_button tick=462 pos=1268.00, -2561.00, 3129.33 target=nil path_points=0
[2026-04-26 23:29:05.807][17284][INFO] [Lua] [Leveling] global task portal suppressed during startup/task reacquire | stage=wait_task_path_after_button has_target=false startup_resolving=false
[2026-04-26 23:29:06.094][17284][INFO] [Lua] [Leveling] guide skip button not visible: Nearby button not found.
[2026-04-26 23:29:06.095][17284][INFO] [Lua] [Leveling] exec trace | stage=wait_task reason=no_task_target_wait task=圣诫之末 detail= pos=1268.00, -2561.00, 3129.33 target_source= target=nil destination=nil goal_distance=nil objective_mode=
[2026-04-26 23:29:06.095][17284][INFO] [Lua] [Leveling] navigation hold | reason=wait_task
[2026-04-26 23:29:07.364][17284][INFO] [Lua] [Leveling] exec trace | stage=wait_task reason=no_task_target_wait task=圣诫之末 detail= pos=1268.00, -2561.00, 3129.33 target_source= target=nil destination=nil goal_distance=nil objective_mode=
[2026-04-26 23:29:07.407][17284][INFO] [Lua] [Leveling] exec trace | stage=click_task_button reason=click_task_button task=圣诫之末 detail= pos=1268.00, -2561.00, 3129.33 target_source= target=nil destination=nil goal_distance=nil objective_mode=
[2026-04-26 23:29:07.407][17284][INFO] [Lua] [Leveling] main task call begin | stage=click_task_button task=圣诫之末 detail= mode=hard_refresh queries=圣诫之末 -> 主线 圣诫之末 -> 主线
[2026-04-26 23:29:07.693][17284][WARN] [Lua] [Leveling] TaskBtn locator unavailable for main task call: locator matched no current button. include=taskitem_c.widgettree.taskbtn hint=(94.039993,224.160004) max_distance=120.0 related= related_miss=0
[2026-04-26 23:29:08.861][17284][INFO] [Lua] [Leveling] main task panel queries missed, fallback to TaskBtn hint lookup | stage=click_task_button task=圣诫之末 detail=
[2026-04-26 23:29:09.787][17284][INFO] [Lua] [Leveling] main task button nearby-text click fallback hit | mode=window_post_click text=主线 圣诫之末 text_pos=(123.12,232.76) click_pos=(95.04,229.16)
[2026-04-26 23:29:10.083][17284][INFO] [Lua] [Leveling] task name candidates | map= button_text=主线 圣诫之末 related_text=主线 圣诫之末 anchor=(95.04,229.16)
[2026-04-26 23:29:10.083][17284][INFO] [Lua] [Leveling] main task panel entry clicked | query=nearby_text:window_click task=圣诫之末 detail= mode=hard_refresh raw=主线 圣诫之末 kind=主线 addr= pos=(95.04,229.16)
[2026-04-26 23:29:10.084][17284][INFO] [Lua] [Leveling] exec trace | stage=wait_task_path_after_button reason=waiting_task_path_after_button task=圣诫之末 detail= pos=1268.00, -2561.00, 3129.33 target_source= target=nil destination=nil goal_distance=nil objective_mode=
[2026-04-26 23:29:10.084][17284][INFO] [Lua] [Leveling] navigation hold | reason=wait_task_path_after_button
[2026-04-26 23:29:10.130][17284][INFO] [Lua] [Leveling] IsMainInterface=false but player position is available, continue leveling.
[2026-04-26 23:29:10.130][17284][WARN] [Lua] [Leveling] main task data unavailable after task button click. path_err=GetMainTaskPath returned no usable points. pos_err=GetMainTaskPos returned zero coordinates.
[2026-04-26 23:29:10.130][17284][INFO] [Lua] [Leveling] exec trace | stage=wait_task_path_after_button reason=waiting_task_path_after_button task=圣诫之末 detail= pos=1268.00, -2561.00, 3129.33 target_source= target=nil destination=nil goal_distance=nil objective_mode=
[2026-04-26 23:29:10.131][17284][INFO] [Lua] [Leveling] heartbeat | stage=wait_task_path_after_button tick=468 pos=1268.00, -2561.00, 3129.33 target=nil path_points=0
[2026-04-26 23:29:10.546][17284][INFO] [Lua] [Leveling] global task portal suppressed during startup/task reacquire | stage=wait_task_path_after_button has_target=false startup_resolving=false
[2026-04-26 23:29:10.837][17284][INFO] [Lua] [Leveling] guide skip button not visible: Nearby button not found.
[2026-04-26 23:29:10.837][17284][INFO] [Lua] [Leveling] exec trace | stage=wait_task reason=no_task_target_wait task=圣诫之末 detail= pos=1268.00, -2561.00, 3129.33 target_source= target=nil destination=nil goal_distance=nil objective_mode=
[2026-04-26 23:29:10.837][17284][INFO] [Lua] [Leveling] navigation hold | reason=wait_task
[2026-04-26 23:29:12.132][17284][INFO] [Lua] [Leveling] exec trace | stage=wait_task reason=no_task_target_wait task=圣诫之末 detail= pos=1268.00, -2561.00, 3129.33 target_source= target=nil destination=nil goal_distance=nil objective_mode=
[2026-04-26 23:29:12.171][17284][INFO] [Lua] [Leveling] exec trace | stage=click_task_button reason=click_task_button task=圣诫之末 detail= pos=1268.00, -2561.00, 3129.33 target_source= target=nil destination=nil goal_distance=nil objective_mode=
[2026-04-26 23:29:12.171][17284][INFO] [Lua] [Leveling] main task call begin | stage=click_task_button task=圣诫之末 detail= mode=hard_refresh queries=圣诫之末 -> 主线 圣诫之末 -> 主线
[2026-04-26 23:29:12.466][17284][WARN] [Lua] [Leveling] TaskBtn locator unavailable for main task call: locator matched no current button. include=taskitem_c.widgettree.taskbtn hint=(94.039993,224.160004) max_distance=120.0 related= related_miss=0
[2026-04-26 23:29:13.635][17284][INFO] [Lua] [Leveling] main task panel queries missed, fallback to TaskBtn hint lookup | stage=click_task_button task=圣诫之末 detail=
[2026-04-26 23:29:14.563][17284][INFO] [Lua] [Leveling] main task button nearby-text click fallback hit | mode=window_post_click text=主线 圣诫之末 text_pos=(123.12,232.76) click_pos=(95.04,229.16)
[2026-04-26 23:29:14.858][17284][INFO] [Lua] [Leveling] task name candidates | map= button_text=主线 圣诫之末 related_text=主线 圣诫之末 anchor=(95.04,229.16)
[2026-04-26 23:29:14.858][17284][INFO] [Lua] [Leveling] main task panel entry clicked | query=nearby_text:window_click task=圣诫之末 detail= mode=hard_refresh raw=主线 圣诫之末 kind=主线 addr= pos=(95.04,229.16)
[2026-04-26 23:29:14.858][17284][INFO] [Lua] [Leveling] exec trace | stage=wait_task_path_after_button reason=waiting_task_path_after_button task=圣诫之末 detail= pos=1268.00, -2561.00, 3129.33 target_source= target=nil destination=nil goal_distance=nil objective_mode=
[2026-04-26 23:29:14.859][17284][INFO] [Lua] [Leveling] navigation hold | reason=wait_task_path_after_button
[2026-04-26 23:29:14.891][17284][INFO] [Lua] [Leveling] IsMainInterface=false but player position is available, continue leveling.
[2026-04-26 23:29:14.892][17284][WARN] [Lua] [Leveling] main task data unavailable after task button click. path_err=GetMainTaskPath returned no usable points. pos_err=GetMainTaskPos returned zero coordinates.
[2026-04-26 23:29:14.892][17284][INFO] [Lua] [Leveling] exec trace | stage=wait_task_path_after_button reason=waiting_task_path_after_button task=圣诫之末 detail= pos=1268.00, -2561.00, 3129.33 target_source= target=nil destination=nil goal_distance=nil objective_mode=
[2026-04-26 23:29:14.892][17284][INFO] [Lua] [Leveling] heartbeat | stage=wait_task_path_after_button tick=474 pos=1268.00, -2561.00, 3129.33 target=nil path_points=0
[2026-04-26 23:29:15.297][17284][INFO] [Lua] [Leveling] global task portal suppressed during startup/task reacquire | stage=wait_task_path_after_button has_target=false startup_resolving=false
[2026-04-26 23:29:15.583][17284][INFO] [Lua] [Leveling] guide skip button not visible: Nearby button not found.
[2026-04-26 23:29:15.583][17284][INFO] [Lua] [Leveling] exec trace | stage=wait_task reason=no_task_target_wait task=圣诫之末 detail= pos=1268.00, -2561.00, 3129.33 target_source= target=nil destination=nil goal_distance=nil objective_mode=
[2026-04-26 23:29:15.583][17284][INFO] [Lua] [Leveling] navigation hold | reason=wait_task
[2026-04-26 23:29:15.672][17284][ERROR] [Lua] AvePoint automation failed | mode=练级(2) err=C:\Users\GoldGiven\Desktop\cunnei\scripts/torch_nav.lua:1909: Script execution interrupted
[2026-04-26 23:29:15.672][17284][INFO] [Lua] AvePoint automation stopped by error
[2026-04-26 23:29:15.672][17284][ERROR] LuaVM DoString exec failed: scripts/avepoint/hotkey.lua:4566: task stopped
stack traceback:
	[C]: in field 'sleep'
	scripts/avepoint/hotkey.lua:4566: in function 'main'
	C:\Users\GoldGiven\Desktop\cunnei\scripts\AvePoint.lua:167: in main chunk
	(...tail calls...)
	C:\Users\GoldGiven\Desktop\cunnei\AvePointStandalone.lua:128: in main chunk
[2026-04-26 23:29:15.673][17284][ERROR] Task 5 (AvePointStandalone.lua) failed: scripts/avepoint/hotkey.lua:4566: task stopped
stack traceback:
	[C]: in field 'sleep'
	scripts/avepoint/hotkey.lua:4566: in function 'main'
	C:\Users\GoldGiven\Desktop\cunnei\scripts\AvePoint.lua:167: in main chunk
	(...tail calls...)
	C:\Users\GoldGiven\Desktop\cunnei\AvePointStandalone.lua:128: in main chunk
[2026-04-26 23:29:15.704][12840][DEBUG] Task 5 (AvePointStandalone.lua) force cleaned up
[2026-04-26 23:29:15.707][12840][DEBUG] LuaVM: State closed
[2026-04-26 23:29:15.715][8408][DEBUG] LuaVM DoFile success: C:\Users\GoldGiven\Desktop\cunnei/scripts/AvePointLevelingNavWorker.lua
[2026-04-26 23:29:15.715][8408][WARN] Cleanup callback failed: ...ven\Desktop\cunnei/scripts/AvePointLevelingNavWorker.lua:139: Script execution interrupted
stack traceback:
	...ven\Desktop\cunnei/scripts/AvePointLevelingNavWorker.lua:102: in upvalue 'share_set'
	...ven\Desktop\cunnei/scripts/AvePointLevelingNavWorker.lua:139: in function <...ven\Desktop\cunnei/scripts/AvePointLevelingNavWorker.lua:137>
[2026-04-26 23:29:15.716][8408][INFO] Task 6 (AvePointLevelingNavWorker) cancelled
[2026-04-26 23:29:16.588][12840][DEBUG] Task 7 (AvePointStandalone.lua) created
[2026-04-26 23:29:16.588][12840][DEBUG] LuaVM: cffi module registered
[2026-04-26 23:29:16.588][12840][DEBUG] LuaVM: LuaSocket modules registered (socket.core, mime.core)
[2026-04-26 23:29:16.589][12840][DEBUG] LuaVM: State created successfully
[2026-04-26 23:29:16.589][12840][DEBUG] ImGuiLua: Module registered as 'imgui'
[2026-04-26 23:29:16.589][12840][DEBUG] Registered all Lua API modules
[2026-04-26 23:29:16.589][22520][INFO] Task 7 (AvePointStandalone.lua) started
[2026-04-26 23:29:16.589][22520][INFO] [Lua] AvePoint standalone entry starting
[2026-04-26 23:29:16.604][22520][INFO] [Lua] Process guard starting
[2026-04-26 23:29:16.605][22520][DEBUG] DriverMode: Process protected PID=22224
[2026-04-26 23:29:16.606][22520][INFO] [Lua] Process protection enabled. PID=22224
[2026-04-26 23:29:16.606][22520][INFO] [Lua] Process guard ready
[2026-04-26 23:29:16.606][22520][INFO] [Lua] Configured avepointTaskMode=2 (练级) in config.json
[2026-04-26 23:29:16.607][22520][INFO] [Lua] Press Insert or Ctrl+F9 or [ to start current task mode; Delete or Ctrl+F10 or ] to stop
[2026-04-26 23:29:16.607][22520][INFO] [Lua] Press F12 to dump raw GetCurrentSelected API output without clicking
[2026-04-26 23:29:16.607][22520][INFO] [Lua] Press F4 to preview the configured target for 分解所有按钮 without clicking
[2026-04-26 23:29:16.607][22520][INFO] [Lua] Press F3 to dump mouse-nearby button candidates for 当前鼠标按钮定位分析
[2026-04-26 23:29:16.607][22520][INFO] [Lua] Press F10 to inspect the same uniquely matched mouse target for 鼠标按钮验证点击 without clicking
[2026-04-26 23:29:16.607][22520][INFO] [Lua] Press F11 or \ to validate-click a uniquely matched mouse target for 鼠标按钮验证点击
[2026-04-26 23:29:16.608][22520][INFO] [Lua] Press F6 to print current player coordinates
[2026-04-26 23:29:16.608][22520][INFO] [Lua] Press F7 to print current player position and nearby portals
[2026-04-26 23:29:16.608][22520][INFO] [Lua] Press F8 to print current mouse client coordinates
[2026-04-26 23:29:16.608][22520][INFO] [Lua] Press F9 to run read-only Data API diagnostics
[2026-04-26 23:29:16.608][22520][INFO] [Lua] Press Ctrl+F12 to exit
[2026-04-26 23:29:16.609][22520][INFO] [Lua] Waiting for torchlight API/game init...
[2026-04-26 23:29:16.926][22520][DEBUG] DriverMode: InitRemoteCallEx PID=13440, Deployee=0x26D21A80300
[2026-04-26 23:29:16.926][22520][INFO] [Lua] Torch API initialized
[2026-04-26 23:29:16.927][22520][INFO] [Lua] Current pos: 1268.00, -2561.00, 3129.33
[2026-04-26 23:29:19.538][18612][DEBUG] HttpClient: Response 200 OK
[2026-04-26 23:29:20.059][22520][DEBUG] Task 8 (AvePointLevelingNavWorker) created
[2026-04-26 23:29:20.059][22520][DEBUG] LuaVM: cffi module registered
[2026-04-26 23:29:20.059][22520][DEBUG] LuaVM: LuaSocket modules registered (socket.core, mime.core)
[2026-04-26 23:29:20.059][22520][DEBUG] LuaVM: State created successfully
[2026-04-26 23:29:20.060][22520][DEBUG] ImGuiLua: Module registered as 'imgui'
[2026-04-26 23:29:20.060][22520][DEBUG] Registered all Lua API modules
[2026-04-26 23:29:20.060][22520][INFO] [Lua] [Leveling] nav worker started | task_id=8 share=avepoint_leveling_nav_1777217360052_7
[2026-04-26 23:29:20.060][22520][INFO] [Lua] [Leveling] navigation mode | async nav worker path-route follow | task_move_interval=1200ms task_pos_interval=900ms
[2026-04-26 23:29:20.060][10424][INFO] Task 8 (AvePointLevelingNavWorker) started
[2026-04-26 23:29:20.060][22520][INFO] [Lua] [Leveling] runner started | mode=2 quest button -> task path -> NPC dialogue
[2026-04-26 23:29:20.061][22520][INFO] [Lua] [Leveling] logic: click main task button, fetch task path, MoveTo target, confirm nearby NPC, press D, then continue
[2026-04-26 23:29:20.061][22520][INFO] [Lua] [Leveling] startup boss combat window armed | window=10000ms
[2026-04-26 23:29:20.061][22520][INFO] [Lua] [Leveling] startup state resolve armed | window=3000ms
[2026-04-26 23:29:20.061][22520][INFO] [Lua] [Leveling] map runtime detection | enabled=false
[2026-04-26 23:29:20.061][22520][INFO] [Lua] AvePoint automation started | mode=练级(2)
[2026-04-26 23:29:20.061][22520][INFO] [Lua] [Leveling] IsMainInterface=false but player position is available, continue leveling.
[2026-04-26 23:29:20.350][22520][INFO] [Lua] [Leveling] task name candidates | map= button_text= related_text= anchor=(94.04,224.16)
[2026-04-26 23:29:20.350][22520][INFO] [Lua] [Leveling] current task updated | task=主线 圣诫之末 source=nearby_text anchor=(94.04,224.16)
[2026-04-26 23:29:20.350][22520][INFO] [Lua] [Leveling] main task call begin | stage=bootstrap task=圣诫之末 detail= mode=hard_refresh queries=圣诫之末 -> 主线 圣诫之末 -> 主线
[2026-04-26 23:29:20.640][22520][WARN] [Lua] [Leveling] TaskBtn locator unavailable for main task call: locator matched no current button. include=taskitem_c.widgettree.taskbtn hint=(94.039993,224.160004) max_distance=120.0 related= related_miss=0
[2026-04-26 23:29:21.818][22520][INFO] [Lua] [Leveling] main task panel queries missed, fallback to TaskBtn hint lookup | stage=bootstrap task=圣诫之末 detail=
[2026-04-26 23:29:22.779][22520][INFO] [Lua] [Leveling] main task button nearby-text click fallback hit | mode=window_post_click text=主线 圣诫之末 text_pos=(123.12,232.76) click_pos=(95.04,229.16)
[2026-04-26 23:29:23.072][22520][INFO] [Lua] [Leveling] task_pos reject armed after main task click | reason=startup_main_task_reacquire reject_ms=8500
[2026-04-26 23:29:23.072][22520][INFO] [Lua] [Leveling] main task panel entry clicked | query=nearby_text:window_click task=圣诫之末 detail= mode=hard_refresh raw=主线 圣诫之末 kind=主线 addr= pos=(95.04,229.16)
[2026-04-26 23:29:23.072][22520][INFO] [Lua] [Leveling] navigation hold | reason=wait_task_path_after_button
[2026-04-26 23:29:23.072][22520][INFO] [Lua] [Leveling] startup main task called before any objective/follow logic | task=圣诫之末 detail= window_left=2991ms
[2026-04-26 23:29:23.072][22520][INFO] [Lua] [Leveling] heartbeat | stage=wait_task_path_after_button tick=1 pos=1268.00, -2561.00, 3129.33 target=nil path_points=0
[2026-04-26 23:29:23.105][22520][INFO] [Lua] [Leveling] nav worker status | paused
[2026-04-26 23:29:23.105][22520][INFO] [Lua] [Leveling] IsMainInterface=false but player position is available, continue leveling.
[2026-04-26 23:29:23.106][22520][WARN] [Lua] [Leveling] main task data unavailable after task button click. path_err=GetMainTaskPath returned no usable points. pos_err=GetMainTaskPos returned zero coordinates.
[2026-04-26 23:29:23.106][22520][INFO] [Lua] [Leveling] exec trace | stage=wait_task_path_after_button reason=waiting_task_path_after_button task=圣诫之末 detail= pos=1268.00, -2561.00, 3129.33 target_source= target=nil destination=nil goal_distance=nil objective_mode=
[2026-04-26 23:29:23.106][22520][INFO] [Lua] [Leveling] heartbeat | stage=wait_task_path_after_button tick=2 pos=1268.00, -2561.00, 3129.33 target=nil path_points=0
[2026-04-26 23:29:23.502][22520][INFO] [Lua] [Leveling] task name candidates | map= button_text= related_text= anchor=(94.04,224.16)
[2026-04-26 23:29:23.504][22520][INFO] [Lua] [Leveling] global task portal suppressed during startup/task reacquire | stage=wait_task_path_after_button has_target=false startup_resolving=false
[2026-04-26 23:29:23.789][22520][INFO] [Lua] [Leveling] guide skip button not visible: Nearby button not found.
[2026-04-26 23:29:23.789][22520][INFO] [Lua] [Leveling] exec trace | stage=wait_task reason=no_task_target_wait task=圣诫之末 detail= pos=1268.00, -2561.00, 3129.33 target_source= target=nil destination=nil goal_distance=nil objective_mode=
[2026-04-26 23:29:23.789][22520][INFO] [Lua] [Leveling] navigation hold | reason=wait_task
[2026-04-26 23:29:24.766][22520][INFO] [Lua] [Leveling] exec trace | stage=click_task_button reason=click_task_button task=圣诫之末 detail= pos=1268.00, -2561.00, 3129.33 target_source= target=nil destination=nil goal_distance=nil objective_mode=
[2026-04-26 23:29:24.767][22520][INFO] [Lua] [Leveling] main task call begin | stage=click_task_button task=圣诫之末 detail= mode=hard_refresh queries=圣诫之末 -> 主线 圣诫之末 -> 主线
[2026-04-26 23:29:25.059][22520][WARN] [Lua] [Leveling] TaskBtn locator unavailable for main task call: locator matched no current button. include=taskitem_c.widgettree.taskbtn hint=(94.039993,224.160004) max_distance=120.0 related= related_miss=0
[2026-04-26 23:29:26.225][22520][INFO] [Lua] [Leveling] main task panel queries missed, fallback to TaskBtn hint lookup | stage=click_task_button task=圣诫之末 detail=
[2026-04-26 23:29:27.174][22520][INFO] [Lua] [Leveling] main task button nearby-text click fallback hit | mode=window_post_click text=主线 圣诫之末 text_pos=(123.12,232.76) click_pos=(95.04,229.16)
[2026-04-26 23:29:27.467][22520][INFO] [Lua] [Leveling] task name candidates | map= button_text=主线 圣诫之末 related_text=主线 圣诫之末 anchor=(95.04,229.16)
[2026-04-26 23:29:27.467][22520][INFO] [Lua] [Leveling] main task panel entry clicked | query=nearby_text:window_click task=圣诫之末 detail= mode=hard_refresh raw=主线 圣诫之末 kind=主线 addr= pos=(95.04,229.16)
[2026-04-26 23:29:27.467][22520][INFO] [Lua] [Leveling] exec trace | stage=wait_task_path_after_button reason=waiting_task_path_after_button task=圣诫之末 detail= pos=1268.00, -2561.00, 3129.33 target_source= target=nil destination=nil goal_distance=nil objective_mode=
[2026-04-26 23:29:27.468][22520][INFO] [Lua] [Leveling] navigation hold | reason=wait_task_path_after_button
[2026-04-26 23:29:27.500][22520][INFO] [Lua] [Leveling] IsMainInterface=false but player position is available, continue leveling.
[2026-04-26 23:29:27.501][22520][WARN] [Lua] [Leveling] main task data unavailable after task button click. path_err=GetMainTaskPath returned no usable points. pos_err=GetMainTaskPos returned zero coordinates.
[2026-04-26 23:29:27.501][22520][INFO] [Lua] [Leveling] exec trace | stage=wait_task_path_after_button reason=waiting_task_path_after_button task=圣诫之末 detail= pos=1268.00, -2561.00, 3129.33 target_source= target=nil destination=nil goal_distance=nil objective_mode=
[2026-04-26 23:29:27.501][22520][INFO] [Lua] [Leveling] heartbeat | stage=wait_task_path_after_button tick=7 pos=1268.00, -2561.00, 3129.33 target=nil path_points=0
[2026-04-26 23:29:27.906][22520][INFO] [Lua] [Leveling] global task portal suppressed during startup/task reacquire | stage=wait_task_path_after_button has_target=false startup_resolving=false
[2026-04-26 23:29:28.200][22520][INFO] [Lua] [Leveling] guide skip button not visible: Nearby button not found.
[2026-04-26 23:29:28.200][22520][INFO] [Lua] [Leveling] exec trace | stage=wait_task reason=no_task_target_wait task=圣诫之末 detail= pos=1268.00, -2561.00, 3129.33 target_source= target=nil destination=nil goal_distance=nil objective_mode=
[2026-04-26 23:29:28.200][22520][INFO] [Lua] [Leveling] navigation hold | reason=wait_task
[2026-04-26 23:29:29.180][22520][DEBUG] Task 6 (AvePointLevelingNavWorker) cleaned up
[2026-04-26 23:29:29.181][22520][DEBUG] LuaVM: State closed
[2026-04-26 23:29:29.184][22520][INFO] [Lua] [Leveling] runner stopped
[2026-04-26 23:29:29.195][22520][INFO] [Lua] [Treasure] resume snapshot cleared | reason=leveling_stop save_ok=true
[2026-04-26 23:29:29.195][22520][INFO] [Lua] AvePoint automation stopped
[2026-04-26 23:29:29.196][10424][DEBUG] LuaVM DoFile success: C:\Users\GoldGiven\Desktop\cunnei/scripts/AvePointLevelingNavWorker.lua
[2026-04-26 23:29:29.197][10424][WARN] Cleanup callback failed: Script execution interrupted
stack traceback:
	...ven\Desktop\cunnei/scripts/AvePointLevelingNavWorker.lua:140: in function <...ven\Desktop\cunnei/scripts/AvePointLevelingNavWorker.lua:137>
[2026-04-26 23:29:29.197][10424][INFO] Task 8 (AvePointLevelingNavWorker) cancelled
[2026-04-26 23:30:11.125][18612][DEBUG] HttpClient: Response 200 OK
[2026-04-26 23:31:02.693][18612][DEBUG] HttpClient: Response 200 OK
[2026-04-26 23:31:54.301][18612][DEBUG] HttpClient: Response 200 OK
[2026-04-26 23:32:45.909][18612][DEBUG] HttpClient: Response 200 OK
[2026-04-26 23:33:13.665][12840][DEBUG] Task 8 (AvePointLevelingNavWorker) cleaned up
[2026-04-26 23:33:13.666][12840][DEBUG] LuaVM: State closed
[2026-04-26 23:33:13.668][22520][ERROR] LuaVM DoString exec failed: scripts/avepoint/hotkey.lua:4566: task stopped
stack traceback:
	[C]: in field 'sleep'
	scripts/avepoint/hotkey.lua:4566: in function 'main'
	C:\Users\GoldGiven\Desktop\cunnei\scripts\AvePoint.lua:167: in main chunk
	(...tail calls...)
	C:\Users\GoldGiven\Desktop\cunnei\AvePointStandalone.lua:128: in main chunk
[2026-04-26 23:33:13.668][22520][ERROR] Task 7 (AvePointStandalone.lua) failed: scripts/avepoint/hotkey.lua:4566: task stopped
stack traceback:
	[C]: in field 'sleep'
	scripts/avepoint/hotkey.lua:4566: in function 'main'
	C:\Users\GoldGiven\Desktop\cunnei\scripts\AvePoint.lua:167: in main chunk
	(...tail calls...)
	C:\Users\GoldGiven\Desktop\cunnei\AvePointStandalone.lua:128: in main chunk
[2026-04-26 23:33:13.698][12840][DEBUG] Task 7 (AvePointStandalone.lua) force cleaned up
[2026-04-26 23:33:13.701][12840][DEBUG] LuaVM: State closed
[2026-04-26 23:33:14.149][12840][DEBUG] Task 9 (AvePointStandalone.lua) created
[2026-04-26 23:33:14.149][12840][DEBUG] LuaVM: cffi module registered
[2026-04-26 23:33:14.149][12840][DEBUG] LuaVM: LuaSocket modules registered (socket.core, mime.core)
[2026-04-26 23:33:14.149][12840][DEBUG] LuaVM: State created successfully
[2026-04-26 23:33:14.150][12840][DEBUG] ImGuiLua: Module registered as 'imgui'
[2026-04-26 23:33:14.150][12840][DEBUG] Registered all Lua API modules
[2026-04-26 23:33:14.150][1988][INFO] Task 9 (AvePointStandalone.lua) started
[2026-04-26 23:33:14.150][1988][INFO] [Lua] AvePoint standalone entry starting
[2026-04-26 23:33:14.162][1988][INFO] [Lua] Process guard starting
[2026-04-26 23:33:14.163][1988][DEBUG] DriverMode: Process protected PID=22224
[2026-04-26 23:33:14.163][1988][INFO] [Lua] Process protection enabled. PID=22224
[2026-04-26 23:33:14.163][1988][INFO] [Lua] Process guard ready
[2026-04-26 23:33:14.164][1988][INFO] [Lua] Configured avepointTaskMode=2 (练级) in config.json
[2026-04-26 23:33:14.164][1988][INFO] [Lua] Press Insert or Ctrl+F9 or [ to start current task mode; Delete or Ctrl+F10 or ] to stop
[2026-04-26 23:33:14.164][1988][INFO] [Lua] Press F12 to dump raw GetCurrentSelected API output without clicking
[2026-04-26 23:33:14.164][1988][INFO] [Lua] Press F4 to preview the configured target for 分解所有按钮 without clicking
[2026-04-26 23:33:14.164][1988][INFO] [Lua] Press F3 to dump mouse-nearby button candidates for 当前鼠标按钮定位分析
[2026-04-26 23:33:14.164][1988][INFO] [Lua] Press F10 to inspect the same uniquely matched mouse target for 鼠标按钮验证点击 without clicking
[2026-04-26 23:33:14.165][1988][INFO] [Lua] Press F11 or \ to validate-click a uniquely matched mouse target for 鼠标按钮验证点击
[2026-04-26 23:33:14.165][1988][INFO] [Lua] Press F6 to print current player coordinates
[2026-04-26 23:33:14.165][1988][INFO] [Lua] Press F7 to print current player position and nearby portals
[2026-04-26 23:33:14.165][1988][INFO] [Lua] Press F8 to print current mouse client coordinates
[2026-04-26 23:33:14.165][1988][INFO] [Lua] Press F9 to run read-only Data API diagnostics
[2026-04-26 23:33:14.166][1988][INFO] [Lua] Press Ctrl+F12 to exit
[2026-04-26 23:33:14.166][1988][INFO] [Lua] Waiting for torchlight API/game init...
[2026-04-26 23:33:14.475][1988][DEBUG] DriverMode: InitRemoteCallEx PID=13440, Deployee=0x26D25A60300
[2026-04-26 23:33:14.475][1988][INFO] [Lua] Torch API initialized
[2026-04-26 23:33:14.476][1988][INFO] [Lua] Current pos: 1268.00, -2561.00, 3129.33
[2026-04-26 23:33:15.871][1988][DEBUG] Task 10 (AvePointLevelingNavWorker) created
[2026-04-26 23:33:15.872][1988][DEBUG] LuaVM: cffi module registered
[2026-04-26 23:33:15.872][1988][DEBUG] LuaVM: LuaSocket modules registered (socket.core, mime.core)
[2026-04-26 23:33:15.872][1988][DEBUG] LuaVM: State created successfully
[2026-04-26 23:33:15.873][1988][DEBUG] ImGuiLua: Module registered as 'imgui'
[2026-04-26 23:33:15.873][1988][DEBUG] Registered all Lua API modules
[2026-04-26 23:33:15.873][1988][INFO] [Lua] [Leveling] nav worker started | task_id=10 share=avepoint_leveling_nav_1777217595867_9
[2026-04-26 23:33:15.873][1988][INFO] [Lua] [Leveling] navigation mode | async nav worker path-route follow | task_move_interval=1200ms task_pos_interval=900ms
[2026-04-26 23:33:15.873][10508][INFO] Task 10 (AvePointLevelingNavWorker) started
[2026-04-26 23:33:15.874][1988][INFO] [Lua] [Leveling] runner started | mode=2 quest button -> task path -> NPC dialogue
[2026-04-26 23:33:15.874][1988][INFO] [Lua] [Leveling] logic: click main task button, fetch task path, MoveTo target, confirm nearby NPC, press D, then continue
[2026-04-26 23:33:15.875][1988][INFO] [Lua] [Leveling] startup boss combat window armed | window=10000ms
[2026-04-26 23:33:15.875][1988][INFO] [Lua] [Leveling] startup state resolve armed | window=3000ms
[2026-04-26 23:33:15.875][1988][INFO] [Lua] [Leveling] map runtime detection | enabled=false
[2026-04-26 23:33:15.875][1988][INFO] [Lua] AvePoint automation started | mode=练级(2)
[2026-04-26 23:33:15.875][1988][INFO] [Lua] [Leveling] IsMainInterface=false but player position is available, continue leveling.
[2026-04-26 23:33:16.165][1988][INFO] [Lua] [Leveling] task name candidates | map= button_text= related_text= anchor=(94.04,224.16)
[2026-04-26 23:33:16.166][1988][INFO] [Lua] [Leveling] current task updated | task=主线 圣诫之末 source=nearby_text anchor=(94.04,224.16)
[2026-04-26 23:33:16.166][1988][INFO] [Lua] [Leveling] main task call begin | stage=bootstrap task=圣诫之末 detail= mode=hard_refresh queries=圣诫之末 -> 主线 圣诫之末 -> 主线
[2026-04-26 23:33:16.460][1988][WARN] [Lua] [Leveling] TaskBtn locator unavailable for main task call: locator matched no current button. include=taskitem_c.widgettree.taskbtn hint=(94.039993,224.160004) max_distance=120.0 related= related_miss=0
[2026-04-26 23:33:17.637][1988][INFO] [Lua] [Leveling] main task panel queries missed, fallback to TaskBtn hint lookup | stage=bootstrap task=圣诫之末 detail=
[2026-04-26 23:33:18.597][1988][INFO] [Lua] [Leveling] main task button nearby-text click fallback hit | mode=window_post_click text=主线 圣诫之末 text_pos=(123.12,232.76) click_pos=(95.04,229.16)
[2026-04-26 23:33:18.893][1988][INFO] [Lua] [Leveling] task_pos reject armed after main task click | reason=startup_main_task_reacquire reject_ms=8500
[2026-04-26 23:33:18.894][1988][INFO] [Lua] [Leveling] main task panel entry clicked | query=nearby_text:window_click task=圣诫之末 detail= mode=hard_refresh raw=主线 圣诫之末 kind=主线 addr= pos=(95.04,229.16)
[2026-04-26 23:33:18.894][1988][INFO] [Lua] [Leveling] navigation hold | reason=wait_task_path_after_button
[2026-04-26 23:33:18.894][1988][INFO] [Lua] [Leveling] startup main task called before any objective/follow logic | task=圣诫之末 detail= window_left=2992ms
[2026-04-26 23:33:18.895][1988][INFO] [Lua] [Leveling] heartbeat | stage=wait_task_path_after_button tick=1 pos=1268.00, -2561.00, 3129.33 target=nil path_points=0
[2026-04-26 23:33:18.941][1988][INFO] [Lua] [Leveling] nav worker status | paused
[2026-04-26 23:33:18.942][1988][INFO] [Lua] [Leveling] IsMainInterface=false but player position is available, continue leveling.
[2026-04-26 23:33:18.942][1988][WARN] [Lua] [Leveling] main task data unavailable after task button click. path_err=GetMainTaskPath returned no usable points. pos_err=GetMainTaskPos returned zero coordinates.
[2026-04-26 23:33:18.942][1988][INFO] [Lua] [Leveling] exec trace | stage=wait_task_path_after_button reason=waiting_task_path_after_button task=圣诫之末 detail= pos=1268.00, -2561.00, 3129.33 target_source= target=nil destination=nil goal_distance=nil objective_mode=
[2026-04-26 23:33:18.942][1988][INFO] [Lua] [Leveling] heartbeat | stage=wait_task_path_after_button tick=2 pos=1268.00, -2561.00, 3129.33 target=nil path_points=0
[2026-04-26 23:33:19.340][1988][INFO] [Lua] [Leveling] task name candidates | map= button_text= related_text= anchor=(94.04,224.16)
[2026-04-26 23:33:19.342][1988][INFO] [Lua] [Leveling] global task portal suppressed during startup/task reacquire | stage=wait_task_path_after_button has_target=false startup_resolving=false
[2026-04-26 23:33:19.632][1988][INFO] [Lua] [Leveling] guide skip button not visible: Nearby button not found.
[2026-04-26 23:33:19.632][1988][INFO] [Lua] [Leveling] exec trace | stage=wait_task reason=no_task_target_wait task=圣诫之末 detail= pos=1268.00, -2561.00, 3129.33 target_source= target=nil destination=nil goal_distance=nil objective_mode=
[2026-04-26 23:33:19.632][1988][INFO] [Lua] [Leveling] navigation hold | reason=wait_task
[2026-04-26 23:33:20.641][1988][INFO] [Lua] [Leveling] exec trace | stage=click_task_button reason=click_task_button task=圣诫之末 detail= pos=1268.00, -2561.00, 3129.33 target_source= target=nil destination=nil goal_distance=nil objective_mode=
[2026-04-26 23:33:20.641][1988][INFO] [Lua] [Leveling] main task call begin | stage=click_task_button task=圣诫之末 detail= mode=hard_refresh queries=圣诫之末 -> 主线 圣诫之末 -> 主线
[2026-04-26 23:33:20.939][1988][WARN] [Lua] [Leveling] TaskBtn locator unavailable for main task call: locator matched no current button. include=taskitem_c.widgettree.taskbtn hint=(94.039993,224.160004) max_distance=120.0 related= related_miss=0
[2026-04-26 23:33:22.120][1988][INFO] [Lua] [Leveling] main task panel queries missed, fallback to TaskBtn hint lookup | stage=click_task_button task=圣诫之末 detail=
[2026-04-26 23:33:23.086][1988][INFO] [Lua] [Leveling] main task button nearby-text click fallback hit | mode=window_post_click text=主线 圣诫之末 text_pos=(123.12,232.76) click_pos=(95.04,229.16)
[2026-04-26 23:33:23.378][1988][INFO] [Lua] [Leveling] task name candidates | map= button_text=主线 圣诫之末 related_text=主线 圣诫之末 anchor=(95.04,229.16)
[2026-04-26 23:33:23.378][1988][INFO] [Lua] [Leveling] main task panel entry clicked | query=nearby_text:window_click task=圣诫之末 detail= mode=hard_refresh raw=主线 圣诫之末 kind=主线 addr= pos=(95.04,229.16)
[2026-04-26 23:33:23.378][1988][INFO] [Lua] [Leveling] exec trace | stage=wait_task_path_after_button reason=waiting_task_path_after_button task=圣诫之末 detail= pos=1268.00, -2561.00, 3129.33 target_source= target=nil destination=nil goal_distance=nil objective_mode=
[2026-04-26 23:33:23.378][1988][INFO] [Lua] [Leveling] navigation hold | reason=wait_task_path_after_button
[2026-04-26 23:33:23.413][1988][INFO] [Lua] [Leveling] IsMainInterface=false but player position is available, continue leveling.
[2026-04-26 23:33:23.413][1988][WARN] [Lua] [Leveling] main task data unavailable after task button click. path_err=GetMainTaskPath returned no usable points. pos_err=GetMainTaskPos returned zero coordinates.
[2026-04-26 23:33:23.413][1988][INFO] [Lua] [Leveling] exec trace | stage=wait_task_path_after_button reason=waiting_task_path_after_button task=圣诫之末 detail= pos=1268.00, -2561.00, 3129.33 target_source= target=nil destination=nil goal_distance=nil objective_mode=
[2026-04-26 23:33:23.414][1988][INFO] [Lua] [Leveling] heartbeat | stage=wait_task_path_after_button tick=7 pos=1268.00, -2561.00, 3129.33 target=nil path_points=0
[2026-04-26 23:33:23.811][1988][INFO] [Lua] [Leveling] global task portal suppressed during startup/task reacquire | stage=wait_task_path_after_button has_target=false startup_resolving=false
[2026-04-26 23:33:24.104][1988][INFO] [Lua] [Leveling] guide skip button not visible: Nearby button not found.
[2026-04-26 23:33:24.105][1988][INFO] [Lua] [Leveling] exec trace | stage=wait_task reason=no_task_target_wait task=圣诫之末 detail= pos=1268.00, -2561.00, 3129.33 target_source= target=nil destination=nil goal_distance=nil objective_mode=
[2026-04-26 23:33:24.105][1988][INFO] [Lua] [Leveling] navigation hold | reason=wait_task
[2026-04-26 23:33:25.389][1988][INFO] [Lua] [Leveling] exec trace | stage=wait_task reason=no_task_target_wait task=圣诫之末 detail= pos=1268.00, -2561.00, 3129.33 target_source= target=nil destination=nil goal_distance=nil objective_mode=
[2026-04-26 23:33:25.427][1988][INFO] [Lua] [Leveling] exec trace | stage=click_task_button reason=click_task_button task=圣诫之末 detail= pos=1268.00, -2561.00, 3129.33 target_source= target=nil destination=nil goal_distance=nil objective_mode=
[2026-04-26 23:33:25.428][1988][INFO] [Lua] [Leveling] main task call begin | stage=click_task_button task=圣诫之末 detail= mode=hard_refresh queries=圣诫之末 -> 主线 圣诫之末 -> 主线
[2026-04-26 23:33:25.718][1988][WARN] [Lua] [Leveling] TaskBtn locator unavailable for main task call: locator matched no current button. include=taskitem_c.widgettree.taskbtn hint=(94.039993,224.160004) max_distance=120.0 related= related_miss=0
[2026-04-26 23:33:26.767][1988][ERROR] [Lua] AvePoint automation failed | mode=练级(2) err=C:\Users\GoldGiven\Desktop\cunnei\scripts/torch_nav.lua:693: Script execution interrupted
[2026-04-26 23:33:26.767][1988][INFO] [Lua] AvePoint automation stopped by error
[2026-04-26 23:33:26.768][1988][ERROR] LuaVM DoString exec failed: scripts/avepoint/hotkey.lua:4566: task stopped
stack traceback:
	[C]: in field 'sleep'
	scripts/avepoint/hotkey.lua:4566: in function 'main'
	C:\Users\GoldGiven\Desktop\cunnei\scripts\AvePoint.lua:167: in main chunk
	(...tail calls...)
	C:\Users\GoldGiven\Desktop\cunnei\AvePointStandalone.lua:128: in main chunk
[2026-04-26 23:33:26.769][1988][ERROR] Task 9 (AvePointStandalone.lua) failed: scripts/avepoint/hotkey.lua:4566: task stopped
stack traceback:
	[C]: in field 'sleep'
	scripts/avepoint/hotkey.lua:4566: in function 'main'
	C:\Users\GoldGiven\Desktop\cunnei\scripts\AvePoint.lua:167: in main chunk
	(...tail calls...)
	C:\Users\GoldGiven\Desktop\cunnei\AvePointStandalone.lua:128: in main chunk
[2026-04-26 23:33:26.798][12840][DEBUG] Task 9 (AvePointStandalone.lua) force cleaned up
[2026-04-26 23:33:26.801][12840][DEBUG] LuaVM: State closed
[2026-04-26 23:33:26.812][10508][ERROR] LuaVM DoFile failed [C:\Users\GoldGiven\Desktop\cunnei/scripts/AvePointLevelingNavWorker.lua]: Script execution interrupted
stack traceback:
	...ven\Desktop\cunnei/scripts/AvePointLevelingNavWorker.lua:311: in main chunk
[2026-04-26 23:33:26.813][10508][ERROR] Task 10 (AvePointLevelingNavWorker) failed: Script execution interrupted
stack traceback:
	...ven\Desktop\cunnei/scripts/AvePointLevelingNavWorker.lua:311: in main chunk
[2026-04-26 23:33:37.542][18612][DEBUG] HttpClient: Response 200 OK
[2026-04-26 23:34:29.133][18612][DEBUG] HttpClient: Response 200 OK
[2026-04-26 23:35:20.763][18612][DEBUG] HttpClient: Response 200 OK
[2026-04-26 23:36:11.344][12840][DEBUG] Task 11 (AvePointStandalone.lua) created
[2026-04-26 23:36:11.344][12840][DEBUG] LuaVM: cffi module registered
[2026-04-26 23:36:11.345][12840][DEBUG] LuaVM: LuaSocket modules registered (socket.core, mime.core)
[2026-04-26 23:36:11.345][12840][DEBUG] LuaVM: State created successfully
[2026-04-26 23:36:11.345][12840][DEBUG] ImGuiLua: Module registered as 'imgui'
[2026-04-26 23:36:11.345][12840][DEBUG] Registered all Lua API modules
[2026-04-26 23:36:11.346][16528][INFO] Task 11 (AvePointStandalone.lua) started
[2026-04-26 23:36:11.346][16528][INFO] [Lua] AvePoint standalone entry starting
[2026-04-26 23:36:11.358][16528][INFO] [Lua] Process guard starting
[2026-04-26 23:36:11.358][16528][DEBUG] DriverMode: Process protected PID=22224
[2026-04-26 23:36:11.358][16528][INFO] [Lua] Process protection enabled. PID=22224
[2026-04-26 23:36:11.358][16528][INFO] [Lua] Process guard ready
[2026-04-26 23:36:11.359][16528][INFO] [Lua] Configured avepointTaskMode=2 (练级) in config.json
[2026-04-26 23:36:11.359][16528][INFO] [Lua] Press Insert or Ctrl+F9 or [ to start current task mode; Delete or Ctrl+F10 or ] to stop
[2026-04-26 23:36:11.359][16528][INFO] [Lua] Press F12 to dump raw GetCurrentSelected API output without clicking
[2026-04-26 23:36:11.359][16528][INFO] [Lua] Press F4 to preview the configured target for 分解所有按钮 without clicking
[2026-04-26 23:36:11.359][16528][INFO] [Lua] Press F3 to dump mouse-nearby button candidates for 当前鼠标按钮定位分析
[2026-04-26 23:36:11.359][16528][INFO] [Lua] Press F10 to inspect the same uniquely matched mouse target for 鼠标按钮验证点击 without clicking
[2026-04-26 23:36:11.360][16528][INFO] [Lua] Press F11 or \ to validate-click a uniquely matched mouse target for 鼠标按钮验证点击
[2026-04-26 23:36:11.360][16528][INFO] [Lua] Press F6 to print current player coordinates
[2026-04-26 23:36:11.360][16528][INFO] [Lua] Press F7 to print current player position and nearby portals
[2026-04-26 23:36:11.360][16528][INFO] [Lua] Press F8 to print current mouse client coordinates
[2026-04-26 23:36:11.360][16528][INFO] [Lua] Press F9 to run read-only Data API diagnostics
[2026-04-26 23:36:11.360][16528][INFO] [Lua] Press Ctrl+F12 to exit
[2026-04-26 23:36:11.361][16528][INFO] [Lua] Waiting for torchlight API/game init...
[2026-04-26 23:36:11.682][16528][DEBUG] DriverMode: InitRemoteCallEx PID=13440, Deployee=0x26D06EC0300
[2026-04-26 23:36:11.682][16528][INFO] [Lua] Torch API initialized
[2026-04-26 23:36:11.683][16528][INFO] [Lua] Current pos: 1268.00, -2561.00, 3129.33
[2026-04-26 23:36:12.304][18612][DEBUG] HttpClient: Response 200 OK
[2026-04-26 23:36:14.101][16528][DEBUG] Task 12 (AvePointLevelingNavWorker) created
[2026-04-26 23:36:14.101][16528][DEBUG] LuaVM: cffi module registered
[2026-04-26 23:36:14.102][16528][DEBUG] LuaVM: LuaSocket modules registered (socket.core, mime.core)
[2026-04-26 23:36:14.102][16528][DEBUG] LuaVM: State created successfully
[2026-04-26 23:36:14.102][16528][DEBUG] ImGuiLua: Module registered as 'imgui'
[2026-04-26 23:36:14.102][16528][DEBUG] Registered all Lua API modules
[2026-04-26 23:36:14.103][16528][INFO] [Lua] [Leveling] nav worker started | task_id=12 share=avepoint_leveling_nav_1777217774097_11
[2026-04-26 23:36:14.103][16528][INFO] [Lua] [Leveling] navigation mode | async nav worker path-route follow | task_move_interval=1200ms task_pos_interval=900ms
[2026-04-26 23:36:14.103][6260][INFO] Task 12 (AvePointLevelingNavWorker) started
[2026-04-26 23:36:14.103][16528][INFO] [Lua] [Leveling] runner started | mode=2 quest button -> task path -> NPC dialogue
[2026-04-26 23:36:14.103][16528][INFO] [Lua] [Leveling] logic: click main task button, fetch task path, MoveTo target, confirm nearby NPC, press D, then continue
[2026-04-26 23:36:14.103][16528][INFO] [Lua] [Leveling] startup boss combat window armed | window=10000ms
[2026-04-26 23:36:14.103][16528][INFO] [Lua] [Leveling] startup state resolve armed | window=3000ms
[2026-04-26 23:36:14.104][16528][INFO] [Lua] [Leveling] map runtime detection | enabled=false
[2026-04-26 23:36:14.104][16528][INFO] [Lua] AvePoint automation started | mode=练级(2)
[2026-04-26 23:36:14.104][16528][INFO] [Lua] [Leveling] IsMainInterface=false but player position is available, continue leveling.
[2026-04-26 23:36:14.395][16528][INFO] [Lua] [Leveling] task name candidates | map= button_text= related_text= anchor=(94.04,224.16)
[2026-04-26 23:36:14.396][16528][INFO] [Lua] [Leveling] current task updated | task=主线 圣诫之末 source=nearby_text anchor=(94.04,224.16)
[2026-04-26 23:36:14.396][16528][INFO] [Lua] [Leveling] main task call begin | stage=bootstrap task=圣诫之末 detail= mode=hard_refresh queries=圣诫之末 -> 主线 圣诫之末 -> 主线
[2026-04-26 23:36:14.690][16528][WARN] [Lua] [Leveling] TaskBtn locator unavailable for main task call: locator matched no current button. include=taskitem_c.widgettree.taskbtn hint=(94.039993,224.160004) max_distance=120.0 related= related_miss=0
[2026-04-26 23:36:15.878][16528][INFO] [Lua] [Leveling] main task panel queries missed, fallback to TaskBtn hint lookup | stage=bootstrap task=圣诫之末 detail=
[2026-04-26 23:36:16.856][16528][INFO] [Lua] [Leveling] main task button nearby-text click fallback hit | mode=window_post_click text=主线 圣诫之末 text_pos=(123.12,232.76) click_pos=(95.04,229.16)
[2026-04-26 23:36:17.146][16528][INFO] [Lua] [Leveling] task_pos reject armed after main task click | reason=startup_main_task_reacquire reject_ms=8500
[2026-04-26 23:36:17.146][16528][INFO] [Lua] [Leveling] main task panel entry clicked | query=nearby_text:window_click task=圣诫之末 detail= mode=hard_refresh raw=主线 圣诫之末 kind=主线 addr= pos=(95.04,229.16)
[2026-04-26 23:36:17.147][16528][INFO] [Lua] [Leveling] navigation hold | reason=wait_task_path_after_button
[2026-04-26 23:36:17.147][16528][INFO] [Lua] [Leveling] startup main task called before any objective/follow logic | task=圣诫之末 detail= window_left=2993ms
[2026-04-26 23:36:17.147][16528][INFO] [Lua] [Leveling] heartbeat | stage=wait_task_path_after_button tick=1 pos=1268.00, -2561.00, 3129.33 target=nil path_points=0
[2026-04-26 23:36:17.184][16528][INFO] [Lua] [Leveling] nav worker status | paused
[2026-04-26 23:36:17.185][16528][INFO] [Lua] [Leveling] IsMainInterface=false but player position is available, continue leveling.
[2026-04-26 23:36:17.186][16528][WARN] [Lua] [Leveling] main task data unavailable after task button click. path_err=GetMainTaskPath returned no usable points. pos_err=GetMainTaskPos returned zero coordinates.
[2026-04-26 23:36:17.186][16528][INFO] [Lua] [Leveling] exec trace | stage=wait_task_path_after_button reason=waiting_task_path_after_button task=圣诫之末 detail= pos=1268.00, -2561.00, 3129.33 target_source= target=nil destination=nil goal_distance=nil objective_mode=
[2026-04-26 23:36:17.186][16528][INFO] [Lua] [Leveling] heartbeat | stage=wait_task_path_after_button tick=2 pos=1268.00, -2561.00, 3129.33 target=nil path_points=0
[2026-04-26 23:36:17.584][16528][INFO] [Lua] [Leveling] task name candidates | map= button_text= related_text= anchor=(94.04,224.16)
[2026-04-26 23:36:17.585][16528][INFO] [Lua] [Leveling] global task portal suppressed during startup/task reacquire | stage=wait_task_path_after_button has_target=false startup_resolving=false
[2026-04-26 23:36:17.878][16528][INFO] [Lua] [Leveling] guide skip button not visible: Nearby button not found.
[2026-04-26 23:36:17.878][16528][INFO] [Lua] [Leveling] exec trace | stage=wait_task reason=no_task_target_wait task=圣诫之末 detail= pos=1268.00, -2561.00, 3129.33 target_source= target=nil destination=nil goal_distance=nil objective_mode=
[2026-04-26 23:36:17.879][16528][INFO] [Lua] [Leveling] navigation hold | reason=wait_task
[2026-04-26 23:36:18.876][16528][INFO] [Lua] [Leveling] exec trace | stage=click_task_button reason=click_task_button task=圣诫之末 detail= pos=1268.00, -2561.00, 3129.33 target_source= target=nil destination=nil goal_distance=nil objective_mode=
[2026-04-26 23:36:18.877][16528][INFO] [Lua] [Leveling] main task call begin | stage=click_task_button task=圣诫之末 detail= mode=hard_refresh queries=圣诫之末 -> 主线 圣诫之末 -> 主线
[2026-04-26 23:36:19.165][16528][WARN] [Lua] [Leveling] TaskBtn locator unavailable for main task call: locator matched no current button. include=taskitem_c.widgettree.taskbtn hint=(94.039993,224.160004) max_distance=120.0 related= related_miss=0
[2026-04-26 23:36:20.328][16528][INFO] [Lua] [Leveling] main task panel queries missed, fallback to TaskBtn hint lookup | stage=click_task_button task=圣诫之末 detail=
[2026-04-26 23:36:20.711][12840][DEBUG] Task 10 (AvePointLevelingNavWorker) cleaned up
[2026-04-26 23:36:20.711][16528][ERROR] [Lua] AvePoint automation failed | mode=练级(2) err=C:\Users\GoldGiven\Desktop\cunnei\scripts/torch_nav.lua:1640: Script execution interrupted
[2026-04-26 23:36:20.712][12840][DEBUG] LuaVM: State closed
[2026-04-26 23:36:20.712][16528][INFO] [Lua] AvePoint automation stopped by error
[2026-04-26 23:36:20.712][16528][ERROR] LuaVM DoString exec failed: scripts/avepoint/hotkey.lua:4566: task stopped
stack traceback:
	[C]: in field 'sleep'
	scripts/avepoint/hotkey.lua:4566: in function 'main'
	C:\Users\GoldGiven\Desktop\cunnei\scripts\AvePoint.lua:167: in main chunk
	(...tail calls...)
	C:\Users\GoldGiven\Desktop\cunnei\AvePointStandalone.lua:128: in main chunk
[2026-04-26 23:36:20.712][16528][ERROR] Task 11 (AvePointStandalone.lua) failed: scripts/avepoint/hotkey.lua:4566: task stopped
stack traceback:
	[C]: in field 'sleep'
	scripts/avepoint/hotkey.lua:4566: in function 'main'
	C:\Users\GoldGiven\Desktop\cunnei\scripts\AvePoint.lua:167: in main chunk
	(...tail calls...)
	C:\Users\GoldGiven\Desktop\cunnei\AvePointStandalone.lua:128: in main chunk
[2026-04-26 23:36:20.723][6260][DEBUG] LuaVM DoFile success: C:\Users\GoldGiven\Desktop\cunnei/scripts/AvePointLevelingNavWorker.lua
[2026-04-26 23:36:20.724][6260][WARN] Cleanup callback failed: ...ven\Desktop\cunnei/scripts/AvePointLevelingNavWorker.lua:140: Script execution interrupted
stack traceback:
	...ven\Desktop\cunnei/scripts/AvePointLevelingNavWorker.lua:102: in upvalue 'share_set'
	...ven\Desktop\cunnei/scripts/AvePointLevelingNavWorker.lua:140: in function <...ven\Desktop\cunnei/scripts/AvePointLevelingNavWorker.lua:137>
[2026-04-26 23:36:20.724][6260][INFO] Task 12 (AvePointLevelingNavWorker) cancelled
[2026-04-26 23:36:20.743][12840][DEBUG] Task 11 (AvePointStandalone.lua) force cleaned up
[2026-04-26 23:36:20.747][12840][DEBUG] LuaVM: State closed
[2026-04-26 23:36:20.747][12840][DEBUG] Task 12 (AvePointLevelingNavWorker) cleaned up
[2026-04-26 23:36:20.748][12840][DEBUG] LuaVM: State closed
[2026-04-26 23:37:03.827][18612][DEBUG] HttpClient: Response 200 OK
[2026-04-26 23:37:55.319][18612][DEBUG] HttpClient: Response 200 OK
[2026-04-26 23:38:46.853][18612][DEBUG] HttpClient: Response 200 OK
[2026-04-26 23:39:38.476][18612][DEBUG] HttpClient: Response 200 OK
[2026-04-26 23:40:30.050][18612][DEBUG] HttpClient: Response 200 OK
[2026-04-26 23:41:21.827][18612][DEBUG] HttpClient: Response 200 OK
[2026-04-26 23:42:13.362][18612][DEBUG] HttpClient: Response 200 OK
[2026-04-26 23:43:02.934][12840][DEBUG] Task 13 (AvePointStandalone.lua) created
[2026-04-26 23:43:02.934][12840][DEBUG] LuaVM: cffi module registered
[2026-04-26 23:43:02.934][12840][DEBUG] LuaVM: LuaSocket modules registered (socket.core, mime.core)
[2026-04-26 23:43:02.935][12840][DEBUG] LuaVM: State created successfully
[2026-04-26 23:43:02.935][12840][DEBUG] ImGuiLua: Module registered as 'imgui'
[2026-04-26 23:43:02.935][12840][DEBUG] Registered all Lua API modules
[2026-04-26 23:43:02.935][19212][INFO] Task 13 (AvePointStandalone.lua) started
[2026-04-26 23:43:02.936][19212][INFO] [Lua] AvePoint standalone entry starting
[2026-04-26 23:43:02.947][19212][INFO] [Lua] Process guard starting
[2026-04-26 23:43:02.947][19212][DEBUG] DriverMode: Process protected PID=22224
[2026-04-26 23:43:02.948][19212][INFO] [Lua] Process protection enabled. PID=22224
[2026-04-26 23:43:02.948][19212][INFO] [Lua] Process guard ready
[2026-04-26 23:43:02.948][19212][INFO] [Lua] Configured avepointTaskMode=2 (练级) in config.json
[2026-04-26 23:43:02.948][19212][INFO] [Lua] Press Insert or Ctrl+F9 or [ to start current task mode; Delete or Ctrl+F10 or ] to stop
[2026-04-26 23:43:02.948][19212][INFO] [Lua] Press F12 to dump raw GetCurrentSelected API output without clicking
[2026-04-26 23:43:02.948][19212][INFO] [Lua] Press F4 to preview the configured target for 分解所有按钮 without clicking
[2026-04-26 23:43:02.949][19212][INFO] [Lua] Press F3 to dump mouse-nearby button candidates for 当前鼠标按钮定位分析
[2026-04-26 23:43:02.949][19212][INFO] [Lua] Press F10 to inspect the same uniquely matched mouse target for 鼠标按钮验证点击 without clicking
[2026-04-26 23:43:02.949][19212][INFO] [Lua] Press F11 or \ to validate-click a uniquely matched mouse target for 鼠标按钮验证点击
[2026-04-26 23:43:02.949][19212][INFO] [Lua] Press F6 to print current player coordinates
[2026-04-26 23:43:02.949][19212][INFO] [Lua] Press F7 to print current player position and nearby portals
[2026-04-26 23:43:02.949][19212][INFO] [Lua] Press F8 to print current mouse client coordinates
[2026-04-26 23:43:02.950][19212][INFO] [Lua] Press F9 to run read-only Data API diagnostics
[2026-04-26 23:43:02.950][19212][INFO] [Lua] Press Ctrl+F12 to exit
[2026-04-26 23:43:02.950][19212][INFO] [Lua] Waiting for torchlight API/game init...
[2026-04-26 23:43:03.259][19212][DEBUG] DriverMode: InitRemoteCallEx PID=13440, Deployee=0x26D21B10300
[2026-04-26 23:43:03.259][19212][INFO] [Lua] Torch API initialized
[2026-04-26 23:43:03.260][19212][INFO] [Lua] Current pos: 1268.00, -2561.00, 3129.33
[2026-04-26 23:43:04.500][19212][DEBUG] Task 14 (AvePointLevelingNavWorker) created
[2026-04-26 23:43:04.500][19212][DEBUG] LuaVM: cffi module registered
[2026-04-26 23:43:04.500][19212][DEBUG] LuaVM: LuaSocket modules registered (socket.core, mime.core)
[2026-04-26 23:43:04.501][19212][DEBUG] LuaVM: State created successfully
[2026-04-26 23:43:04.501][19212][DEBUG] ImGuiLua: Module registered as 'imgui'
[2026-04-26 23:43:04.501][19212][DEBUG] Registered all Lua API modules
[2026-04-26 23:43:04.502][19212][INFO] [Lua] [Leveling] nav worker started | task_id=14 share=avepoint_leveling_nav_1777218184495_13
[2026-04-26 23:43:04.502][19212][INFO] [Lua] [Leveling] navigation mode | async nav worker path-route follow | task_move_interval=1200ms task_pos_interval=900ms
[2026-04-26 23:43:04.502][21060][INFO] Task 14 (AvePointLevelingNavWorker) started
[2026-04-26 23:43:04.503][19212][INFO] [Lua] [Leveling] runner started | mode=2 quest button -> task path -> NPC dialogue
[2026-04-26 23:43:04.503][19212][INFO] [Lua] [Leveling] logic: click main task button, fetch task path, MoveTo target, confirm nearby NPC, press D, then continue
[2026-04-26 23:43:04.505][19212][INFO] [Lua] [Leveling] startup boss combat window armed | window=10000ms
[2026-04-26 23:43:04.506][19212][INFO] [Lua] [Leveling] startup state resolve armed | window=3000ms
[2026-04-26 23:43:04.506][19212][INFO] [Lua] [Leveling] map runtime detection | enabled=false
[2026-04-26 23:43:04.506][19212][INFO] [Lua] AvePoint automation started | mode=练级(2)
[2026-04-26 23:43:04.507][19212][INFO] [Lua] [Leveling] IsMainInterface=false but player position is available, continue leveling.
[2026-04-26 23:43:04.791][19212][INFO] [Lua] [Leveling] task name candidates | map= button_text= related_text= anchor=(94.04,224.16)
[2026-04-26 23:43:04.792][19212][INFO] [Lua] [Leveling] current task updated | task=主线 圣诫之末 source=nearby_text anchor=(94.04,224.16)
[2026-04-26 23:43:04.792][19212][INFO] [Lua] [Leveling] main task call begin | stage=bootstrap task=圣诫之末 detail= mode=hard_refresh queries=圣诫之末 -> 主线 圣诫之末 -> 主线
[2026-04-26 23:43:04.942][18612][DEBUG] HttpClient: Response 200 OK
[2026-04-26 23:43:05.088][19212][WARN] [Lua] [Leveling] TaskBtn locator unavailable for main task call: locator matched no current button. include=taskitem_c.widgettree.taskbtn hint=(94.039993,224.160004) max_distance=120.0 related= related_miss=0
[2026-04-26 23:43:05.388][19212][INFO] [Lua] [Leveling] task panel unresolved for main task click | task_buttons=0 tasks=0 stage=bootstrap
[2026-04-26 23:43:06.272][19212][INFO] [Lua] [Leveling] main task panel queries missed, fallback to TaskBtn hint lookup | stage=bootstrap task=圣诫之末 detail=
[2026-04-26 23:43:07.203][19212][INFO] [Lua] [Leveling] main task button nearby-text click fallback hit | mode=task_row_window_click text=主线 圣诫之末 text_pos=(123.12,232.76) detail_y=248.48 next_header_y=286.40 click_pos=(95.04,274.48)
[2026-04-26 23:43:07.491][19212][INFO] [Lua] [Leveling] task_pos reject armed after main task click | reason=startup_main_task_reacquire reject_ms=8500
[2026-04-26 23:43:07.491][19212][INFO] [Lua] [Leveling] main task panel entry clicked | query=nearby_text:window_click task=圣诫之末 detail= mode=hard_refresh raw=主线 圣诫之末 kind=主线 addr= pos=(95.04,274.48)
[2026-04-26 23:43:07.491][19212][INFO] [Lua] [Leveling] navigation hold | reason=wait_task_path_after_button
[2026-04-26 23:43:07.492][19212][INFO] [Lua] [Leveling] startup main task called before any objective/follow logic | task=圣诫之末 detail= window_left=2989ms
[2026-04-26 23:43:07.492][19212][INFO] [Lua] [Leveling] heartbeat | stage=wait_task_path_after_button tick=1 pos=1268.00, -2561.00, 3129.33 target=nil path_points=0
[2026-04-26 23:43:07.531][19212][INFO] [Lua] [Leveling] nav worker status | paused
[2026-04-26 23:43:07.532][19212][INFO] [Lua] [Leveling] IsMainInterface=false but player position is available, continue leveling.
[2026-04-26 23:43:07.532][19212][WARN] [Lua] [Leveling] main task data unavailable after task button click. path_err=GetMainTaskPath returned no usable points. pos_err=GetMainTaskPos returned zero coordinates.
[2026-04-26 23:43:07.532][19212][INFO] [Lua] [Leveling] exec trace | stage=wait_task_path_after_button reason=waiting_task_path_after_button task=圣诫之末 detail= pos=1268.00, -2561.00, 3129.33 target_source= target=nil destination=nil goal_distance=nil objective_mode=
[2026-04-26 23:43:07.532][19212][INFO] [Lua] [Leveling] heartbeat | stage=wait_task_path_after_button tick=2 pos=1268.00, -2561.00, 3129.33 target=nil path_points=0
[2026-04-26 23:43:07.929][19212][INFO] [Lua] [Leveling] task name candidates | map= button_text= related_text= anchor=(94.04,224.16)
[2026-04-26 23:43:07.931][19212][INFO] [Lua] [Leveling] global task portal suppressed during startup/task reacquire | stage=wait_task_path_after_button has_target=false startup_resolving=false
[2026-04-26 23:43:08.226][19212][INFO] [Lua] [Leveling] guide skip button not visible: Nearby button not found.
[2026-04-26 23:43:08.226][19212][INFO] [Lua] [Leveling] exec trace | stage=wait_task reason=no_task_target_wait task=圣诫之末 detail= pos=1268.00, -2561.00, 3129.33 target_source= target=nil destination=nil goal_distance=nil objective_mode=
[2026-04-26 23:43:08.227][19212][INFO] [Lua] [Leveling] navigation hold | reason=wait_task
[2026-04-26 23:43:09.213][19212][INFO] [Lua] [Leveling] exec trace | stage=click_task_button reason=click_task_button task=圣诫之末 detail= pos=1268.00, -2561.00, 3129.33 target_source= target=nil destination=nil goal_distance=nil objective_mode=
[2026-04-26 23:43:09.213][19212][INFO] [Lua] [Leveling] main task call begin | stage=click_task_button task=圣诫之末 detail= mode=hard_refresh queries=圣诫之末 -> 主线 圣诫之末 -> 主线
[2026-04-26 23:43:09.510][19212][WARN] [Lua] [Leveling] TaskBtn locator unavailable for main task call: locator matched no current button. include=taskitem_c.widgettree.taskbtn hint=(94.039993,224.160004) max_distance=120.0 related= related_miss=0
[2026-04-26 23:43:09.667][19212][ERROR] [Lua] AvePoint automation failed | mode=练级(2) err=C:\Users\GoldGiven\Desktop\cunnei\scripts/torch_nav.lua:693: Script execution interrupted
[2026-04-26 23:43:09.667][19212][INFO] [Lua] AvePoint automation stopped by error
[2026-04-26 23:43:09.668][19212][ERROR] LuaVM DoString exec failed: scripts/avepoint/hotkey.lua:4566: task stopped
stack traceback:
	[C]: in field 'sleep'
	scripts/avepoint/hotkey.lua:4566: in function 'main'
	C:\Users\GoldGiven\Desktop\cunnei\scripts\AvePoint.lua:167: in main chunk
	(...tail calls...)
	C:\Users\GoldGiven\Desktop\cunnei\AvePointStandalone.lua:128: in main chunk
[2026-04-26 23:43:09.668][19212][ERROR] Task 13 (AvePointStandalone.lua) failed: scripts/avepoint/hotkey.lua:4566: task stopped
stack traceback:
	[C]: in field 'sleep'
	scripts/avepoint/hotkey.lua:4566: in function 'main'
	C:\Users\GoldGiven\Desktop\cunnei\scripts\AvePoint.lua:167: in main chunk
	(...tail calls...)
	C:\Users\GoldGiven\Desktop\cunnei\AvePointStandalone.lua:128: in main chunk
[2026-04-26 23:43:09.694][21060][DEBUG] LuaVM DoFile success: C:\Users\GoldGiven\Desktop\cunnei/scripts/AvePointLevelingNavWorker.lua
[2026-04-26 23:43:09.694][21060][INFO] Task 14 (AvePointLevelingNavWorker) cancelled
[2026-04-26 23:43:09.699][12840][DEBUG] Task 13 (AvePointStandalone.lua) force cleaned up
[2026-04-26 23:43:09.705][12840][DEBUG] LuaVM: State closed
[2026-04-26 23:43:09.705][12840][DEBUG] Task 14 (AvePointLevelingNavWorker) cleaned up
[2026-04-26 23:43:09.706][12840][DEBUG] LuaVM: State closed
[2026-04-26 23:43:56.470][18612][DEBUG] HttpClient: Response 200 OK
[2026-04-26 23:44:48.029][18612][DEBUG] HttpClient: Response 200 OK
[2026-04-26 23:45:39.611][18612][DEBUG] HttpClient: Response 200 OK
[2026-04-26 23:46:31.104][18612][DEBUG] HttpClient: Response 200 OK
[2026-04-26 23:47:22.688][18612][DEBUG] HttpClient: Response 200 OK
[2026-04-26 23:47:54.026][12840][DEBUG] Task 15 (AvePointStandalone.lua) created
[2026-04-26 23:47:54.027][12840][DEBUG] LuaVM: cffi module registered
[2026-04-26 23:47:54.027][12840][DEBUG] LuaVM: LuaSocket modules registered (socket.core, mime.core)
[2026-04-26 23:47:54.027][12840][DEBUG] LuaVM: State created successfully
[2026-04-26 23:47:54.027][12840][DEBUG] ImGuiLua: Module registered as 'imgui'
[2026-04-26 23:47:54.027][12840][DEBUG] Registered all Lua API modules
[2026-04-26 23:47:54.028][14564][INFO] Task 15 (AvePointStandalone.lua) started
[2026-04-26 23:47:54.028][14564][INFO] [Lua] AvePoint standalone entry starting
[2026-04-26 23:47:54.040][14564][INFO] [Lua] Process guard starting
[2026-04-26 23:47:54.040][14564][DEBUG] DriverMode: Process protected PID=22224
[2026-04-26 23:47:54.041][14564][INFO] [Lua] Process protection enabled. PID=22224
[2026-04-26 23:47:54.041][14564][INFO] [Lua] Process guard ready
[2026-04-26 23:47:54.041][14564][INFO] [Lua] Configured avepointTaskMode=2 (练级) in config.json
[2026-04-26 23:47:54.041][14564][INFO] [Lua] Press Insert or Ctrl+F9 or [ to start current task mode; Delete or Ctrl+F10 or ] to stop
[2026-04-26 23:47:54.041][14564][INFO] [Lua] Press F12 to dump raw GetCurrentSelected API output without clicking
[2026-04-26 23:47:54.042][14564][INFO] [Lua] Press F4 to preview the configured target for 分解所有按钮 without clicking
[2026-04-26 23:47:54.042][14564][INFO] [Lua] Press F3 to dump mouse-nearby button candidates for 当前鼠标按钮定位分析
[2026-04-26 23:47:54.042][14564][INFO] [Lua] Press F10 to inspect the same uniquely matched mouse target for 鼠标按钮验证点击 without clicking
[2026-04-26 23:47:54.042][14564][INFO] [Lua] Press F11 or \ to validate-click a uniquely matched mouse target for 鼠标按钮验证点击
[2026-04-26 23:47:54.042][14564][INFO] [Lua] Press F6 to print current player coordinates
[2026-04-26 23:47:54.043][14564][INFO] [Lua] Press F7 to print current player position and nearby portals
[2026-04-26 23:47:54.043][14564][INFO] [Lua] Press F8 to print current mouse client coordinates
[2026-04-26 23:47:54.043][14564][INFO] [Lua] Press F9 to run read-only Data API diagnostics
[2026-04-26 23:47:54.043][14564][INFO] [Lua] Press Ctrl+F12 to exit
[2026-04-26 23:47:54.043][14564][INFO] [Lua] Waiting for torchlight API/game init...
[2026-04-26 23:47:54.352][14564][DEBUG] DriverMode: InitRemoteCallEx PID=13440, Deployee=0x26D29D70300
[2026-04-26 23:47:54.352][14564][INFO] [Lua] Torch API initialized
[2026-04-26 23:47:54.353][14564][INFO] [Lua] Current pos: 1268.00, -2561.00, 3129.33
[2026-04-26 23:47:56.605][14564][DEBUG] Task 16 (AvePointLevelingNavWorker) created
[2026-04-26 23:47:56.605][14564][DEBUG] LuaVM: cffi module registered
[2026-04-26 23:47:56.605][14564][DEBUG] LuaVM: LuaSocket modules registered (socket.core, mime.core)
[2026-04-26 23:47:56.605][14564][DEBUG] LuaVM: State created successfully
[2026-04-26 23:47:56.606][14564][DEBUG] ImGuiLua: Module registered as 'imgui'
[2026-04-26 23:47:56.606][14564][DEBUG] Registered all Lua API modules
[2026-04-26 23:47:56.606][14564][INFO] [Lua] [Leveling] nav worker started | task_id=16 share=avepoint_leveling_nav_1777218476595_15
[2026-04-26 23:47:56.606][14564][INFO] [Lua] [Leveling] navigation mode | async nav worker path-route follow | task_move_interval=1200ms task_pos_interval=900ms
[2026-04-26 23:47:56.606][22412][INFO] Task 16 (AvePointLevelingNavWorker) started
[2026-04-26 23:47:56.607][14564][INFO] [Lua] [Leveling] runner started | mode=2 quest button -> task path -> NPC dialogue
[2026-04-26 23:47:56.607][14564][INFO] [Lua] [Leveling] logic: click main task button, fetch task path, MoveTo target, confirm nearby NPC, press D, then continue
[2026-04-26 23:47:56.607][14564][INFO] [Lua] [Leveling] startup boss combat window armed | window=10000ms
[2026-04-26 23:47:56.607][14564][INFO] [Lua] [Leveling] startup state resolve armed | window=3000ms
[2026-04-26 23:47:56.607][14564][INFO] [Lua] [Leveling] map runtime detection | enabled=false
[2026-04-26 23:47:56.607][14564][INFO] [Lua] AvePoint automation started | mode=练级(2)
[2026-04-26 23:47:56.607][14564][INFO] [Lua] [Leveling] IsMainInterface=false but player position is available, continue leveling.
[2026-04-26 23:47:56.892][14564][INFO] [Lua] [Leveling] task name candidates | map= button_text= related_text= anchor=(94.04,224.16)
[2026-04-26 23:47:56.892][14564][INFO] [Lua] [Leveling] current task updated | task=主线 圣诫之末 source=nearby_text anchor=(94.04,224.16)
[2026-04-26 23:47:56.892][14564][INFO] [Lua] [Leveling] main task call begin | stage=bootstrap task=圣诫之末 detail= mode=hard_refresh queries=圣诫之末 -> 主线 圣诫之末 -> 主线
[2026-04-26 23:47:57.179][14564][WARN] [Lua] [Leveling] TaskBtn locator unavailable for main task call: locator matched no current button. include=taskitem_c.widgettree.taskbtn hint=(94.039993,224.160004) max_distance=120.0 related= related_miss=0
[2026-04-26 23:47:57.469][14564][INFO] [Lua] [Leveling] task panel unresolved for main task click | task_buttons=0 tasks=0 stage=bootstrap
[2026-04-26 23:47:58.329][14564][INFO] [Lua] [Leveling] main task panel queries missed, fallback to TaskBtn hint lookup | stage=bootstrap task=圣诫之末 detail=
[2026-04-26 23:47:59.271][14564][INFO] [Lua] [Leveling] main task button nearby-text click fallback hit | mode=task_row_window_click text=主线 圣诫之末 text_pos=(123.12,232.76) detail_y=248.48 next_header_y=286.40 click_pos=(95.04,274.48)
[2026-04-26 23:47:59.561][14564][INFO] [Lua] [Leveling] task_pos reject armed after main task click | reason=startup_main_task_reacquire reject_ms=8500
[2026-04-26 23:47:59.561][14564][INFO] [Lua] [Leveling] main task panel entry clicked | query=nearby_text:window_click task=圣诫之末 detail= mode=hard_refresh raw=主线 圣诫之末 kind=主线 addr= pos=(95.04,274.48)
[2026-04-26 23:47:59.562][14564][INFO] [Lua] [Leveling] navigation hold | reason=wait_task_path_after_button
[2026-04-26 23:47:59.562][14564][INFO] [Lua] [Leveling] startup main task called before any objective/follow logic | task=圣诫之末 detail= window_left=2988ms
[2026-04-26 23:47:59.562][14564][INFO] [Lua] [Leveling] heartbeat | stage=wait_task_path_after_button tick=1 pos=1268.00, -2561.00, 3129.33 target=nil path_points=0
[2026-04-26 23:47:59.600][14564][INFO] [Lua] [Leveling] nav worker status | paused
[2026-04-26 23:47:59.601][14564][WARN] [Lua] [Leveling] main task data unavailable after task button click. path_err=GetMainTaskPath returned no usable points. pos_err=GetMainTaskPos returned zero coordinates.
[2026-04-26 23:47:59.601][14564][INFO] [Lua] [Leveling] exec trace | stage=wait_task_path_after_button reason=waiting_task_path_after_button task=圣诫之末 detail= pos=1268.00, -2561.00, 3129.33 target_source= target=nil destination=nil goal_distance=nil objective_mode=
[2026-04-26 23:47:59.708][14564][INFO] [Lua] [Leveling] IsMainInterface=false but player position is available, continue leveling.
[2026-04-26 23:47:59.995][14564][INFO] [Lua] [Leveling] task name candidates | map= button_text= related_text= anchor=(94.04,224.16)
[2026-04-26 23:47:59.996][14564][INFO] [Lua] [Leveling] global task portal suppressed during startup/task reacquire | stage=wait_task_path_after_button has_target=false startup_resolving=false
[2026-04-26 23:48:00.283][14564][INFO] [Lua] [Leveling] guide skip button not visible: Nearby button not found.
[2026-04-26 23:48:00.283][14564][INFO] [Lua] [Leveling] exec trace | stage=wait_task reason=no_task_target_wait task=圣诫之末 detail= pos=1268.00, -2561.00, 3129.33 target_source= target=nil destination=nil goal_distance=nil objective_mode=
[2026-04-26 23:48:00.284][14564][INFO] [Lua] [Leveling] navigation hold | reason=wait_task
[2026-04-26 23:48:00.284][14564][INFO] [Lua] [Leveling] heartbeat | stage=wait_task tick=3 pos=1268.00, -2561.00, 3129.33 target=nil path_points=0
[2026-04-26 23:48:01.267][14564][INFO] [Lua] [Leveling] exec trace | stage=click_task_button reason=click_task_button task=圣诫之末 detail= pos=1268.00, -2561.00, 3129.33 target_source= target=nil destination=nil goal_distance=nil objective_mode=
[2026-04-26 23:48:01.267][14564][INFO] [Lua] [Leveling] main task call begin | stage=click_task_button task=圣诫之末 detail= mode=hard_refresh queries=圣诫之末 -> 主线 圣诫之末 -> 主线
[2026-04-26 23:48:01.559][14564][WARN] [Lua] [Leveling] TaskBtn locator unavailable for main task call: locator matched no current button. include=taskitem_c.widgettree.taskbtn hint=(94.039993,224.160004) max_distance=120.0 related= related_miss=0
[2026-04-26 23:48:01.848][14564][INFO] [Lua] [Leveling] task panel unresolved for main task click | task_buttons=0 tasks=0 stage=click_task_button
[2026-04-26 23:48:02.711][14564][INFO] [Lua] [Leveling] main task panel queries missed, fallback to TaskBtn hint lookup | stage=click_task_button task=圣诫之末 detail=
[2026-04-26 23:48:03.544][14564][ERROR] [Lua] AvePoint automation failed | mode=练级(2) err=C:\Users\GoldGiven\Desktop\cunnei\scripts/torch_nav.lua:1683: Script execution interrupted
[2026-04-26 23:48:03.544][14564][INFO] [Lua] AvePoint automation stopped by error
[2026-04-26 23:48:03.545][14564][ERROR] LuaVM DoString exec failed: scripts/avepoint/hotkey.lua:4566: task stopped
stack traceback:
	[C]: in field 'sleep'
	scripts/avepoint/hotkey.lua:4566: in function 'main'
	C:\Users\GoldGiven\Desktop\cunnei\scripts\AvePoint.lua:167: in main chunk
	(...tail calls...)
	C:\Users\GoldGiven\Desktop\cunnei\AvePointStandalone.lua:128: in main chunk
[2026-04-26 23:48:03.545][14564][ERROR] Task 15 (AvePointStandalone.lua) failed: scripts/avepoint/hotkey.lua:4566: task stopped
stack traceback:
	[C]: in field 'sleep'
	scripts/avepoint/hotkey.lua:4566: in function 'main'
	C:\Users\GoldGiven\Desktop\cunnei\scripts\AvePoint.lua:167: in main chunk
	(...tail calls...)
	C:\Users\GoldGiven\Desktop\cunnei\AvePointStandalone.lua:128: in main chunk
[2026-04-26 23:48:03.572][22412][ERROR] LuaVM DoFile failed [C:\Users\GoldGiven\Desktop\cunnei/scripts/AvePointLevelingNavWorker.lua]: ...ven\Desktop\cunnei/scripts/AvePointLevelingNavWorker.lua:324: Script execution interrupted
stack traceback:
	...ven\Desktop\cunnei/scripts/AvePointLevelingNavWorker.lua:82: in local 'share_get'
	...ven\Desktop\cunnei/scripts/AvePointLevelingNavWorker.lua:324: in main chunk
[2026-04-26 23:48:03.572][22412][ERROR] Task 16 (AvePointLevelingNavWorker) failed: ...ven\Desktop\cunnei/scripts/AvePointLevelingNavWorker.lua:324: Script execution interrupted
stack traceback:
	...ven\Desktop\cunnei/scripts/AvePointLevelingNavWorker.lua:82: in local 'share_get'
	...ven\Desktop\cunnei/scripts/AvePointLevelingNavWorker.lua:324: in main chunk
[2026-04-26 23:48:03.575][12840][DEBUG] Task 15 (AvePointStandalone.lua) force cleaned up
[2026-04-26 23:48:03.580][12840][DEBUG] LuaVM: State closed
[2026-04-26 23:48:03.580][12840][DEBUG] Task 16 (AvePointLevelingNavWorker) cleaned up
[2026-04-26 23:48:03.581][12840][DEBUG] LuaVM: State closed
[2026-04-26 23:48:14.316][18612][DEBUG] HttpClient: Response 200 OK
[2026-04-26 23:49:06.007][18612][DEBUG] HttpClient: Response 200 OK
[2026-04-26 23:49:46.574][12840][DEBUG] Task 17 (AvePointStandalone.lua) created
[2026-04-26 23:49:46.574][12840][DEBUG] LuaVM: cffi module registered
[2026-04-26 23:49:46.575][12840][DEBUG] LuaVM: LuaSocket modules registered (socket.core, mime.core)
[2026-04-26 23:49:46.575][12840][DEBUG] LuaVM: State created successfully
[2026-04-26 23:49:46.575][12840][DEBUG] ImGuiLua: Module registered as 'imgui'
[2026-04-26 23:49:46.575][12840][DEBUG] Registered all Lua API modules
[2026-04-26 23:49:46.576][21108][INFO] Task 17 (AvePointStandalone.lua) started
[2026-04-26 23:49:46.576][21108][INFO] [Lua] AvePoint standalone entry starting
[2026-04-26 23:49:46.588][21108][INFO] [Lua] Process guard starting
[2026-04-26 23:49:46.588][21108][DEBUG] DriverMode: Process protected PID=22224
[2026-04-26 23:49:46.589][21108][INFO] [Lua] Process protection enabled. PID=22224
[2026-04-26 23:49:46.589][21108][INFO] [Lua] Process guard ready
[2026-04-26 23:49:46.590][21108][INFO] [Lua] Configured avepointTaskMode=2 (练级) in config.json
[2026-04-26 23:49:46.590][21108][INFO] [Lua] Press Insert or Ctrl+F9 or [ to start current task mode; Delete or Ctrl+F10 or ] to stop
[2026-04-26 23:49:46.590][21108][INFO] [Lua] Press F12 to dump raw GetCurrentSelected API output without clicking
[2026-04-26 23:49:46.590][21108][INFO] [Lua] Press F4 to preview the configured target for 分解所有按钮 without clicking
[2026-04-26 23:49:46.591][21108][INFO] [Lua] Press F3 to dump mouse-nearby button candidates for 当前鼠标按钮定位分析
[2026-04-26 23:49:46.591][21108][INFO] [Lua] Press F10 to inspect the same uniquely matched mouse target for 鼠标按钮验证点击 without clicking
[2026-04-26 23:49:46.591][21108][INFO] [Lua] Press F11 or \ to validate-click a uniquely matched mouse target for 鼠标按钮验证点击
[2026-04-26 23:49:46.592][21108][INFO] [Lua] Press F6 to print current player coordinates
[2026-04-26 23:49:46.592][21108][INFO] [Lua] Press F7 to print current player position and nearby portals
[2026-04-26 23:49:46.592][21108][INFO] [Lua] Press F8 to print current mouse client coordinates
[2026-04-26 23:49:46.593][21108][INFO] [Lua] Press F9 to run read-only Data API diagnostics
[2026-04-26 23:49:46.593][21108][INFO] [Lua] Press Ctrl+F12 to exit
[2026-04-26 23:49:46.593][21108][INFO] [Lua] Waiting for torchlight API/game init...
[2026-04-26 23:49:46.905][21108][DEBUG] DriverMode: InitRemoteCallEx PID=13440, Deployee=0x26D22500300
[2026-04-26 23:49:46.905][21108][INFO] [Lua] Torch API initialized
[2026-04-26 23:49:46.909][21108][INFO] [Lua] Current pos: 1268.00, -2561.00, 3129.33
[2026-04-26 23:49:48.832][21108][DEBUG] Task 18 (AvePointLevelingNavWorker) created
[2026-04-26 23:49:48.833][21108][DEBUG] LuaVM: cffi module registered
[2026-04-26 23:49:48.833][21108][DEBUG] LuaVM: LuaSocket modules registered (socket.core, mime.core)
[2026-04-26 23:49:48.834][21108][DEBUG] LuaVM: State created successfully
[2026-04-26 23:49:48.834][21108][DEBUG] ImGuiLua: Module registered as 'imgui'
[2026-04-26 23:49:48.834][21108][DEBUG] Registered all Lua API modules
[2026-04-26 23:49:48.835][21108][INFO] [Lua] [Leveling] nav worker started | task_id=18 share=avepoint_leveling_nav_1777218588829_17
[2026-04-26 23:49:48.835][14492][INFO] Task 18 (AvePointLevelingNavWorker) started
[2026-04-26 23:49:48.835][21108][INFO] [Lua] [Leveling] navigation mode | async nav worker path-route follow | task_move_interval=1200ms task_pos_interval=900ms
[2026-04-26 23:49:48.836][21108][INFO] [Lua] [Leveling] runner started | mode=2 quest button -> task path -> NPC dialogue
[2026-04-26 23:49:48.836][21108][INFO] [Lua] [Leveling] logic: click main task button, fetch task path, MoveTo target, confirm nearby NPC, press D, then continue
[2026-04-26 23:49:48.836][21108][INFO] [Lua] [Leveling] startup boss combat window armed | window=10000ms
[2026-04-26 23:49:48.836][21108][INFO] [Lua] [Leveling] startup state resolve armed | window=3000ms
[2026-04-26 23:49:48.837][21108][INFO] [Lua] [Leveling] map runtime detection | enabled=false
[2026-04-26 23:49:48.837][21108][INFO] [Lua] AvePoint automation started | mode=练级(2)
[2026-04-26 23:49:48.837][21108][INFO] [Lua] [Leveling] IsMainInterface=false but player position is available, continue leveling.
[2026-04-26 23:49:49.126][21108][INFO] [Lua] [Leveling] task name candidates | map= button_text= related_text= anchor=(94.04,224.16)
[2026-04-26 23:49:49.126][21108][INFO] [Lua] [Leveling] current task updated | task=主线 圣诫之末 source=nearby_text anchor=(94.04,224.16)
[2026-04-26 23:49:49.127][21108][INFO] [Lua] [Leveling] main task call begin | stage=bootstrap task=圣诫之末 detail= mode=hard_refresh queries=圣诫之末 -> 主线 圣诫之末 -> 主线
[2026-04-26 23:49:49.416][21108][WARN] [Lua] [Leveling] TaskBtn locator unavailable for main task call: locator matched no current button. include=taskitem_c.widgettree.taskbtn hint=(94.039993,224.160004) max_distance=120.0 related= related_miss=0
[2026-04-26 23:49:49.708][21108][INFO] [Lua] [Leveling] task panel unresolved for main task click | task_buttons=0 tasks=0 stage=bootstrap
[2026-04-26 23:49:50.574][21108][INFO] [Lua] [Leveling] main task panel queries missed, fallback to TaskBtn hint lookup | stage=bootstrap task=圣诫之末 detail=
[2026-04-26 23:49:51.502][21108][INFO] [Lua] [Leveling] main task button nearby-text click fallback hit | mode=task_row_window_click text=主线 圣诫之末 text_pos=(123.12,232.76) detail_y=248.48 next_header_y=286.40 click_pos=(95.04,274.40)
[2026-04-26 23:49:51.787][21108][INFO] [Lua] [Leveling] task_pos reject armed after main task click | reason=startup_main_task_reacquire reject_ms=8500
[2026-04-26 23:49:51.787][21108][INFO] [Lua] [Leveling] main task panel entry clicked | query=nearby_text:window_click task=圣诫之末 detail= mode=hard_refresh raw=主线 圣诫之末 kind=主线 addr= pos=(95.04,274.40)
[2026-04-26 23:49:51.788][21108][INFO] [Lua] [Leveling] navigation hold | reason=wait_task_path_after_button
[2026-04-26 23:49:51.788][21108][INFO] [Lua] [Leveling] startup main task called before any objective/follow logic | task=圣诫之末 detail= window_left=2992ms
[2026-04-26 23:49:51.788][21108][INFO] [Lua] [Leveling] heartbeat | stage=wait_task_path_after_button tick=1 pos=1268.00, -2561.00, 3129.33 target=nil path_points=0
[2026-04-26 23:49:51.828][21108][INFO] [Lua] [Leveling] nav worker status | paused
[2026-04-26 23:49:51.829][21108][WARN] [Lua] [Leveling] main task data unavailable after task button click. path_err=GetMainTaskPath returned no usable points. pos_err=GetMainTaskPos returned zero coordinates.
[2026-04-26 23:49:51.829][21108][INFO] [Lua] [Leveling] exec trace | stage=wait_task_path_after_button reason=waiting_task_path_after_button task=圣诫之末 detail= pos=1268.00, -2561.00, 3129.33 target_source= target=nil destination=nil goal_distance=nil objective_mode=
[2026-04-26 23:49:51.935][21108][INFO] [Lua] [Leveling] IsMainInterface=false but player position is available, continue leveling.
[2026-04-26 23:49:52.226][21108][INFO] [Lua] [Leveling] task name candidates | map= button_text= related_text= anchor=(94.04,224.16)
[2026-04-26 23:49:52.227][21108][INFO] [Lua] [Leveling] global task portal suppressed during startup/task reacquire | stage=wait_task_path_after_button has_target=false startup_resolving=false
[2026-04-26 23:49:52.523][21108][INFO] [Lua] [Leveling] guide skip button not visible: Nearby button not found.
[2026-04-26 23:49:52.523][21108][INFO] [Lua] [Leveling] exec trace | stage=wait_task reason=no_task_target_wait task=圣诫之末 detail= pos=1268.00, -2561.00, 3129.33 target_source= target=nil destination=nil goal_distance=nil objective_mode=
[2026-04-26 23:49:52.524][21108][INFO] [Lua] [Leveling] navigation hold | reason=wait_task
[2026-04-26 23:49:52.524][21108][INFO] [Lua] [Leveling] heartbeat | stage=wait_task tick=3 pos=1268.00, -2561.00, 3129.33 target=nil path_points=0
[2026-04-26 23:49:53.510][21108][INFO] [Lua] [Leveling] exec trace | stage=click_task_button reason=click_task_button task=圣诫之末 detail= pos=1268.00, -2561.00, 3129.33 target_source= target=nil destination=nil goal_distance=nil objective_mode=
[2026-04-26 23:49:53.510][21108][INFO] [Lua] [Leveling] main task call begin | stage=click_task_button task=圣诫之末 detail= mode=hard_refresh queries=圣诫之末 -> 主线 圣诫之末 -> 主线
[2026-04-26 23:49:53.802][21108][WARN] [Lua] [Leveling] TaskBtn locator unavailable for main task call: locator matched no current button. include=taskitem_c.widgettree.taskbtn hint=(94.039993,224.160004) max_distance=120.0 related= related_miss=0
[2026-04-26 23:49:54.094][21108][INFO] [Lua] [Leveling] task panel unresolved for main task click | task_buttons=0 tasks=0 stage=click_task_button
[2026-04-26 23:49:54.981][21108][INFO] [Lua] [Leveling] main task panel queries missed, fallback to TaskBtn hint lookup | stage=click_task_button task=圣诫之末 detail=
[2026-04-26 23:49:55.986][21108][INFO] [Lua] [Leveling] main task button nearby-text click fallback hit | mode=task_row_window_click text=主线 圣诫之末 text_pos=(123.12,232.76) detail_y=248.48 next_header_y=286.40 click_pos=(95.04,274.40)
[2026-04-26 23:49:56.293][21108][INFO] [Lua] [Leveling] task name candidates | map= button_text=主线 圣诫之末 related_text=主线 圣诫之末 anchor=(95.04,274.40)
[2026-04-26 23:49:56.294][21108][INFO] [Lua] [Leveling] main task panel entry clicked | query=nearby_text:window_click task=圣诫之末 detail= mode=hard_refresh raw=主线 圣诫之末 kind=主线 addr= pos=(95.04,274.40)
[2026-04-26 23:49:56.295][21108][INFO] [Lua] [Leveling] exec trace | stage=wait_task_path_after_button reason=waiting_task_path_after_button task=圣诫之末 detail= pos=1268.00, -2561.00, 3129.33 target_source= target=nil destination=nil goal_distance=nil objective_mode=
[2026-04-26 23:49:56.295][21108][INFO] [Lua] [Leveling] navigation hold | reason=wait_task_path_after_button
[2026-04-26 23:49:56.329][21108][INFO] [Lua] [Leveling] IsMainInterface=false but player position is available, continue leveling.
[2026-04-26 23:49:56.330][21108][WARN] [Lua] [Leveling] main task data unavailable after task button click. path_err=GetMainTaskPath returned no usable points. pos_err=GetMainTaskPos returned zero coordinates.
[2026-04-26 23:49:56.331][21108][INFO] [Lua] [Leveling] exec trace | stage=wait_task_path_after_button reason=waiting_task_path_after_button task=圣诫之末 detail= pos=1268.00, -2561.00, 3129.33 target_source= target=nil destination=nil goal_distance=nil objective_mode=
[2026-04-26 23:49:56.332][21108][INFO] [Lua] [Leveling] heartbeat | stage=wait_task_path_after_button tick=7 pos=1268.00, -2561.00, 3129.33 target=nil path_points=0
[2026-04-26 23:49:56.743][21108][INFO] [Lua] [Leveling] global task portal suppressed during startup/task reacquire | stage=wait_task_path_after_button has_target=false startup_resolving=false
[2026-04-26 23:49:57.057][21108][INFO] [Lua] [Leveling] guide skip button not visible: Nearby button not found.
[2026-04-26 23:49:57.058][21108][INFO] [Lua] [Leveling] exec trace | stage=wait_task reason=no_task_target_wait task=圣诫之末 detail= pos=1268.00, -2561.00, 3129.33 target_source= target=nil destination=nil goal_distance=nil objective_mode=
[2026-04-26 23:49:57.058][21108][INFO] [Lua] [Leveling] navigation hold | reason=wait_task
[2026-04-26 23:49:57.575][18612][DEBUG] HttpClient: Response 200 OK
[2026-04-26 23:49:58.104][21108][INFO] [Lua] [Leveling] exec trace | stage=click_task_button reason=click_task_button task=圣诫之末 detail= pos=1268.00, -2561.00, 3129.33 target_source= target=nil destination=nil goal_distance=nil objective_mode=
[2026-04-26 23:49:58.104][21108][INFO] [Lua] [Leveling] main task call begin | stage=click_task_button task=圣诫之末 detail= mode=hard_refresh queries=圣诫之末 -> 主线 圣诫之末 -> 主线
[2026-04-26 23:49:58.419][21108][WARN] [Lua] [Leveling] TaskBtn locator unavailable for main task call: locator matched no current button. include=taskitem_c.widgettree.taskbtn hint=(94.039993,224.160004) max_distance=120.0 related= related_miss=0
[2026-04-26 23:49:58.710][21108][INFO] [Lua] [Leveling] task panel unresolved for main task click | task_buttons=0 tasks=0 stage=click_task_button
[2026-04-26 23:50:01.412][21108][DEBUG] DriverMode: ExecRemoteCall func=0x7FF7759C2150, ret=140700886198976
[2026-04-26 23:50:01.716][21108][INFO] [Lua] [Leveling] task name candidates | map= button_text=主线 圣诫之末 related_text=圣诫之末 anchor=(95.04,229.16)
[2026-04-26 23:50:01.716][21108][INFO] [Lua] [Leveling] current task detail updated | task=主线 圣诫之末 detail=与莫琳娜交谈 source=button
[2026-04-26 23:50:01.717][21108][INFO] [Lua] [Leveling] main task panel entry clicked | query=圣诫之末 task=圣诫之末 detail=与莫琳娜交谈 mode=hard_refresh raw=主线 圣诫之末 kind=主线 addr=2667343665488 pos=(95.04,229.16)
[2026-04-26 23:50:01.717][21108][INFO] [Lua] [Leveling] exec trace | stage=wait_task_path_after_button reason=waiting_task_path_after_button task=圣诫之末 detail=与莫琳娜交谈 pos=1268.00, -2561.00, 3129.33 target_source= target=nil destination=nil goal_distance=nil objective_mode=
[2026-04-26 23:50:01.717][21108][INFO] [Lua] [Leveling] navigation hold | reason=wait_task_path_after_button
[2026-04-26 23:50:01.753][21108][INFO] [Lua] [Leveling] IsMainInterface=false but player position is available, continue leveling.
[2026-04-26 23:50:01.754][21108][INFO] [Lua] [Leveling] task path snapshot adopted | points=10 raw_points=10 mode=raw_worker signature=10|2398.0|-1865.0|1185.1|-2310.5
[2026-04-26 23:50:01.754][21108][INFO] [Lua] [Leveling] task path route selected | signature=10|2398.0|-1865.0|1185.1|-2310.5 player=1268.00, -2561.00 direction=reverse route_index=4 nearest_index=10 nearest_distance=263.83 selected=1999.56, -1571.11, 3092.00 nearest=1185.10, -2310.53, 3102.00 first=2398.00, -1865.00, 3092.00 last=1185.10, -2310.53, 3102.00 points=10
[2026-04-26 23:50:01.755][21108][INFO] [Lua] [Leveling] task target updated | source=task_path path_index=4 nearest_index=10 nearest_distance=263.83 order=reverse path_points=10 target=1999.56, -1571.11, 3092.00
[2026-04-26 23:50:01.755][21108][INFO] [Lua] [Leveling] global task portal suppressed during startup/task reacquire | stage=wait_task_path_after_button has_target=true startup_resolving=false
[2026-04-26 23:50:01.756][21108][INFO] [Lua] [Leveling] exec trace | stage=follow_task reason=follow_task_move task=圣诫之末 detail=与莫琳娜交谈 pos=1268.00, -2561.00, 3129.33 target_source=task_path target=1999.56, -1571.11, 3092.00 destination=2398.00, -1865.00, 3090.00 goal_distance=1327.15 objective_mode=
[2026-04-26 23:50:01.757][21108][INFO] [Lua] [Leveling] nav worker path route armed | source=task_path range=1-10/10 points=10 mode=full_remaining direction=reverse interval_ms=1200 arrive_distance=120.00 stuck_skip_ms=10000 version=1 target_route=4 target_path=4 nearest=10 current_distance=1230.88 target=1999.56, -1571.11 first=2398.00, -1865.00 last=1185.10, -2310.53 signature=10|2398.0|-1865.0|1185.1|-2310.5
[2026-04-26 23:50:01.757][21108][INFO] [Lua] [Leveling] nearby monsters detected | count=1 total=1 nearest= player_distance=717.42
[2026-04-26 23:50:01.814][21108][INFO] [Lua] [Leveling] combat pulse issued | reason=nearby_monster mode=driver_click mouse_mode=mouse_post_click hold_ms=120 cooldown_ms=550
[2026-04-26 23:50:01.814][21108][INFO] [Lua] [Leveling] heartbeat | stage=follow_task tick=12 pos=1268.00, -2561.00, 3129.33 target=1999.56, -1571.11 path_points=10
[2026-04-26 23:50:01.876][21108][INFO] [Lua] [Leveling] global task portal suppressed; portal is not near current main task target | reason=target_distance 1230.88 > 1100.00 stage=follow_task task=圣诫之末 detail=与莫琳娜交谈 target_distance=1230.88 goal_distance=1327.15
[2026-04-26 23:50:01.876][21108][INFO] [Lua] [Leveling] nav worker path route keep | source=task_path window=1-10/10 direction=reverse target_route=4 target_path=4 nearest=10 current_distance=1230.88 arrive_distance=120.00 target=1999.56, -1571.11 first=2398.00, -1865.00 last=1185.10, -2310.53 worker_status=paused worker_version=1
[2026-04-26 23:50:01.877][21108][INFO] [Lua] [Leveling] nearby monster pulse deferred | nearest_distance=717.42 count=1 reason=combat cooldown.
[2026-04-26 23:50:02.075][14492][DEBUG] DriverMode: InitRemoteCallEx PID=13440, Deployee=0x26CF3300300
[2026-04-26 23:50:02.106][14492][DEBUG] DriverMode: ExecRemoteCall func=0x7FF7761AB710, ret=889514879184
[2026-04-26 23:50:02.106][21108][INFO] [Lua] [Leveling] nav worker status | path_route
[2026-04-26 23:50:02.107][21108][INFO] [Lua] [Leveling] MoveTo issued | target=1185.10, -2310.53 source=task_path_route path_index=10 interval_ms=1200 via=nav_worker worker_mode=path_route route_index=10/10 route_dir=-1 route_distance=263.83 route_point=1185.10, -2310.53 original_index=10
[2026-04-26 23:50:02.216][21108][INFO] [Lua] [Leveling] exec trace | stage=follow_task reason=follow_task_move task=圣诫之末 detail=与莫琳娜交谈 pos=1241.64, -2481.27, 3120.68 target_source=task_path target=1999.56, -1571.11, 3092.00 destination=2398.00, -1865.00, 3090.00 goal_distance=1310.33 objective_mode=
[2026-04-26 23:50:02.324][14492][DEBUG] DriverMode: ExecRemoteCall func=0x7FF7761AB710, ret=889514879184
[2026-04-26 23:50:02.324][21108][INFO] [Lua] [Leveling] exec trace | stage=follow_task reason=follow_task_move task=圣诫之末 detail=与莫琳娜交谈 pos=1214.27, -2398.52, 3112.22 target_source=task_path target=1999.56, -1571.11, 3092.00 destination=2398.00, -1865.00, 3090.00 goal_distance=1298.41 objective_mode=
[2026-04-26 23:50:02.681][14492][DEBUG] DriverMode: ExecRemoteCall func=0x7FF7761AB710, ret=889514879184
[2026-04-26 23:50:02.944][14492][DEBUG] DriverMode: ExecRemoteCall func=0x7FF7761AB710, ret=889514879184
[2026-04-26 23:50:03.037][21108][INFO] [Lua] [Leveling] global task portal button not visible: Nearby button not found.
[2026-04-26 23:50:03.038][21108][INFO] [Lua] [Leveling] exec trace | stage=follow_task reason=follow_task_move task=圣诫之末 detail=与莫琳娜交谈 pos=1182.90, -2303.88, 3102.00 target_source=task_path target=1999.56, -1571.11, 3092.00 destination=2398.00, -1865.00, 3090.00 goal_distance=1291.93 objective_mode=
[2026-04-26 23:50:03.084][21108][INFO] [Lua] [Leveling] task path route selected | signature=10|2398.0|-1865.0|1185.1|-2310.5 player=1325.58, -1883.38 direction=reverse route_index=4 nearest_index=8 nearest_distance=49.10 selected=1999.56, -1571.11, 3092.00 nearest=1284.40, -1910.12, 3097.00 first=2398.00, -1865.00, 3092.00 last=1185.10, -2310.53, 3102.00 points=10
[2026-04-26 23:50:03.086][21108][INFO] [Lua] [Leveling] exec trace | stage=follow_task reason=follow_task_move task=圣诫之末 detail=与莫琳娜交谈 pos=1325.58, -1883.38, 3097.85 target_source=task_path target=1999.56, -1571.11, 3092.00 destination=2398.00, -1865.00, 3090.00 goal_distance=1072.58 objective_mode=
[2026-04-26 23:50:03.086][21108][INFO] [Lua] [Leveling] monster scan found no nearby target: No nearby monster around player. total=1 nearest= nearest_player_distance=988.82 destination=2398.00, -1865.00 source=task_pos
[2026-04-26 23:50:03.193][21108][INFO] [Lua] [Leveling] task path route selected | signature=10|2398.0|-1865.0|1185.1|-2310.5 player=1392.58, -1824.51 direction=reverse route_index=4 nearest_index=7 nearest_distance=98.06 selected=1999.56, -1571.11, 3092.00 nearest=1466.59, -1760.19, 3099.00 first=2398.00, -1865.00, 3092.00 last=1185.10, -2310.53, 3102.00 points=10
[2026-04-26 23:50:03.193][21108][INFO] [Lua] [Leveling] exec trace | stage=follow_task reason=follow_task_move task=圣诫之末 detail=与莫琳娜交谈 pos=1392.58, -1824.51, 3099.00 target_source=task_path target=1999.56, -1571.11, 3092.00 destination=2398.00, -1865.00, 3090.00 goal_distance=1006.23 objective_mode=
[2026-04-26 23:50:03.208][14492][DEBUG] DriverMode: ExecRemoteCall func=0x7FF7761AB710, ret=889514879184
[2026-04-26 23:50:03.302][21108][INFO] [Lua] [Leveling] exec trace | stage=follow_task reason=follow_task_move task=圣诫之末 detail=与莫琳娜交谈 pos=1465.46, -1778.33, 3098.99 target_source=task_path target=1999.56, -1571.11, 3092.00 destination=2398.00, -1865.00, 3090.00 goal_distance=936.56 objective_mode=
[2026-04-26 23:50:03.426][14492][DEBUG] DriverMode: ExecRemoteCall func=0x7FF7761AB710, ret=889514879184
[2026-04-26 23:50:03.428][21108][INFO] [Lua] [Leveling] exec trace | stage=follow_task reason=follow_task_move task=圣诫之末 detail=与莫琳娜交谈 pos=1552.20, -1727.42, 3096.49 target_source=task_path target=1999.56, -1571.11, 3092.00 destination=2398.00, -1865.00, 3090.00 goal_distance=856.91 objective_mode=
[2026-04-26 23:50:03.428][21108][INFO] [Lua] [Leveling] nav worker path route keep | source=task_path window=1-10/10 direction=reverse target_route=4 target_path=4 nearest=7 current_distance=473.87 arrive_distance=120.00 target=1999.56, -1571.11 first=2398.00, -1865.00 last=1185.10, -2310.53 worker_status=path_route worker_version=1
[2026-04-26 23:50:03.535][21108][INFO] [Lua] [Leveling] task path route selected | signature=10|2398.0|-1865.0|1185.1|-2310.5 player=1631.74, -1685.56 direction=reverse route_index=4 nearest_index=6 nearest_distance=5.39 selected=1999.56, -1571.11, 3092.00 nearest=1633.19, -1680.37, 3095.00 first=2398.00, -1865.00, 3092.00 last=1185.10, -2310.53, 3102.00 points=10
[2026-04-26 23:50:03.536][21108][INFO] [Lua] [Leveling] exec trace | stage=follow_task reason=follow_task_move task=圣诫之末 detail=与莫琳娜交谈 pos=1631.74, -1685.56, 3095.34 target_source=task_path target=1999.56, -1571.11, 3092.00 destination=2398.00, -1865.00, 3090.00 goal_distance=786.99 objective_mode=
[2026-04-26 23:50:03.644][21108][INFO] [Lua] [Leveling] exec trace | stage=follow_task reason=follow_task_move task=圣诫之末 detail=与莫琳娜交谈 pos=1710.37, -1645.34, 3095.00 target_source=task_path target=1999.56, -1571.11, 3092.00 destination=2398.00, -1865.00, 3090.00 goal_distance=721.86 objective_mode=
[2026-04-26 23:50:03.690][14492][DEBUG] DriverMode: ExecRemoteCall func=0x7FF7761AB710, ret=889514879184
[2026-04-26 23:50:03.753][21108][INFO] [Lua] [Leveling] MoveTo issued | target=1999.56, -1571.11 source=task_path_route path_index=4 interval_ms=1200 via=nav_worker worker_mode=path_route route_index=4/10 route_dir=-1 route_distance=225.73 route_point=1999.56, -1571.11 original_index=4
[2026-04-26 23:50:03.753][21108][INFO] [Lua] [Leveling] task path route selected | signature=10|2398.0|-1865.0|1185.1|-2310.5 player=1791.12, -1613.43 direction=reverse route_index=4 nearest_index=5 nearest_distance=15.51 selected=1999.56, -1571.11, 3092.00 nearest=1799.78, -1600.56, 3094.00 first=2398.00, -1865.00, 3092.00 last=1185.10, -2310.53, 3102.00 points=10
[2026-04-26 23:50:03.755][21108][INFO] [Lua] [Leveling] exec trace | stage=follow_task reason=follow_task_move task=圣诫之末 detail=与莫琳娜交谈 pos=1791.12, -1613.43, 3094.00 target_source=task_path target=1999.56, -1571.11, 3092.00 destination=2398.00, -1865.00, 3090.00 goal_distance=656.95 objective_mode=
[2026-04-26 23:50:03.863][21108][INFO] [Lua] [Leveling] exec trace | stage=follow_task reason=follow_task_move task=圣诫之末 detail=与莫琳娜交谈 pos=1879.02, -1595.48, 3093.28 target_source=task_path target=1999.56, -1571.11, 3092.00 destination=2398.00, -1865.00, 3090.00 goal_distance=584.79 objective_mode=
[2026-04-26 23:50:03.908][14492][DEBUG] DriverMode: ExecRemoteCall func=0x7FF7761AB710, ret=889514879184
[2026-04-26 23:50:03.970][21108][INFO] [Lua] [Leveling] task path route selected | signature=10|2398.0|-1865.0|1185.1|-2310.5 player=1962.86, -1580.04 direction=reverse route_index=4 nearest_index=4 nearest_distance=37.77 selected=1999.56, -1571.11, 3092.00 nearest=1999.56, -1571.11, 3092.00 first=2398.00, -1865.00, 3092.00 last=1185.10, -2310.53, 3102.00 points=10
[2026-04-26 23:50:03.970][21108][INFO] [Lua] [Leveling] task target updated | source=task_path path_index=3 nearest_index=4 nearest_distance=37.77 order=reverse path_points=10 target=2199.33, -1541.67, 3092.00
[2026-04-26 23:50:03.971][21108][INFO] [Lua] [Leveling] exec trace | stage=follow_task reason=follow_task_move task=圣诫之末 detail=与莫琳娜交谈 pos=1962.86, -1580.04, 3092.81 target_source=task_path target=2199.33, -1541.67, 3092.00 destination=2398.00, -1865.00, 3090.00 goal_distance=520.15 objective_mode=
[2026-04-26 23:50:04.079][21108][INFO] [Lua] [Leveling] task path route selected | signature=10|2398.0|-1865.0|1185.1|-2310.5 player=2050.99, -1565.47 direction=reverse route_index=3 nearest_index=4 nearest_distance=51.75 selected=2199.33, -1541.67, 3092.00 nearest=1999.56, -1571.11, 3092.00 first=2398.00, -1865.00, 3092.00 last=1185.10, -2310.53, 3102.00 points=10
[2026-04-26 23:50:04.081][21108][INFO] [Lua] [Leveling] exec trace | stage=follow_task reason=follow_task_move task=圣诫之末 detail=与莫琳娜交谈 pos=2050.99, -1565.47, 3092.00 target_source=task_path target=2199.33, -1541.67, 3092.00 destination=2398.00, -1865.00, 3090.00 goal_distance=458.40 objective_mode=
[2026-04-26 23:50:04.171][14492][DEBUG] DriverMode: ExecRemoteCall func=0x7FF7761AB710, ret=889514879184
[2026-04-26 23:50:04.203][21108][INFO] [Lua] [Leveling] task path route selected | signature=10|2398.0|-1865.0|1185.1|-2310.5 player=2147.20, -1565.22 direction=reverse route_index=3 nearest_index=3 nearest_distance=57.21 selected=2199.33, -1541.67, 3092.00 nearest=2199.33, -1541.67, 3092.00 first=2398.00, -1865.00, 3092.00 last=1185.10, -2310.53, 3102.00 points=10
[2026-04-26 23:50:04.203][21108][INFO] [Lua] [Leveling] task target updated | source=task_path path_index=2 nearest_index=3 nearest_distance=57.21 order=reverse path_points=10 target=2298.67, -1703.33, 3092.00
[2026-04-26 23:50:04.343][14492][DEBUG] DriverMode: ExecRemoteCall func=0x7FF7761AB710, ret=889514879184
[2026-04-26 23:50:04.781][21108][INFO] [Lua] [Leveling] exec trace | stage=follow_task reason=follow_task_move task=圣诫之末 detail=与莫琳娜交谈 pos=2147.20, -1565.22, 3092.00 target_source=task_path target=2298.67, -1703.33, 3092.00 destination=2398.00, -1865.00, 3090.00 goal_distance=390.86 objective_mode=
[2026-04-26 23:50:04.781][21108][INFO] [Lua] [Leveling] nav worker path route armed | source=task_path range=1-10/10 points=10 mode=full_remaining direction=reverse interval_ms=1200 arrive_distance=120.00 stuck_skip_ms=10000 version=2 target_route=2 target_path=2 nearest=3 current_distance=204.98 target=2298.67, -1703.33 first=2398.00, -1865.00 last=1185.10, -2310.53 signature=10|2398.0|-1865.0|1185.1|-2310.5
[2026-04-26 23:50:04.825][21108][INFO] [Lua] [Leveling] nav worker status | path_done
[2026-04-26 23:50:04.825][21108][INFO] [Lua] [Leveling] IsMainInterface=false but player position is available, continue leveling.
[2026-04-26 23:50:04.826][21108][INFO] [Lua] [Leveling] task path route selected | signature=10|2398.0|-1865.0|1185.1|-2310.5 player=2398.00, -1865.00 direction=reverse route_index=2 nearest_index=1 nearest_distance=0.00 selected=2298.67, -1703.33, 3092.00 nearest=2398.00, -1865.00, 3092.00 first=2398.00, -1865.00, 3092.00 last=1185.10, -2310.53, 3102.00 points=10
[2026-04-26 23:50:04.827][21108][INFO] [Lua] [Leveling] exec trace | stage=follow_task reason=goal_distance_ready_task_reached task=圣诫之末 detail=与莫琳娜交谈 pos=2398.00, -1865.00, 3092.00 target_source=task_path target=2298.67, -1703.33, 3092.00 destination=2398.00, -1865.00, 3090.00 goal_distance=0.00 objective_mode=
[2026-04-26 23:50:04.828][21108][INFO] [Lua] [Leveling] task reached evaluate | map= task=主线 圣诫之末 detail=与莫琳娜交谈 task_cfg_source=task_detail source=task_pos goal_distance=0.00 destination_distance=0.00 objective_source=none objective_key= objective_mode= force_boss=false sticky_boss=false skip_direct_interact=false
[2026-04-26 23:50:05.122][21108][INFO] [Lua] [Leveling] task name candidates | map= button_text= related_text= anchor=(94.04,224.16)
[2026-04-26 23:50:05.123][21108][INFO] [Lua] [Leveling] current task detail updated | task=主线 圣诫之末 detail= source=nearby_text
[2026-04-26 23:50:05.123][21108][INFO] [Lua] [Leveling] terminal task title drift ignored; detail unchanged | old_task=主线 圣诫之末 old_detail=与莫琳娜交谈 new_task=圣诫之末 new_detail=与莫琳娜交谈 stage=task_reached
[2026-04-26 23:50:05.424][21108][INFO] [Lua] [Leveling] guide skip button not visible: Nearby button not found.
[2026-04-26 23:50:08.051][21108][WARN] [Lua] Distance-first target miss [交互中按钮]; fallback to generic match: Distance target not found [交互中按钮]. anchor_text=交互中 button_name=UIButton Transient.GameEngine.CoreGameInstance.FightInteractiveView_C.WidgetTree.FunctionBtn
[2026-04-26 23:50:08.630][21108][WARN] [Lua] Distance-first target miss [阿瑞娅按钮]; fallback to generic match: Distance target not found [阿瑞娅按钮]. anchor_text=阿瑞娅 button_name=UIButton Transient.GameEngine.CoreGameInstance.FightInteractiveView_C.WidgetTree.PortalBtn
[2026-04-26 23:50:09.214][21108][INFO] [Lua] [Leveling] navigation hold | reason=npc_dialogue
[2026-04-26 23:50:09.275][21108][INFO] [Lua] [Leveling] npc dialogue combat retry armed | task=圣诫之末 detail=与莫琳娜交谈 source=current_task_npc npc= point=2398.78, -1865.72, 3092.00 timeout_ms=20000
[2026-04-26 23:50:09.275][21108][INFO] [Lua] [Leveling] npc dialogue triggered | npc= player_distance=1.07 task_distance=1.07 target_source=task_pos pos=2398.78, -1865.72, 3092.00 esc_followup=disabled settle_ms=1200 combat_retry_source=current_task_npc
[2026-04-26 23:50:09.277][21108][INFO] [Lua] [Leveling] heartbeat | stage=npc_dialogue tick=30 pos=2398.00, -1865.00, 3092.00 target=2298.67, -1703.33 path_points=10
[2026-04-26 23:50:09.321][21108][INFO] [Lua] [Leveling] nav worker status | paused
[2026-04-26 23:50:09.322][21108][INFO] [Lua] [Leveling] IsMainInterface=false but player position is available, continue leveling.
[2026-04-26 23:50:09.619][21108][INFO] [Lua] [Leveling] dialogue jump button not visible: Nearby button not found.
[2026-04-26 23:50:10.205][21108][INFO] [Lua] [Leveling] global task portal button not visible: Nearby button not found.
[2026-04-26 23:50:10.207][21108][INFO] [Lua] [Leveling] exec trace | stage=npc_dialogue reason=goal_distance_ready_task_reached task=圣诫之末 detail=与莫琳娜交谈 pos=2398.00, -1865.00, 3092.00 target_source=task_path target=2298.67, -1703.33, 3092.00 destination=2398.00, -1865.00, 3090.00 goal_distance=0.00 objective_mode=
[2026-04-26 23:50:10.207][21108][INFO] [Lua] [Leveling] task reached evaluate | map= task=主线 圣诫之末 detail=与莫琳娜交谈 task_cfg_source= source=task_pos goal_distance=0.00 destination_distance=0.00 objective_source=none objective_key= objective_mode= force_boss=false sticky_boss=false skip_direct_interact=false
[2026-04-26 23:50:10.502][21108][INFO] [Lua] [Leveling] task name candidates | map= button_text= related_text= anchor=(94.04,224.16)
[2026-04-26 23:50:10.502][21108][INFO] [Lua] [Leveling] terminal task title drift ignored; detail unchanged | old_task=主线 圣诫之末 old_detail=与莫琳娜交谈 new_task=圣诫之末 new_detail=与莫琳娜交谈 stage=task_reached
[2026-04-26 23:50:10.796][21108][INFO] [Lua] [Leveling] guide skip button not visible: Nearby button not found.
[2026-04-26 23:50:13.414][21108][WARN] [Lua] Distance-first target miss [交互中按钮]; fallback to generic match: Distance target not found [交互中按钮]. anchor_text=交互中 button_name=UIButton Transient.GameEngine.CoreGameInstance.FightInteractiveView_C.WidgetTree.FunctionBtn
[2026-04-26 23:50:13.701][21108][INFO] [Lua] Fetched button 交互中按钮 | candidates=1 kind=button addr=2667877824528 text= name=UIButton Transient.GameEngine.CoreGameInstance.FightInteractiveView_C.WidgetTree.FunctionBtn fullname= x=715.20483398438 y=741.43994140625 related_text= related_name= related_distance= hint_distance=15.033793168765
[2026-04-26 23:50:13.701][21108][INFO] [Lua] [Leveling] navigation hold | reason=interaction_prompt
[2026-04-26 23:50:13.767][21108][INFO] [Lua] [Leveling] interaction prompt triggered | label= goal_distance=0.00 target_source=task_pos prompt_pos=715.20, 741.44 esc_followup=disabled settle_ms=1200
[2026-04-26 23:50:13.767][21108][INFO] [Lua] [Leveling] heartbeat | stage=interaction_prompt tick=31 pos=2398.00, -1865.00, 3092.00 target=2298.67, -1703.33 path_points=10
[2026-04-26 23:50:13.815][21108][INFO] [Lua] [Leveling] IsMainInterface=false but player position is available, continue leveling.
[2026-04-26 23:50:14.106][21108][INFO] [Lua] [Leveling] dialogue jump button not visible: Nearby button not found.
[2026-04-26 23:50:14.107][21108][INFO] [Lua] [Leveling] task path reanchored | route_index=4 nearest_index=10 nearest_distance=343.94
[2026-04-26 23:50:14.108][21108][INFO] [Lua] [Leveling] task path route selected | signature=10|2398.0|-1865.0|1185.1|-2310.5 player=1388.99, -2587.51 direction=reverse route_index=4 nearest_index=10 nearest_distance=343.94 selected=1999.56, -1571.11, 3092.00 nearest=1185.10, -2310.53, 3102.00 first=2398.00, -1865.00, 3092.00 last=1185.10, -2310.53, 3102.00 points=10
[2026-04-26 23:50:14.108][21108][INFO] [Lua] [Leveling] task target updated | source=task_path path_index=4 nearest_index=10 nearest_distance=343.94 order=reverse path_points=10 target=1999.56, -1571.11, 3092.00
[2026-04-26 23:50:14.109][21108][INFO] [Lua] [Leveling] global task portal suppressed; portal is not near current main task target | reason=target_distance 1185.69 > 1100.00 stage=interaction_prompt task=圣诫之末 detail=与莫琳娜交谈 target_distance=1185.69 goal_distance=1241.01
[2026-04-26 23:50:14.110][21108][INFO] [Lua] [Leveling] exec trace | stage=follow_task reason=follow_task_move task=圣诫之末 detail=与莫琳娜交谈 pos=1388.99, -2587.51, 3140.46 target_source=task_path target=1999.56, -1571.11, 3092.00 destination=2398.00, -1865.00, 3090.00 goal_distance=1241.01 objective_mode=
[2026-04-26 23:50:14.110][21108][INFO] [Lua] [Leveling] nav worker path route keep | source=task_path window=1-10/10 direction=reverse target_route=4 target_path=4 nearest=10 current_distance=1185.69 arrive_distance=120.00 target=1999.56, -1571.11 first=2398.00, -1865.00 last=1185.10, -2310.53 worker_status=paused worker_version=2
[2026-04-26 23:50:14.110][21108][INFO] [Lua] [Leveling] monster scan found no nearby target: No nearby monster around player. total=1 nearest= nearest_player_distance=840.37 destination=2398.00, -1865.00 source=task_pos
[2026-04-26 23:50:14.111][21108][INFO] [Lua] [Leveling] heartbeat | stage=follow_task tick=32 pos=1388.99, -2587.51, 3140.46 target=1999.56, -1571.11 path_points=10
[2026-04-26 23:50:14.157][21108][INFO] [Lua] [Leveling] nav worker status | path_done
[2026-04-26 23:50:14.449][21108][INFO] [Lua] [Leveling] exec trace | stage=follow_task reason=follow_task_move task=圣诫之末 detail=与莫琳娜交谈 pos=1367.00, -2633.00, 3142.42 target_source=task_path target=1999.56, -1571.11, 3092.00 destination=2398.00, -1865.00, 3090.00 goal_distance=1285.61 objective_mode=
[2026-04-26 23:50:14.449][21108][INFO] [Lua] [Leveling] nav worker path route armed | source=task_path range=1-10/10 points=10 mode=full_remaining direction=reverse interval_ms=1200 arrive_distance=120.00 stuck_skip_ms=10000 version=3 target_route=4 target_path=4 nearest=10 current_distance=1236.02 target=1999.56, -1571.11 first=2398.00, -1865.00 last=1185.10, -2310.53 signature=10|2398.0|-1865.0|1185.1|-2310.5
[2026-04-26 23:50:14.484][21108][INFO] [Lua] [Leveling] nav worker status | path_route
[2026-04-26 23:50:14.500][14492][DEBUG] DriverMode: ExecRemoteCall func=0x7FF7761AB710, ret=889514879184
[2026-04-26 23:50:14.813][21108][INFO] [Lua] [Leveling] MoveTo issued | target=1185.10, -2310.53 source=task_path_route path_index=10 interval_ms=1200 via=nav_worker worker_mode=path_route route_index=10/10 route_dir=-1 route_distance=164.72 route_point=1185.10, -2310.53 original_index=10
[2026-04-26 23:50:14.905][14492][DEBUG] DriverMode: ExecRemoteCall func=0x7FF7761AB710, ret=889514879184
[2026-04-26 23:50:15.120][21108][INFO] [Lua] [Leveling] exec trace | stage=follow_task reason=follow_task_move task=圣诫之末 detail=与莫琳娜交谈 pos=1254.20, -2432.81, 3117.66 target_source=task_path target=1999.56, -1571.11, 3092.00 destination=2398.00, -1865.00, 3090.00 goal_distance=1276.98 objective_mode=
[2026-04-26 23:50:15.121][21108][INFO] [Lua] [Leveling] nearby monsters detected | count=1 total=1 nearest= player_distance=704.36
[2026-04-26 23:50:15.184][21108][INFO] [Lua] [Leveling] combat pulse issued | reason=nearby_monster mode=driver_click mouse_mode=mouse_post_click hold_ms=120 cooldown_ms=550
[2026-04-26 23:50:15.215][14492][DEBUG] DriverMode: ExecRemoteCall func=0x7FF7761AB710, ret=889514879184
[2026-04-26 23:50:15.479][14492][DEBUG] DriverMode: ExecRemoteCall func=0x7FF7761AB710, ret=889514879184
[2026-04-26 23:50:15.511][21108][INFO] [Lua] [Leveling] task path route selected | signature=10|2398.0|-1865.0|1185.1|-2310.5 player=1127.69, -2130.61 direction=reverse route_index=4 nearest_index=9 nearest_distance=75.01 selected=1999.56, -1571.11, 3092.00 nearest=1102.20, -2060.06, 3095.00 first=2398.00, -1865.00, 3092.00 last=1185.10, -2310.53, 3102.00 points=10
[2026-04-26 23:50:15.744][14492][DEBUG] DriverMode: ExecRemoteCall func=0x7FF7761AB710, ret=889514879184
[2026-04-26 23:50:15.962][14492][DEBUG] DriverMode: ExecRemoteCall func=0x7FF7761AB710, ret=889514879184
[2026-04-26 23:50:16.096][21108][INFO] [Lua] [Leveling] global task portal button not visible: Nearby button not found.
[2026-04-26 23:50:16.097][21108][INFO] [Lua] [Leveling] exec trace | stage=follow_task reason=follow_task_move task=圣诫之末 detail=与莫琳娜交谈 pos=1127.69, -2130.61, 3097.53 target_source=task_path target=1999.56, -1571.11, 3092.00 destination=2398.00, -1865.00, 3090.00 goal_distance=1297.78 objective_mode=
[2026-04-26 23:50:16.098][21108][INFO] [Lua] [Leveling] nav worker path route keep | source=task_path window=1-10/10 direction=reverse target_route=4 target_path=4 nearest=9 current_distance=1035.95 arrive_distance=120.00 target=1999.56, -1571.11 first=2398.00, -1865.00 last=1185.10, -2310.53 worker_status=path_route worker_version=3
[2026-04-26 23:50:16.098][21108][INFO] [Lua] [Leveling] nearby monster pulse deferred | nearest_distance=683.44 count=1 reason=combat cooldown.
[2026-04-26 23:50:16.227][14492][DEBUG] DriverMode: ExecRemoteCall func=0x7FF7761AB710, ret=889514879184
[2026-04-26 23:50:16.425][21108][INFO] [Lua] [Leveling] task path route selected | signature=10|2398.0|-1865.0|1185.1|-2310.5 player=1680.36, -1659.75 direction=reverse route_index=4 nearest_index=6 nearest_distance=51.49 selected=1999.56, -1571.11, 3092.00 nearest=1633.19, -1680.37, 3095.00 first=2398.00, -1865.00, 3092.00 last=1185.10, -2310.53, 3102.00 points=10
[2026-04-26 23:50:16.427][21108][INFO] [Lua] [Leveling] exec trace | stage=follow_task reason=follow_task_move task=圣诫之末 detail=与莫琳娜交谈 pos=1680.36, -1659.75, 3095.00 target_source=task_path target=1999.56, -1571.11, 3092.00 destination=2398.00, -1865.00, 3090.00 goal_distance=746.42 objective_mode=
[2026-04-26 23:50:16.427][21108][INFO] [Lua] [Leveling] monster scan found no nearby target: No nearby monster around player. total=1 nearest= nearest_player_distance=1406.36 destination=2398.00, -1865.00 source=task_pos
[2026-04-26 23:50:16.446][14492][DEBUG] DriverMode: ExecRemoteCall func=0x7FF7761AB710, ret=889514879184
[2026-04-26 23:50:16.463][21108][INFO] [Lua] [Leveling] MoveTo issued | target=2199.33, -1541.67 source=task_path_route path_index=3 interval_ms=1200 via=nav_worker worker_mode=path_route route_index=3/10 route_dir=-1 route_distance=104.43 route_point=2199.33, -1541.67 original_index=3
[2026-04-26 23:50:16.712][14492][DEBUG] DriverMode: ExecRemoteCall func=0x7FF7761AB710, ret=889514879184
[2026-04-26 23:50:16.759][21108][INFO] [Lua] [Leveling] task path route selected | signature=10|2398.0|-1865.0|1185.1|-2310.5 player=1934.84, -1582.86 direction=reverse route_index=4 nearest_index=4 nearest_distance=65.77 selected=1999.56, -1571.11, 3092.00 nearest=1999.56, -1571.11, 3092.00 first=2398.00, -1865.00, 3092.00 last=1185.10, -2310.53, 3102.00 points=10
[2026-04-26 23:50:16.759][21108][INFO] [Lua] [Leveling] task target updated | source=task_path path_index=3 nearest_index=4 nearest_distance=65.77 order=reverse path_points=10 target=2199.33, -1541.67, 3092.00
[2026-04-26 23:50:16.761][21108][INFO] [Lua] [Leveling] exec trace | stage=follow_task reason=follow_task_move task=圣诫之末 detail=与莫琳娜交谈 pos=1934.84, -1582.86, 3093.00 target_source=task_path target=2199.33, -1541.67, 3092.00 destination=2398.00, -1865.00, 3090.00 goal_distance=542.33 objective_mode=
[2026-04-26 23:50:16.882][14492][DEBUG] DriverMode: ExecRemoteCall func=0x7FF7761AB710, ret=889514879184
[2026-04-26 23:50:17.103][21108][INFO] [Lua] [Leveling] task path route selected | signature=10|2398.0|-1865.0|1185.1|-2310.5 player=2192.78, -1594.56 direction=reverse route_index=3 nearest_index=3 nearest_distance=53.30 selected=2199.33, -1541.67, 3092.00 nearest=2199.33, -1541.67, 3092.00 first=2398.00, -1865.00, 3092.00 last=1185.10, -2310.53, 3102.00 points=10
[2026-04-26 23:50:17.103][21108][INFO] [Lua] [Leveling] task target updated | source=task_path path_index=2 nearest_index=3 nearest_distance=53.30 order=reverse path_points=10 target=2298.67, -1703.33, 3092.00
[2026-04-26 23:50:17.105][21108][INFO] [Lua] [Leveling] exec trace | stage=follow_task reason=follow_task_move task=圣诫之末 detail=与莫琳娜交谈 pos=2192.78, -1594.56, 3092.00 target_source=task_path target=2298.67, -1703.33, 3092.00 destination=2398.00, -1865.00, 3090.00 goal_distance=339.49 objective_mode=
[2026-04-26 23:50:17.145][21108][INFO] [Lua] [Leveling] IsMainInterface=false but player position is available, continue leveling.
[2026-04-26 23:50:17.442][21108][INFO] [Lua] [Leveling] dialogue jump button not visible: Nearby button not found.
[2026-04-26 23:50:17.442][21108][INFO] [Lua] [Leveling] task path route selected | signature=10|2398.0|-1865.0|1185.1|-2310.5 player=2359.32, -1810.44 direction=reverse route_index=2 nearest_index=1 nearest_distance=66.88 selected=2298.67, -1703.33, 3092.00 nearest=2398.00, -1865.00, 3092.00 first=2398.00, -1865.00, 3092.00 last=1185.10, -2310.53, 3102.00 points=10
[2026-04-26 23:50:18.032][21108][INFO] [Lua] [Leveling] exec trace | stage=follow_task reason=goal_distance_ready_task_reached task=圣诫之末 detail=与莫琳娜交谈 pos=2359.32, -1810.44, 3092.00 target_source=task_path target=2298.67, -1703.33, 3092.00 destination=2398.00, -1865.00, 3090.00 goal_distance=66.88 objective_mode=
[2026-04-26 23:50:18.032][21108][INFO] [Lua] [Leveling] task reached evaluate | map= task=主线 圣诫之末 detail=与莫琳娜交谈 task_cfg_source= source=task_pos goal_distance=66.88 destination_distance=66.88 objective_source=none objective_key= objective_mode= force_boss=false sticky_boss=false skip_direct_interact=false
[2026-04-26 23:50:18.334][21108][INFO] [Lua] [Leveling] task name candidates | map= button_text= related_text= anchor=(94.04,224.16)
[2026-04-26 23:50:18.335][21108][INFO] [Lua] [Leveling] terminal task title drift ignored; detail unchanged | old_task=主线 圣诫之末 old_detail=与莫琳娜交谈 new_task=圣诫之末 new_detail=与莫琳娜交谈 stage=task_reached
[2026-04-26 23:50:18.623][21108][INFO] [Lua] [Leveling] guide skip button not visible: Nearby button not found.
[2026-04-26 23:50:21.232][21108][WARN] [Lua] Distance-first target miss [交互中按钮]; fallback to generic match: Distance target not found [交互中按钮]. anchor_text=交互中 button_name=UIButton Transient.GameEngine.CoreGameInstance.FightInteractiveView_C.WidgetTree.FunctionBtn
[2026-04-26 23:50:21.817][21108][WARN] [Lua] Distance-first target miss [阿瑞娅按钮]; fallback to generic match: Distance target not found [阿瑞娅按钮]. anchor_text=阿瑞娅 button_name=UIButton Transient.GameEngine.CoreGameInstance.FightInteractiveView_C.WidgetTree.PortalBtn
[2026-04-26 23:50:22.400][21108][INFO] [Lua] [Leveling] navigation hold | reason=npc_dialogue
[2026-04-26 23:50:22.458][21108][INFO] [Lua] [Leveling] npc dialogue combat retry armed | task=圣诫之末 detail=与莫琳娜交谈 source=current_task_npc npc= point=2398.78, -1865.72, 3092.00 timeout_ms=20000
[2026-04-26 23:50:22.458][21108][INFO] [Lua] [Leveling] npc dialogue triggered | npc= player_distance=67.92 task_distance=1.07 target_source=task_pos pos=2398.78, -1865.72, 3092.00 esc_followup=disabled settle_ms=1200 combat_retry_source=current_task_npc
[2026-04-26 23:50:22.459][21108][INFO] [Lua] [Leveling] heartbeat | stage=npc_dialogue tick=40 pos=2359.32, -1810.44, 3092.00 target=2298.67, -1703.33 path_points=10
[2026-04-26 23:50:22.508][21108][INFO] [Lua] [Leveling] runner stopped
[2026-04-26 23:50:22.518][21108][INFO] [Lua] [Treasure] resume snapshot cleared | reason=leveling_stop save_ok=true
[2026-04-26 23:50:22.518][21108][INFO] [Lua] AvePoint automation stopped
[2026-04-26 23:50:22.520][14492][DEBUG] LuaVM DoFile success: C:\Users\GoldGiven\Desktop\cunnei/scripts/AvePointLevelingNavWorker.lua
[2026-04-26 23:50:22.520][14492][INFO] Task 18 (AvePointLevelingNavWorker) cancelled
[2026-04-26 23:50:28.489][12840][DEBUG] Task 18 (AvePointLevelingNavWorker) cleaned up
[2026-04-26 23:50:28.490][12840][DEBUG] LuaVM: State closed
[2026-04-26 23:50:28.509][21108][ERROR] LuaVM DoString exec failed: scripts/avepoint/hotkey.lua:4566: task stopped
stack traceback:
	[C]: in field 'sleep'
	scripts/avepoint/hotkey.lua:4566: in function 'main'
	C:\Users\GoldGiven\Desktop\cunnei\scripts\AvePoint.lua:167: in main chunk
	(...tail calls...)
	C:\Users\GoldGiven\Desktop\cunnei\AvePointStandalone.lua:128: in main chunk
[2026-04-26 23:50:28.509][21108][ERROR] Task 17 (AvePointStandalone.lua) failed: scripts/avepoint/hotkey.lua:4566: task stopped
stack traceback:
	[C]: in field 'sleep'
	scripts/avepoint/hotkey.lua:4566: in function 'main'
	C:\Users\GoldGiven\Desktop\cunnei\scripts\AvePoint.lua:167: in main chunk
	(...tail calls...)
	C:\Users\GoldGiven\Desktop\cunnei\AvePointStandalone.lua:128: in main chunk
[2026-04-26 23:50:28.538][12840][DEBUG] Task 17 (AvePointStandalone.lua) force cleaned up
[2026-04-26 23:50:28.541][12840][DEBUG] LuaVM: State closed
[2026-04-26 23:50:49.188][18612][DEBUG] HttpClient: Response 200 OK
[2026-04-26 23:51:40.719][18612][DEBUG] HttpClient: Response 200 OK
[2026-04-26 23:52:32.267][18612][DEBUG] HttpClient: Response 200 OK
[2026-04-26 23:53:23.789][18612][DEBUG] HttpClient: Response 200 OK
[2026-04-26 23:54:15.371][18612][DEBUG] HttpClient: Response 200 OK
[2026-04-26 23:55:06.909][18612][DEBUG] HttpClient: Response 200 OK
[2026-04-26 23:55:58.423][18612][DEBUG] HttpClient: Response 200 OK
[2026-04-26 23:56:49.988][18612][DEBUG] HttpClient: Response 200 OK
[2026-04-26 23:57:41.571][18612][DEBUG] HttpClient: Response 200 OK
[2026-04-26 23:58:33.148][18612][DEBUG] HttpClient: Response 200 OK
[2026-04-26 23:59:24.669][18612][DEBUG] HttpClient: Response 200 OK
[2026-04-27 00:00:16.233][18612][DEBUG] HttpClient: Response 200 OK
[2026-04-27 00:01:07.873][18612][DEBUG] HttpClient: Response 200 OK
[2026-04-27 00:01:59.382][18612][DEBUG] HttpClient: Response 200 OK
[2026-04-27 00:02:50.939][18612][DEBUG] HttpClient: Response 200 OK
[2026-04-27 00:03:42.581][18612][DEBUG] HttpClient: Response 200 OK
[2026-04-27 00:04:34.199][18612][DEBUG] HttpClient: Response 200 OK
[2026-04-27 00:05:25.653][18612][DEBUG] HttpClient: Response 200 OK
[2026-04-27 00:06:17.220][18612][DEBUG] HttpClient: Response 200 OK
[2026-04-27 00:07:08.798][18612][DEBUG] HttpClient: Response 200 OK
