[2026-04-26 21:35:31.469][12128][INFO] AetherEngine Logger initialized
[2026-04-26 21:35:31.469][12128][INFO] === AetherEngine Starting ===
[2026-04-26 21:35:31.470][12128][INFO] Version: 2.9.0 (Release/x64)
[2026-04-26 21:35:31.470][12128][INFO] Build: Mar 22 2026 08:51:29
[2026-04-26 21:35:31.470][12128][INFO] Platform: Windows
[2026-04-26 21:35:31.470][12128][INFO] CrashHandler: Initialized, dump directory: C:\Users\GoldGiven\Desktop\cunnei/crash_dumps
[2026-04-26 21:35:31.470][12128][INFO] InputManager: Initialized
[2026-04-26 21:35:31.470][12128][DEBUG] LuaVM: cffi module registered
[2026-04-26 21:35:31.471][12128][DEBUG] LuaVM: LuaSocket modules registered (socket.core, mime.core)
[2026-04-26 21:35:31.471][12128][DEBUG] LuaVM: State created successfully
[2026-04-26 21:35:31.471][12128][INFO] LuaHost: Initialized with cache dir 'C:\Users\GoldGiven\Desktop\cunnei/cache'
[2026-04-26 21:35:31.471][12128][DEBUG] ImGuiLua: Module registered as 'imgui'
[2026-04-26 21:35:31.471][12128][DEBUG] Registered all Lua API modules
[2026-04-26 21:35:31.472][12128][INFO] Engine initialized successfully
[2026-04-26 21:35:31.554][12128][INFO] ImGuiApp: DirectComposition initialized successfully
[2026-04-26 21:35:31.692][12128][INFO] ImGuiApp: Hotkeys active (CTRL+HOME/F10/F11/F12 via GetAsyncKeyState)
[2026-04-26 21:35:31.692][12128][INFO] ConfigManager: Loaded config from ./config.json
[2026-04-26 21:35:31.693][12128][DEBUG] ConfigManager: 1 opened files, rememberCard=true
[2026-04-26 21:35:31.698][12128][DEBUG] ImGuiApp: Config loaded, 1 tabs, activeTab=0
[2026-04-26 21:35:31.698][12128][INFO] ImGuiApp: Initialized successfully
[2026-04-26 21:35:31.700][12128][INFO] ImGuiApp: TryAutoLogin: attempting login with saved card...
[2026-04-26 21:35:32.476][12128][DEBUG] HttpClient: Response 200 OK
[2026-04-26 21:35:32.502][12128][INFO] ImGuiApp: Auth success, heartbeat started, expires: 2026-05-25 10:13:04
[2026-04-26 21:36:23.210][12128][INFO] TaskManager initialized with max 16 concurrent tasks
[2026-04-26 21:36:23.211][12128][DEBUG] Task 1 (AvePointStandalone.lua) created
[2026-04-26 21:36:23.211][12128][DEBUG] LuaVM: cffi module registered
[2026-04-26 21:36:23.211][12128][DEBUG] LuaVM: LuaSocket modules registered (socket.core, mime.core)
[2026-04-26 21:36:23.211][12128][DEBUG] LuaVM: State created successfully
[2026-04-26 21:36:23.211][12128][DEBUG] ImGuiLua: Module registered as 'imgui'
[2026-04-26 21:36:23.211][12128][DEBUG] Registered all Lua API modules
[2026-04-26 21:36:23.212][21484][INFO] Task 1 (AvePointStandalone.lua) started
[2026-04-26 21:36:23.212][21484][INFO] [Lua] AvePoint standalone entry starting
[2026-04-26 21:36:23.224][21484][INFO] [Lua] Process guard starting
[2026-04-26 21:36:23.225][21484][INFO] [Lua] Driver license resolution | profile=development candidates=3 primary=config.json:savedDriverCard[development]
[2026-04-26 21:36:23.225][21484][INFO] [Lua] Trying driver license source: config.json:savedDriverCard[development]
[2026-04-26 21:36:23.637][21484][DEBUG] HttpClient: Response 200 OK
[2026-04-26 21:36:23.666][21484][INFO] DriverMode: Driver not loaded, attempting to load...
[2026-04-26 21:36:24.040][17060][DEBUG] HttpClient: Response 200 OK
[2026-04-26 21:36:25.624][21484][DEBUG] DriverMode: Driver loaded successfully
[2026-04-26 21:36:25.626][21484][INFO] DriverMode: Initialized with license (Driver mode)
[2026-04-26 21:36:25.626][21484][INFO] Driver loaded successfully
[2026-04-26 21:36:25.626][21484][INFO] [Lua] Driver loaded. Source: config.json:savedDriverCard[development]
[2026-04-26 21:36:25.626][21484][DEBUG] DriverMode: Process protected PID=12124
[2026-04-26 21:36:25.626][21484][INFO] [Lua] Process protection enabled. PID=12124
[2026-04-26 21:36:25.626][21484][INFO] [Lua] Process guard ready
[2026-04-26 21:36:25.627][21484][INFO] [Lua] Configured avepointTaskMode=2 (练级) in config.json
[2026-04-26 21:36:25.627][21484][INFO] [Lua] Press Insert or Ctrl+F9 or [ to start current task mode; Delete or Ctrl+F10 or ] to stop
[2026-04-26 21:36:25.627][21484][INFO] [Lua] Press F12 to click the configured target for 回旋矿场
[2026-04-26 21:36:25.627][21484][INFO] [Lua] Press F4 to preview the configured target for 分解所有按钮 without clicking
[2026-04-26 21:36:25.627][21484][INFO] [Lua] Press F3 to dump mouse-nearby button candidates for 当前鼠标按钮定位分析
[2026-04-26 21:36:25.627][21484][INFO] [Lua] Press F10 to inspect the same uniquely matched mouse target for 鼠标按钮验证点击 without clicking
[2026-04-26 21:36:25.628][21484][INFO] [Lua] Press F11 or \ to validate-click a uniquely matched mouse target for 鼠标按钮验证点击
[2026-04-26 21:36:25.628][21484][INFO] [Lua] Press F6 to print current player coordinates
[2026-04-26 21:36:25.628][21484][INFO] [Lua] Press F7 to print current player position and nearby portals
[2026-04-26 21:36:25.628][21484][INFO] [Lua] Press F8 to print current mouse client coordinates
[2026-04-26 21:36:25.628][21484][INFO] [Lua] Press F9 to run read-only Data API diagnostics
[2026-04-26 21:36:25.628][21484][INFO] [Lua] Press Ctrl+F12 to exit
[2026-04-26 21:36:25.629][21484][INFO] [Lua] Waiting for torchlight API/game init...
[2026-04-26 21:36:25.629][21484][INFO] HotkeyManager: Started with poll interval 10ms
[2026-04-26 21:36:25.629][10508][DEBUG] HotkeyManager: Listen thread started
[2026-04-26 21:36:25.952][21484][DEBUG] DriverMode: InitRemoteCallEx PID=13440, Deployee=0x26CF1F00300
[2026-04-26 21:36:25.952][21484][INFO] Process mode: Driver
[2026-04-26 21:36:25.952][21484][INFO] [Lua] Torch API initialized
[2026-04-26 21:36:25.953][21484][INFO] [Lua] Current pos: 1294.00, -1868.00, 3097.00
[2026-04-26 21:36:31.887][21484][INFO] [Lua] F11 start | label=鼠标按钮验证点击 texts=34 buttons=10 button_name=<all visible buttons> include_zero_position=false nearest_text_max_distance=260.000 cursor=(1308.00, 30.00) screen=(1347.00, 69.00) cursor_prefer_distance=2.000 limit=3
[2026-04-26 21:36:31.887][21484][INFO] [Lua] F11 summary | preferred=0 total=1 skipped_invalid=0 skipped_zero=9
[2026-04-26 21:36:31.887][21484][WARN] [Lua] F11 no button inside preferred cursor distance 2.000; nearest candidate addr=0x26C55967120 distance=597.115480
[2026-04-26 21:36:31.887][21484][INFO] [Lua] F11 button[1/1] | button_index=5 addr=0x26C55967120 name=UIButton Transient.GameEngine.CoreGameInstance.TipNewSkillItem_C.WidgetTree.ButtonHovered text= fullname= x=849.53997802734 y=412.57196044922 cursor_distance=597.115480 nearest_text=阿瑞娅 nearest_text_addr=0x26C877CEB00 nearest_text_name=UITextBlock Transient.GameEngine.CoreGameInstance.TouchableHeadName_C.WidgetTree.UITextBlock_npc nearest_text_x=905.88006591797 nearest_text_y=366.0 nearest_distance=73.096874 nearest_text_index=27
[2026-04-26 21:36:31.888][21484][INFO] [Lua] F11 transient target | label=阿瑞娅按钮 cursor_distance=597.115480 same_name_visible=1 nearest_text=阿瑞娅 nearest_distance=73.096874102843
[2026-04-26 21:36:32.094][21484][INFO] [Lua] Fetched button 阿瑞娅按钮 | anchor_mode=text_distance kind=button addr=2664315646240 text= name=UIButton Transient.GameEngine.CoreGameInstance.TipNewSkillItem_C.WidgetTree.ButtonHovered fullname= x=849.53997802734 y=412.57196044922 related_text=阿瑞娅 related_name=UITextBlock Transient.GameEngine.CoreGameInstance.TouchableHeadName_C.WidgetTree.UITextBlock_npc related_distance=73.096874102843 expected=(70.904, 75.290)
[2026-04-26 21:36:33.385][21484][DEBUG] DriverMode: ExecRemoteCall func=0x7FF7759C2150, ret=140700886198976
[2026-04-26 21:36:33.385][21484][INFO] [Lua] Clicked target 阿瑞娅按钮 | kind=button addr=2664315646240 text= name=UIButton Transient.GameEngine.CoreGameInstance.TipNewSkillItem_C.WidgetTree.ButtonHovered fullname= x=849.53997802734 y=412.57196044922
[2026-04-26 21:36:33.386][21484][INFO] [Lua] F11 target clicked: kind=button addr=0x26C55967120 name=UIButton Transient.GameEngine.CoreGameInstance.TipNewSkillItem_C.WidgetTree.ButtonHovered text= fullname= x=849.53997802734 y=412.57196044922 related_text=阿瑞娅 related_name=UITextBlock Transient.GameEngine.CoreGameInstance.TouchableHeadName_C.WidgetTree.UITextBlock_npc related_distance=73.096874102843 hint_distance=
[2026-04-26 21:36:33.386][21484][INFO] [Lua] F11 locator step: { label = "阿瑞娅按钮", distance_anchor_exact_text = "阿瑞娅", distance_button_name = "UIButton Transient.GameEngine.CoreGameInstance.TipNewSkillItem_C.WidgetTree.ButtonHovered", distance_min = 70.903968, distance_max = 75.289780, include_patterns = { "UIButton Transient.GameEngine.CoreGameInstance.TipNewSkillItem_C.WidgetTree.ButtonHovered" }, hint_client_x = 849.539978, hint_client_y = 412.571960, hint_ratio_x = 0.589958, hint_ratio_y = 0.458413, hint_max_distance = 80.000 }
[2026-04-26 21:36:44.652][21484][INFO] [Lua] F11 start | label=鼠标按钮验证点击 texts=41 buttons=30 button_name=<all visible buttons> include_zero_position=false nearest_text_max_distance=260.000 cursor=(783.00, 476.00) screen=(822.00, 515.00) cursor_prefer_distance=2.000 limit=3
[2026-04-26 21:36:44.652][21484][INFO] [Lua] F11 summary | preferred=0 total=17 skipped_invalid=0 skipped_zero=13
[2026-04-26 21:36:44.652][21484][WARN] [Lua] F11 no button inside preferred cursor distance 2.000; nearest candidate addr=0x26C55967120 distance=91.927607
[2026-04-26 21:36:44.653][21484][INFO] [Lua] F11 button[1/17] | button_index=20 addr=0x26C55967120 name=UIButton Transient.GameEngine.CoreGameInstance.TipNewSkillItem_C.WidgetTree.ButtonHovered text= fullname= x=849.53997802734 y=412.57196044922 cursor_distance=91.927607 nearest_text=常规模式 nearest_text_addr=0x26D2AAB3880 nearest_text_name=UITextBlock Transient.GameEngine.CoreGameInstance.SettingOtherItem_C.WidgetTree.UIChatTagItem.WidgetTree.UITextBlock nearest_text_x=860.00512695312 nearest_text_y=298.01593017578 nearest_distance=115.033054 nearest_text_index=31
[2026-04-26 21:36:44.653][21484][INFO] [Lua] F11 button[2/17] | button_index=4 addr=0x26C464109F0 name=UIButton Transient.GameEngine.CoreGameInstance.HomeFreeBtnItem_C.WidgetTree.EntryButton text= fullname= x=1264.1765136719 y=39.633728027344 cursor_distance=649.573984 nearest_text=上传日志 nearest_text_addr=0x26CF2FF1200 nearest_text_name=UITextBlock Transient.GameEngine.CoreGameInstance.SettingOtherItem_C.WidgetTree.UserBtnItem_C.WidgetTree.ClickBtn.UITextBlock nearest_text_x=1194.5915527344 nearest_text_y=208.87632751465 nearest_distance=182.989410 nearest_text_index=41
[2026-04-26 21:36:44.653][21484][INFO] [Lua] F11 button[3/17] | button_index=1 addr=0x26CD1476930 name=UIButton Transient.GameEngine.CoreGameInstance.HomeFreeBtnItem_C.WidgetTree.EntryButton text= fullname= x=1316.3154296875 y=91.889068603516 cursor_distance=657.241626 nearest_text=上传日志 nearest_text_addr=0x26CF2FF1200 nearest_text_name=UITextBlock Transient.GameEngine.CoreGameInstance.SettingOtherItem_C.WidgetTree.UserBtnItem_C.WidgetTree.ClickBtn.UITextBlock nearest_text_x=1194.5915527344 nearest_text_y=208.87632751465 nearest_distance=168.827489 nearest_text_index=41
[2026-04-26 21:36:44.653][21484][INFO] [Lua] F11 button dump truncated | shown=3 total=17
[2026-04-26 21:36:44.653][21484][WARN] [Lua] F11 has 17 query results; using the first candidate.
[2026-04-26 21:36:44.653][21484][INFO] [Lua] F11 transient target | label=常规模式按钮 cursor_distance=91.927607 same_name_visible=1 nearest_text=常规模式 nearest_distance=115.03305357178
[2026-04-26 21:36:44.855][21484][INFO] [Lua] Fetched button 常规模式按钮 | anchor_mode=text_distance kind=button addr=2664315646240 text= name=UIButton Transient.GameEngine.CoreGameInstance.TipNewSkillItem_C.WidgetTree.ButtonHovered fullname= x=849.53997802734 y=412.57196044922 related_text=常规模式 related_name=UITextBlock Transient.GameEngine.CoreGameInstance.SettingOtherItem_C.WidgetTree.UIChatTagItem.WidgetTree.UITextBlock related_distance=115.03305357178 expected=(112.533, 117.533)
[2026-04-26 21:36:45.417][21484][DEBUG] DriverMode: ExecRemoteCall func=0x7FF7759C2150, ret=140700886198976
[2026-04-26 21:36:45.418][21484][INFO] [Lua] Clicked target 常规模式按钮 | kind=button addr=2664315646240 text= name=UIButton Transient.GameEngine.CoreGameInstance.TipNewSkillItem_C.WidgetTree.ButtonHovered fullname= x=849.53997802734 y=412.57196044922
[2026-04-26 21:36:45.418][21484][INFO] [Lua] F11 target clicked: kind=button addr=0x26C55967120 name=UIButton Transient.GameEngine.CoreGameInstance.TipNewSkillItem_C.WidgetTree.ButtonHovered text= fullname= x=849.53997802734 y=412.57196044922 related_text=常规模式 related_name=UITextBlock Transient.GameEngine.CoreGameInstance.SettingOtherItem_C.WidgetTree.UIChatTagItem.WidgetTree.UITextBlock related_distance=115.03305357178 hint_distance=
[2026-04-26 21:36:45.418][21484][INFO] [Lua] F11 locator step: { label = "常规模式按钮", distance_anchor_exact_text = "常规模式", distance_button_name = "UIButton Transient.GameEngine.CoreGameInstance.TipNewSkillItem_C.WidgetTree.ButtonHovered", distance_min = 112.533054, distance_max = 117.533054, include_patterns = { "UIButton Transient.GameEngine.CoreGameInstance.TipNewSkillItem_C.WidgetTree.ButtonHovered" }, hint_client_x = 849.539978, hint_client_y = 412.571960, hint_ratio_x = 0.589958, hint_ratio_y = 0.458413, hint_max_distance = 80.000 }
[2026-04-26 21:37:15.546][17060][DEBUG] HttpClient: Response 200 OK
[2026-04-26 21:38:07.066][17060][DEBUG] HttpClient: Response 200 OK
[2026-04-26 21:38:58.696][17060][DEBUG] HttpClient: Response 200 OK
[2026-04-26 21:39:50.366][17060][DEBUG] HttpClient: Response 200 OK
[2026-04-26 21:40:41.935][17060][DEBUG] HttpClient: Response 200 OK
[2026-04-26 21:41:33.490][17060][DEBUG] HttpClient: Response 200 OK
[2026-04-26 21:42:25.213][17060][DEBUG] HttpClient: Response 200 OK
[2026-04-26 21:43:16.814][17060][DEBUG] HttpClient: Response 200 OK
[2026-04-26 21:44:08.398][17060][DEBUG] HttpClient: Response 200 OK
[2026-04-26 21:45:00.011][17060][DEBUG] HttpClient: Response 200 OK
[2026-04-26 21:45:04.719][21484][ERROR] LuaVM DoString exec failed: C:\Users\GoldGiven\Desktop\cunnei\scripts\AvePoint.lua:167: Script execution interrupted
stack traceback:
	scripts/avepoint/hotkey.lua:4320: in function 'main'
	C:\Users\GoldGiven\Desktop\cunnei\scripts\AvePoint.lua:167: in main chunk
	(...tail calls...)
	C:\Users\GoldGiven\Desktop\cunnei\AvePointStandalone.lua:128: in main chunk
[2026-04-26 21:45:04.720][21484][ERROR] Task 1 (AvePointStandalone.lua) failed: C:\Users\GoldGiven\Desktop\cunnei\scripts\AvePoint.lua:167: Script execution interrupted
stack traceback:
	scripts/avepoint/hotkey.lua:4320: in function 'main'
	C:\Users\GoldGiven\Desktop\cunnei\scripts\AvePoint.lua:167: in main chunk
	(...tail calls...)
	C:\Users\GoldGiven\Desktop\cunnei\AvePointStandalone.lua:128: in main chunk
[2026-04-26 21:45:04.746][12128][DEBUG] Task 1 (AvePointStandalone.lua) force cleaned up
[2026-04-26 21:45:04.748][12128][DEBUG] LuaVM: State closed
[2026-04-26 21:45:05.247][12128][DEBUG] Task 2 (AvePointStandalone.lua) created
[2026-04-26 21:45:05.247][12128][DEBUG] LuaVM: cffi module registered
[2026-04-26 21:45:05.247][12128][DEBUG] LuaVM: LuaSocket modules registered (socket.core, mime.core)
[2026-04-26 21:45:05.247][12128][DEBUG] LuaVM: State created successfully
[2026-04-26 21:45:05.248][12128][DEBUG] ImGuiLua: Module registered as 'imgui'
[2026-04-26 21:45:05.248][12128][DEBUG] Registered all Lua API modules
[2026-04-26 21:45:05.248][9716][INFO] Task 2 (AvePointStandalone.lua) started
[2026-04-26 21:45:05.249][9716][INFO] [Lua] AvePoint standalone entry starting
[2026-04-26 21:45:05.260][9716][INFO] [Lua] Process guard starting
[2026-04-26 21:45:05.260][9716][DEBUG] DriverMode: Process protected PID=12124
[2026-04-26 21:45:05.260][9716][INFO] [Lua] Process protection enabled. PID=12124
[2026-04-26 21:45:05.260][9716][INFO] [Lua] Process guard ready
[2026-04-26 21:45:05.261][9716][INFO] [Lua] Configured avepointTaskMode=2 (练级) in config.json
[2026-04-26 21:45:05.261][9716][INFO] [Lua] Press Insert or Ctrl+F9 or [ to start current task mode; Delete or Ctrl+F10 or ] to stop
[2026-04-26 21:45:05.261][9716][INFO] [Lua] Press F12 to dump raw API controls under cursor without clicking
[2026-04-26 21:45:05.261][9716][INFO] [Lua] Press F4 to preview the configured target for 分解所有按钮 without clicking
[2026-04-26 21:45:05.261][9716][INFO] [Lua] Press F3 to dump mouse-nearby button candidates for 当前鼠标按钮定位分析
[2026-04-26 21:45:05.261][9716][INFO] [Lua] Press F10 to inspect the same uniquely matched mouse target for 鼠标按钮验证点击 without clicking
[2026-04-26 21:45:05.262][9716][INFO] [Lua] Press F11 or \ to validate-click a uniquely matched mouse target for 鼠标按钮验证点击
[2026-04-26 21:45:05.262][9716][INFO] [Lua] Press F6 to print current player coordinates
[2026-04-26 21:45:05.262][9716][INFO] [Lua] Press F7 to print current player position and nearby portals
[2026-04-26 21:45:05.262][9716][INFO] [Lua] Press F8 to print current mouse client coordinates
[2026-04-26 21:45:05.262][9716][INFO] [Lua] Press F9 to run read-only Data API diagnostics
[2026-04-26 21:45:05.262][9716][INFO] [Lua] Press Ctrl+F12 to exit
[2026-04-26 21:45:05.263][9716][INFO] [Lua] Waiting for torchlight API/game init...
[2026-04-26 21:45:05.572][9716][DEBUG] DriverMode: InitRemoteCallEx PID=13440, Deployee=0x26D29C70300
[2026-04-26 21:45:05.573][9716][INFO] [Lua] Torch API initialized
[2026-04-26 21:45:05.573][9716][INFO] [Lua] Current pos: 1537.00, -1930.00, 3100.16
[2026-04-26 21:45:14.368][9716][INFO] [Lua] F11 start | label=鼠标按钮验证点击 texts=38 buttons=10 button_name=<all visible buttons> include_zero_position=false nearest_text_max_distance=260.000 cursor=(1358.00, 29.00) screen=(1397.00, 68.00) cursor_prefer_distance=2.000 limit=3
[2026-04-26 21:45:14.368][9716][INFO] [Lua] F11 summary | preferred=0 total=1 skipped_invalid=0 skipped_zero=9
[2026-04-26 21:45:14.368][9716][WARN] [Lua] F11 no button inside preferred cursor distance 2.000; nearest candidate addr=0x26C55967120 distance=636.913686
[2026-04-26 21:45:14.368][9716][INFO] [Lua] F11 button[1/1] | button_index=5 addr=0x26C55967120 name=UIButton Transient.GameEngine.CoreGameInstance.TipNewSkillItem_C.WidgetTree.ButtonHovered text= fullname= x=849.53997802734 y=412.57196044922 cursor_distance=636.913686 nearest_text=阿瑞娅 nearest_text_addr=0x26C877CEB00 nearest_text_name=UITextBlock Transient.GameEngine.CoreGameInstance.TouchableHeadName_C.WidgetTree.UITextBlock_npc nearest_text_x=882.88006591797 nearest_text_y=337.00003051758 nearest_distance=82.599504 nearest_text_index=27
[2026-04-26 21:45:14.369][9716][INFO] [Lua] F11 transient target | label=阿瑞娅按钮 cursor_distance=636.913686 same_name_visible=1 nearest_text=阿瑞娅 nearest_distance=82.599503958241
[2026-04-26 21:45:14.577][9716][INFO] [Lua] Fetched button 阿瑞娅按钮 | anchor_mode=text_distance kind=button addr=2664315646240 text= name=UIButton Transient.GameEngine.CoreGameInstance.TipNewSkillItem_C.WidgetTree.ButtonHovered fullname= x=849.53997802734 y=412.57196044922 related_text=阿瑞娅 related_name=UITextBlock Transient.GameEngine.CoreGameInstance.TouchableHeadName_C.WidgetTree.UITextBlock_npc related_distance=82.599503958241 expected=(80.122, 85.077)
[2026-04-26 21:45:17.023][9716][DEBUG] DriverMode: ExecRemoteCall func=0x7FF7759C2150, ret=140700886198976
[2026-04-26 21:45:17.023][9716][INFO] [Lua] Clicked target 阿瑞娅按钮 | kind=button addr=2664315646240 text= name=UIButton Transient.GameEngine.CoreGameInstance.TipNewSkillItem_C.WidgetTree.ButtonHovered fullname= x=849.53997802734 y=412.57196044922
[2026-04-26 21:45:17.024][9716][INFO] [Lua] F11 target clicked: kind=button addr=0x26C55967120 name=UIButton Transient.GameEngine.CoreGameInstance.TipNewSkillItem_C.WidgetTree.ButtonHovered text= fullname= x=849.53997802734 y=412.57196044922 related_text=阿瑞娅 related_name=UITextBlock Transient.GameEngine.CoreGameInstance.TouchableHeadName_C.WidgetTree.UITextBlock_npc related_distance=82.599503958241 hint_distance=
[2026-04-26 21:45:17.024][9716][INFO] [Lua] F11 locator step: { label = "阿瑞娅按钮", distance_anchor_exact_text = "阿瑞娅", distance_button_name = "UIButton Transient.GameEngine.CoreGameInstance.TipNewSkillItem_C.WidgetTree.ButtonHovered", distance_min = 80.121519, distance_max = 85.077489, include_patterns = { "UIButton Transient.GameEngine.CoreGameInstance.TipNewSkillItem_C.WidgetTree.ButtonHovered" }, hint_client_x = 849.539978, hint_client_y = 412.571960, hint_ratio_x = 0.589958, hint_ratio_y = 0.458413, hint_max_distance = 80.000 }
[2026-04-26 21:45:19.182][9716][INFO] [Lua] F12 raw API dump begin | texts=37 buttons=10 images=1226 cursor=(1359.00, 29.00) screen=(1398.00, 68.00) max_distance=120 limit=8
[2026-04-26 21:45:19.402][9716][INFO] [Lua] Cursor visible controls | controls=8 cursor=(1359.00, 29.00) screen=(1398.00, 68.00)
[2026-04-26 21:45:19.618][9716][INFO] [Lua] [Visible][1] kind="image" addr=2666203651200 text="" name="" fullname="UIImage Transient.GameEngine.CoreGameInstance.FastEntranceView_C.WidgetTree.FX_BagImg1_Glow01" x=1364.9764404297 y=36.753726959229 raw={IsAsyncLoad=1} rel1_kind="text" rel1_text="杰索米娜" rel1_name="UITextBlock Transient.GameEngine.CoreGameInstance.TouchableHeadName_C.WidgetTree.UITextBlock_npc" rel1_fullname="" rel1_x=1179.3800048828 rel1_y=25.999996185303 rel1_dx="-185.60" rel1_dy="-10.75" rel1_dist="185.91" rel2_kind="text" rel2_text="绿洲人事经理" rel2_name="UITextBlock Transient.GameEngine.CoreGameInstance.TouchableHeadName_C.WidgetTree.UITextBlock_npc_title" rel2_fullname="" rel2_x=1179.3800048828 rel2_y=9.9999961853027 rel2_dx="-185.60" rel2_dy="-26.75" rel2_dist="187.51"
[2026-04-26 21:45:19.619][9716][INFO] [Lua] [VisibleItem][1] item={Fullname="UIImage Transient.GameEngine.CoreGameInstance.FastEntranceView_C.WidgetTree.FX_BagImg1_Glow01" IsAsyncLoad=1 addr=2666203651200 x=1364.9764404297 y=36.753726959229}
[2026-04-26 21:45:19.619][9716][INFO] [Lua] [Visible][2] kind="image" addr=2666203651840 text="" name="" fullname="UIImage Transient.GameEngine.CoreGameInstance.FastEntranceView_C.WidgetTree.BagImg1" x=1367.8564453125 y=39.633728027344 raw={IsAsyncLoad=1} rel1_kind="text" rel1_text="杰索米娜" rel1_name="UITextBlock Transient.GameEngine.CoreGameInstance.TouchableHeadName_C.WidgetTree.UITextBlock_npc" rel1_fullname="" rel1_x=1179.3800048828 rel1_y=25.999996185303 rel1_dx="-188.48" rel1_dy="-13.63" rel1_dist="188.97" rel2_kind="text" rel2_text="绿洲人事经理" rel2_name="UITextBlock Transient.GameEngine.CoreGameInstance.TouchableHeadName_C.WidgetTree.UITextBlock_npc_title" rel2_fullname="" rel2_x=1179.3800048828 rel2_y=9.9999961853027 rel2_dx="-188.48" rel2_dy="-29.63" rel2_dist="190.79"
[2026-04-26 21:45:19.619][9716][INFO] [Lua] [VisibleItem][2] item={Fullname="UIImage Transient.GameEngine.CoreGameInstance.FastEntranceView_C.WidgetTree.BagImg1" IsAsyncLoad=1 addr=2666203651840 x=1367.8564453125 y=39.633728027344}
[2026-04-26 21:45:19.620][9716][INFO] [Lua] [Visible][3] kind="image" addr=2666280878848 text="" name="" fullname="UIImage Transient.GameEngine.CoreGameInstance.HomeFreeBtnItem_C.WidgetTree.RedDot.WidgetTree.WidgetImage" x=1343.7364501953 y=38.193725585938 raw={IsAsyncLoad=1} rel1_kind="text" rel1_text="杰索米娜" rel1_name="UITextBlock Transient.GameEngine.CoreGameInstance.TouchableHeadName_C.WidgetTree.UITextBlock_npc" rel1_fullname="" rel1_x=1179.3800048828 rel1_y=25.999996185303 rel1_dx="-164.36" rel1_dy="-12.19" rel1_dist="164.81" rel2_kind="text" rel2_text="绿洲人事经理" rel2_name="UITextBlock Transient.GameEngine.CoreGameInstance.TouchableHeadName_C.WidgetTree.UITextBlock_npc_title" rel2_fullname="" rel2_x=1179.3800048828 rel2_y=9.9999961853027 rel2_dx="-164.36" rel2_dy="-28.19" rel2_dist="166.76"
[2026-04-26 21:45:19.620][9716][INFO] [Lua] [VisibleItem][3] item={Fullname="UIImage Transient.GameEngine.CoreGameInstance.HomeFreeBtnItem_C.WidgetTree.RedDot.WidgetTree.WidgetImage" IsAsyncLoad=1 addr=2666280878848 x=1343.7364501953 y=38.193725585938}
[2026-04-26 21:45:19.620][9716][INFO] [Lua] [Visible][4] kind="image" addr=2666203676800 text="" name="" fullname="UIImage Transient.GameEngine.CoreGameInstance.FastEntranceView_C.WidgetTree.HomePointItem.WidgetTree.AddPanelNumBg" x=1340.5084228516 y=34.557159423828 raw={IsAsyncLoad=1} rel1_kind="text" rel1_text="杰索米娜" rel1_name="UITextBlock Transient.GameEngine.CoreGameInstance.TouchableHeadName_C.WidgetTree.UITextBlock_npc" rel1_fullname="" rel1_x=1179.3800048828 rel1_y=25.999996185303 rel1_dx="-161.13" rel1_dy="-8.56" rel1_dist="161.36" rel2_kind="text" rel2_text="绿洲人事经理" rel2_name="UITextBlock Transient.GameEngine.CoreGameInstance.TouchableHeadName_C.WidgetTree.UITextBlock_npc_title" rel2_fullname="" rel2_x=1179.3800048828 rel2_y=9.9999961853027 rel2_dx="-161.13" rel2_dy="-24.56" rel2_dist="162.99"
[2026-04-26 21:45:19.620][9716][INFO] [Lua] [VisibleItem][4] item={Fullname="UIImage Transient.GameEngine.CoreGameInstance.FastEntranceView_C.WidgetTree.HomePointItem.WidgetTree.AddPanelNumBg" IsAsyncLoad=1 addr=2666203676800 x=1340.5084228516 y=34.557159423828}
[2026-04-26 21:45:19.620][9716][INFO] [Lua] [Visible][5] kind="image" addr=2666203650560 text="" name="" fullname="UIImage Transient.GameEngine.CoreGameInstance.FastEntranceView_C.WidgetTree.FX_BagImg1_Glow02" x=1375.7763671875 y=47.553726196289 raw={IsAsyncLoad=1} rel1_kind="text" rel1_text="杰索米娜" rel1_name="UITextBlock Transient.GameEngine.CoreGameInstance.TouchableHeadName_C.WidgetTree.UITextBlock_npc" rel1_fullname="" rel1_x=1179.3800048828 rel1_y=25.999996185303 rel1_dx="-196.40" rel1_dy="-21.55" rel1_dist="197.58" rel2_kind="text" rel2_text="绿洲人事经理" rel2_name="UITextBlock Transient.GameEngine.CoreGameInstance.TouchableHeadName_C.WidgetTree.UITextBlock_npc_title" rel2_fullname="" rel2_x=1179.3800048828 rel2_y=9.9999961853027 rel2_dx="-196.40" rel2_dy="-37.55" rel2_dist="199.95"
[2026-04-26 21:45:19.621][9716][INFO] [Lua] [VisibleItem][5] item={Fullname="UIImage Transient.GameEngine.CoreGameInstance.FastEntranceView_C.WidgetTree.FX_BagImg1_Glow02" IsAsyncLoad=1 addr=2666203650560 x=1375.7763671875 y=47.553726196289}
[2026-04-26 21:45:19.621][9716][INFO] [Lua] [Visible][6] kind="image" addr=2666203678720 text="" name="" fullname="UIImage Transient.GameEngine.CoreGameInstance.FastEntranceView_C.WidgetTree.HomePointItem.WidgetTree.AddPanelImg1" x=1323.9366455078 y=47.553726196289 raw={IsAsyncLoad=1} rel1_kind="text" rel1_text="杰索米娜" rel1_name="UITextBlock Transient.GameEngine.CoreGameInstance.TouchableHeadName_C.WidgetTree.UITextBlock_npc" rel1_fullname="" rel1_x=1179.3800048828 rel1_y=25.999996185303 rel1_dx="-144.56" rel1_dy="-21.55" rel1_dist="146.15" rel2_kind="text" rel2_text="绿洲人事经理" rel2_name="UITextBlock Transient.GameEngine.CoreGameInstance.TouchableHeadName_C.WidgetTree.UITextBlock_npc_title" rel2_fullname="" rel2_x=1179.3800048828 rel2_y=9.9999961853027 rel2_dx="-144.56" rel2_dy="-37.55" rel2_dist="149.35"
[2026-04-26 21:45:19.621][9716][INFO] [Lua] [VisibleItem][6] item={Fullname="UIImage Transient.GameEngine.CoreGameInstance.FastEntranceView_C.WidgetTree.HomePointItem.WidgetTree.AddPanelImg1" IsAsyncLoad=1 addr=2666203678720 x=1323.9366455078 y=47.553726196289}
[2026-04-26 21:45:19.621][9716][INFO] [Lua] [Visible][7] kind="image" addr=2666280879488 text="" name="" fullname="UIImage Transient.GameEngine.CoreGameInstance.HomeFreeBtnItem_C.WidgetTree.FX_Glow02" x=1323.9365234375 y=47.553726196289 raw={IsAsyncLoad=1} rel1_kind="text" rel1_text="杰索米娜" rel1_name="UITextBlock Transient.GameEngine.CoreGameInstance.TouchableHeadName_C.WidgetTree.UITextBlock_npc" rel1_fullname="" rel1_x=1179.3800048828 rel1_y=25.999996185303 rel1_dx="-144.56" rel1_dy="-21.55" rel1_dist="146.15" rel2_kind="text" rel2_text="绿洲人事经理" rel2_name="UITextBlock Transient.GameEngine.CoreGameInstance.TouchableHeadName_C.WidgetTree.UITextBlock_npc_title" rel2_fullname="" rel2_x=1179.3800048828 rel2_y=9.9999961853027 rel2_dx="-144.56" rel2_dy="-37.55" rel2_dist="149.35"
[2026-04-26 21:45:19.621][9716][INFO] [Lua] [VisibleItem][7] item={Fullname="UIImage Transient.GameEngine.CoreGameInstance.HomeFreeBtnItem_C.WidgetTree.FX_Glow02" IsAsyncLoad=1 addr=2666280879488 x=1323.9365234375 y=47.553726196289}
[2026-04-26 21:45:19.622][9716][INFO] [Lua] [Visible][8] kind="image" addr=2666280880768 text="" name="" fullname="UIImage Transient.GameEngine.CoreGameInstance.HomeFreeBtnItem_C.WidgetTree.UIImage_11_Fx" x=1319.8181152344 y=43.435325622559 raw={IsAsyncLoad=1} rel1_kind="text" rel1_text="杰索米娜" rel1_name="UITextBlock Transient.GameEngine.CoreGameInstance.TouchableHeadName_C.WidgetTree.UITextBlock_npc" rel1_fullname="" rel1_x=1179.3800048828 rel1_y=25.999996185303 rel1_dx="-140.44" rel1_dy="-17.44" rel1_dist="141.52" rel2_kind="text" rel2_text="绿洲人事经理" rel2_name="UITextBlock Transient.GameEngine.CoreGameInstance.TouchableHeadName_C.WidgetTree.UITextBlock_npc_title" rel2_fullname="" rel2_x=1179.3800048828 rel2_y=9.9999961853027 rel2_dx="-140.44" rel2_dy="-33.44" rel2_dist="144.36"
[2026-04-26 21:45:19.622][9716][INFO] [Lua] [VisibleItem][8] item={Fullname="UIImage Transient.GameEngine.CoreGameInstance.HomeFreeBtnItem_C.WidgetTree.UIImage_11_Fx" IsAsyncLoad=1 addr=2666280880768 x=1319.8181152344 y=43.435325622559}
[2026-04-26 21:45:19.622][9716][INFO] [Lua] F12 raw API dump complete | matches=8
[2026-04-26 21:45:51.643][17060][DEBUG] HttpClient: Response 200 OK
[2026-04-26 21:46:43.247][17060][DEBUG] HttpClient: Response 200 OK
[2026-04-26 21:47:34.840][17060][DEBUG] HttpClient: Response 200 OK
[2026-04-26 21:48:26.421][17060][DEBUG] HttpClient: Response 200 OK
[2026-04-26 21:49:18.087][17060][DEBUG] HttpClient: Response 200 OK
[2026-04-26 21:50:09.685][17060][DEBUG] HttpClient: Response 200 OK
[2026-04-26 21:51:01.293][17060][DEBUG] HttpClient: Response 200 OK
[2026-04-26 21:51:52.911][17060][DEBUG] HttpClient: Response 200 OK
[2026-04-26 21:52:44.559][17060][DEBUG] HttpClient: Response 200 OK
[2026-04-26 21:53:36.149][17060][DEBUG] HttpClient: Response 200 OK
[2026-04-26 21:54:27.794][17060][DEBUG] HttpClient: Response 200 OK
[2026-04-26 21:55:19.442][17060][DEBUG] HttpClient: Response 200 OK
[2026-04-26 21:56:11.125][17060][DEBUG] HttpClient: Response 200 OK
[2026-04-26 21:57:02.782][17060][DEBUG] HttpClient: Response 200 OK
[2026-04-26 21:57:45.345][9716][ERROR] LuaVM DoString exec failed: scripts/avepoint/hotkey.lua:3629: Script execution interrupted
stack traceback:
	scripts/avepoint/route.lua:28: in function 'pressed_once'
	scripts/avepoint/hotkey.lua:3629: in function 'main'
	C:\Users\GoldGiven\Desktop\cunnei\scripts\AvePoint.lua:167: in main chunk
	(...tail calls...)
	C:\Users\GoldGiven\Desktop\cunnei\AvePointStandalone.lua:128: in main chunk
[2026-04-26 21:57:45.345][9716][ERROR] Task 2 (AvePointStandalone.lua) failed: scripts/avepoint/hotkey.lua:3629: Script execution interrupted
stack traceback:
	scripts/avepoint/route.lua:28: in function 'pressed_once'
	scripts/avepoint/hotkey.lua:3629: in function 'main'
	C:\Users\GoldGiven\Desktop\cunnei\scripts\AvePoint.lua:167: in main chunk
	(...tail calls...)
	C:\Users\GoldGiven\Desktop\cunnei\AvePointStandalone.lua:128: in main chunk
[2026-04-26 21:57:45.377][12128][DEBUG] Task 2 (AvePointStandalone.lua) force cleaned up
[2026-04-26 21:57:45.381][12128][DEBUG] LuaVM: State closed
[2026-04-26 21:57:51.311][12128][DEBUG] Task 3 (AvePointStandalone.lua) created
[2026-04-26 21:57:51.311][12128][DEBUG] LuaVM: cffi module registered
[2026-04-26 21:57:51.311][12128][DEBUG] LuaVM: LuaSocket modules registered (socket.core, mime.core)
[2026-04-26 21:57:51.311][12128][DEBUG] LuaVM: State created successfully
[2026-04-26 21:57:51.312][12128][DEBUG] ImGuiLua: Module registered as 'imgui'
[2026-04-26 21:57:51.312][12128][DEBUG] Registered all Lua API modules
[2026-04-26 21:57:51.312][17668][INFO] Task 3 (AvePointStandalone.lua) started
[2026-04-26 21:57:51.313][17668][INFO] [Lua] AvePoint standalone entry starting
[2026-04-26 21:57:51.410][17668][INFO] [Lua] Process guard starting
[2026-04-26 21:57:51.410][17668][DEBUG] DriverMode: Process protected PID=12124
[2026-04-26 21:57:51.411][17668][INFO] [Lua] Process protection enabled. PID=12124
[2026-04-26 21:57:51.411][17668][INFO] [Lua] Process guard ready
[2026-04-26 21:57:51.411][17668][INFO] [Lua] Configured avepointTaskMode=2 (练级) in config.json
[2026-04-26 21:57:51.411][17668][INFO] [Lua] Press Insert or Ctrl+F9 or [ to start current task mode; Delete or Ctrl+F10 or ] to stop
[2026-04-26 21:57:51.412][17668][INFO] [Lua] Press F12 to dump raw API controls under cursor without clicking
[2026-04-26 21:57:51.412][17668][INFO] [Lua] Press F4 to preview the configured target for 分解所有按钮 without clicking
[2026-04-26 21:57:51.412][17668][INFO] [Lua] Press F3 to dump mouse-nearby button candidates for 当前鼠标按钮定位分析
[2026-04-26 21:57:51.412][17668][INFO] [Lua] Press F10 to inspect the same uniquely matched mouse target for 鼠标按钮验证点击 without clicking
[2026-04-26 21:57:51.412][17668][INFO] [Lua] Press F11 or \ to validate-click a uniquely matched mouse target for 鼠标按钮验证点击
[2026-04-26 21:57:51.412][17668][INFO] [Lua] Press F6 to print current player coordinates
[2026-04-26 21:57:51.413][17668][INFO] [Lua] Press F7 to print current player position and nearby portals
[2026-04-26 21:57:51.413][17668][INFO] [Lua] Press F8 to print current mouse client coordinates
[2026-04-26 21:57:51.413][17668][INFO] [Lua] Press F9 to run read-only Data API diagnostics
[2026-04-26 21:57:51.413][17668][INFO] [Lua] Press Ctrl+F12 to exit
[2026-04-26 21:57:51.413][17668][INFO] [Lua] Waiting for torchlight API/game init...
[2026-04-26 21:57:51.726][17668][DEBUG] DriverMode: InitRemoteCallEx PID=13440, Deployee=0x26D32600300
[2026-04-26 21:57:51.726][17668][INFO] [Lua] Torch API initialized
[2026-04-26 21:57:51.726][17668][INFO] [Lua] Current pos: 1270.03, -1851.70, 3096.62
[2026-04-26 21:57:54.431][17060][DEBUG] HttpClient: Response 200 OK
[2026-04-26 21:57:55.071][17668][DEBUG] Task 4 (AvePointLevelingNavWorker) created
[2026-04-26 21:57:55.071][17668][DEBUG] LuaVM: cffi module registered
[2026-04-26 21:57:55.071][17668][DEBUG] LuaVM: LuaSocket modules registered (socket.core, mime.core)
[2026-04-26 21:57:55.072][17668][DEBUG] LuaVM: State created successfully
[2026-04-26 21:57:55.072][17668][DEBUG] ImGuiLua: Module registered as 'imgui'
[2026-04-26 21:57:55.072][17668][DEBUG] Registered all Lua API modules
[2026-04-26 21:57:55.072][17668][INFO] [Lua] [Leveling] nav worker started | task_id=4 share=avepoint_leveling_nav_1777211875067_3
[2026-04-26 21:57:55.072][17668][INFO] [Lua] [Leveling] navigation mode | async nav worker path-route follow | task_move_interval=1200ms task_pos_interval=900ms
[2026-04-26 21:57:55.072][19128][INFO] Task 4 (AvePointLevelingNavWorker) started
[2026-04-26 21:57:55.072][17668][INFO] [Lua] [Leveling] runner started | mode=2 quest button -> task path -> NPC dialogue
[2026-04-26 21:57:55.073][17668][INFO] [Lua] [Leveling] logic: click main task button, fetch task path, MoveTo target, confirm nearby NPC, press D, then continue
[2026-04-26 21:57:55.073][17668][INFO] [Lua] [Leveling] startup boss combat window armed | window=10000ms
[2026-04-26 21:57:55.073][17668][INFO] [Lua] [Leveling] startup state resolve armed | window=3000ms
[2026-04-26 21:57:55.073][17668][INFO] [Lua] [Leveling] map runtime detection | enabled=false
[2026-04-26 21:57:55.073][17668][INFO] [Lua] AvePoint automation started | mode=练级(2)
[2026-04-26 21:57:55.074][17668][INFO] [Lua] [Leveling] IsMainInterface=false but player position is available, continue leveling.
[2026-04-26 21:57:55.278][17668][INFO] [Lua] [Leveling] task name candidates | map= button_text= related_text= anchor=(73.04,224.16)
[2026-04-26 21:57:55.279][17668][INFO] [Lua] [Leveling] current task updated | task=与莫琳娜交谈 source=nearby_text anchor=(73.04,224.16)
[2026-04-26 21:57:55.279][17668][INFO] [Lua] [Leveling] main task call begin | stage=bootstrap task=与莫琳娜交谈 detail= mode=hard_refresh queries=与莫琳娜交谈 -> 主线
[2026-04-26 21:57:55.899][17668][INFO] [Lua] [Leveling] main task panel queries missed, fallback to anchor button | stage=bootstrap task=与莫琳娜交谈 detail=
[2026-04-26 21:57:56.302][17668][WARN] [Lua] [Leveling] main task button fetch failed: Nearby button not found. nearby=text text=主线 圣诫之末 pos=(135.1,215.8) d=62.6 | text text=与莫琳娜交谈 pos=(147.0,234.5) d=74.7 | text text=支线 藏宝地：银沙边城 pos=(135.1,269.4) d=76.8 | text text=在雄狮之心找到下一个藏宝地（推荐等级44~54级） pos=(147.0,288.1) d=97.8
[2026-04-26 21:57:56.303][17668][INFO] [Lua] [Leveling] startup waiting main task call before movement: Nearby button not found.
[2026-04-26 21:57:56.303][17668][INFO] [Lua] [Leveling] navigation hold | reason=startup_task_reacquire
[2026-04-26 21:57:56.303][17668][INFO] [Lua] [Leveling] heartbeat | stage=startup_task_reacquire tick=1 pos=896.60, -1582.38, 3092.00 target=nil path_points=0
[2026-04-26 21:57:56.342][17668][INFO] [Lua] [Leveling] nav worker status | paused
[2026-04-26 21:57:56.590][17668][INFO] [Lua] [Leveling] main task call begin | stage=startup_task_reacquire task=与莫琳娜交谈 detail= mode=hard_refresh queries=与莫琳娜交谈 -> 主线
[2026-04-26 21:57:57.203][17668][INFO] [Lua] [Leveling] main task panel queries missed, fallback to anchor button | stage=startup_task_reacquire task=与莫琳娜交谈 detail=
[2026-04-26 21:57:58.144][17668][INFO] [Lua] [Leveling] IsMainInterface=false but player position is available, continue leveling.
[2026-04-26 21:57:58.145][17668][INFO] [Lua] [Leveling] startup state resolve extended until main task is called.
[2026-04-26 21:57:58.145][17668][INFO] [Lua] [Leveling] main task call begin | stage=startup_task_reacquire task=与莫琳娜交谈 detail= mode=hard_refresh queries=与莫琳娜交谈 -> 主线
[2026-04-26 21:57:58.751][17668][INFO] [Lua] [Leveling] main task panel queries missed, fallback to anchor button | stage=startup_task_reacquire task=与莫琳娜交谈 detail=
[2026-04-26 21:57:59.171][17668][INFO] [Lua] [Leveling] heartbeat | stage=startup_task_reacquire tick=7 pos=896.60, -1582.38, 3092.00 target=nil path_points=0
[2026-04-26 21:57:59.425][17668][INFO] [Lua] [Leveling] task name candidates | map= button_text= related_text= anchor=(73.04,224.16)
[2026-04-26 21:57:59.426][17668][INFO] [Lua] [Leveling] navigation hold | reason=startup_task_reacquire
[2026-04-26 21:57:59.713][17668][INFO] [Lua] [Leveling] main task call begin | stage=startup_task_reacquire task=与莫琳娜交谈 detail= mode=hard_refresh queries=与莫琳娜交谈 -> 主线
[2026-04-26 21:58:00.322][17668][INFO] [Lua] [Leveling] main task panel queries missed, fallback to anchor button | stage=startup_task_reacquire task=与莫琳娜交谈 detail=
[2026-04-26 21:58:00.741][17668][WARN] [Lua] [Leveling] main task button fetch failed: Nearby button not found. nearby=text text=主线 圣诫之末 pos=(135.1,215.8) d=62.6 | text text=与莫琳娜交谈 pos=(147.0,234.5) d=74.7 | text text=支线 藏宝地：银沙边城 pos=(135.1,269.4) d=76.8 | text text=在雄狮之心找到下一个藏宝地（推荐等级44~54级） pos=(147.0,288.1) d=97.8
[2026-04-26 21:58:00.741][17668][INFO] [Lua] [Leveling] startup waiting main task call before movement: Nearby button not found.
[2026-04-26 21:58:01.148][17668][INFO] [Lua] [Leveling] IsMainInterface=false but player position is available, continue leveling.
[2026-04-26 21:58:01.149][17668][INFO] [Lua] [Leveling] heartbeat | stage=startup_task_reacquire tick=14 pos=896.60, -1582.38, 3092.00 target=nil path_points=0
[2026-04-26 21:58:01.273][17668][INFO] [Lua] [Leveling] main task call begin | stage=startup_task_reacquire task=与莫琳娜交谈 detail= mode=hard_refresh queries=与莫琳娜交谈 -> 主线
[2026-04-26 21:58:01.884][17668][INFO] [Lua] [Leveling] main task panel queries missed, fallback to anchor button | stage=startup_task_reacquire task=与莫琳娜交谈 detail=
[2026-04-26 21:58:02.329][17668][INFO] [Lua] [Leveling] startup state resolve extended until main task is called.
[2026-04-26 21:58:02.529][17668][INFO] [Lua] [Leveling] task name candidates | map= button_text= related_text= anchor=(73.04,224.16)
[2026-04-26 21:58:02.530][17668][INFO] [Lua] [Leveling] navigation hold | reason=startup_task_reacquire
[2026-04-26 21:58:02.567][17668][INFO] [Lua] [Leveling] runner stopped
[2026-04-26 21:58:02.580][17668][INFO] [Lua] [Treasure] resume snapshot cleared | reason=leveling_stop save_ok=true
[2026-04-26 21:58:02.580][17668][INFO] [Lua] AvePoint automation stopped
[2026-04-26 21:58:02.594][19128][DEBUG] LuaVM DoFile success: C:\Users\GoldGiven\Desktop\cunnei/scripts/AvePointLevelingNavWorker.lua
[2026-04-26 21:58:02.595][19128][INFO] Task 4 (AvePointLevelingNavWorker) cancelled
[2026-04-26 21:58:06.200][17668][DEBUG] Task 5 (AvePointLevelingNavWorker) created
[2026-04-26 21:58:06.201][17668][DEBUG] LuaVM: cffi module registered
[2026-04-26 21:58:06.201][17668][DEBUG] LuaVM: LuaSocket modules registered (socket.core, mime.core)
[2026-04-26 21:58:06.201][17668][DEBUG] LuaVM: State created successfully
[2026-04-26 21:58:06.202][17668][DEBUG] ImGuiLua: Module registered as 'imgui'
[2026-04-26 21:58:06.202][17668][DEBUG] Registered all Lua API modules
[2026-04-26 21:58:06.202][17668][INFO] [Lua] [Leveling] nav worker started | task_id=5 share=avepoint_leveling_nav_1777211886196_3
[2026-04-26 21:58:06.202][17668][INFO] [Lua] [Leveling] navigation mode | async nav worker path-route follow | task_move_interval=1200ms task_pos_interval=900ms
[2026-04-26 21:58:06.202][4620][INFO] Task 5 (AvePointLevelingNavWorker) started
[2026-04-26 21:58:06.203][17668][INFO] [Lua] [Leveling] runner started | mode=2 quest button -> task path -> NPC dialogue
[2026-04-26 21:58:06.203][17668][INFO] [Lua] [Leveling] logic: click main task button, fetch task path, MoveTo target, confirm nearby NPC, press D, then continue
[2026-04-26 21:58:06.203][17668][INFO] [Lua] [Leveling] startup boss combat window armed | window=10000ms
[2026-04-26 21:58:06.203][17668][INFO] [Lua] [Leveling] startup state resolve armed | window=3000ms
[2026-04-26 21:58:06.203][17668][INFO] [Lua] [Leveling] map runtime detection | enabled=false
[2026-04-26 21:58:06.203][17668][INFO] [Lua] AvePoint automation started | mode=练级(2)
[2026-04-26 21:58:06.204][17668][INFO] [Lua] [Leveling] IsMainInterface=false but player position is available, continue leveling.
[2026-04-26 21:58:06.411][17668][INFO] [Lua] [Leveling] task name candidates | map= button_text= related_text= anchor=(73.04,224.16)
[2026-04-26 21:58:06.412][17668][INFO] [Lua] [Leveling] current task updated | task=与莫琳娜交谈 source=nearby_text anchor=(73.04,224.16)
[2026-04-26 21:58:06.412][17668][INFO] [Lua] [Leveling] main task call begin | stage=bootstrap task=与莫琳娜交谈 detail= mode=hard_refresh queries=与莫琳娜交谈 -> 主线
[2026-04-26 21:58:07.031][17668][INFO] [Lua] [Leveling] main task panel queries missed, fallback to anchor button | stage=bootstrap task=与莫琳娜交谈 detail=
[2026-04-26 21:58:07.432][17668][WARN] [Lua] [Leveling] main task button fetch failed: Nearby button not found. nearby=text text=主线 圣诫之末 pos=(135.1,215.8) d=62.6 | text text=与莫琳娜交谈 pos=(147.0,234.5) d=74.7 | text text=支线 藏宝地：银沙边城 pos=(135.1,269.4) d=76.8 | text text=在雄狮之心找到下一个藏宝地（推荐等级44~54级） pos=(147.0,288.1) d=97.8
[2026-04-26 21:58:07.432][17668][INFO] [Lua] [Leveling] startup waiting main task call before movement: Nearby button not found.
[2026-04-26 21:58:07.432][17668][INFO] [Lua] [Leveling] navigation hold | reason=startup_task_reacquire
[2026-04-26 21:58:07.432][17668][INFO] [Lua] [Leveling] heartbeat | stage=startup_task_reacquire tick=1 pos=896.60, -1582.38, 3092.00 target=nil path_points=0
[2026-04-26 21:58:07.478][17668][INFO] [Lua] [Leveling] nav worker status | paused
[2026-04-26 21:58:07.724][17668][INFO] [Lua] [Leveling] main task call begin | stage=startup_task_reacquire task=与莫琳娜交谈 detail= mode=hard_refresh queries=与莫琳娜交谈 -> 主线
[2026-04-26 21:58:08.338][17668][INFO] [Lua] [Leveling] main task panel queries missed, fallback to anchor button | stage=startup_task_reacquire task=与莫琳娜交谈 detail=
[2026-04-26 21:58:09.280][17668][INFO] [Lua] [Leveling] IsMainInterface=false but player position is available, continue leveling.
[2026-04-26 21:58:09.281][17668][INFO] [Lua] [Leveling] startup state resolve extended until main task is called.
[2026-04-26 21:58:09.281][17668][INFO] [Lua] [Leveling] main task call begin | stage=startup_task_reacquire task=与莫琳娜交谈 detail= mode=hard_refresh queries=与莫琳娜交谈 -> 主线
[2026-04-26 21:58:09.892][17668][INFO] [Lua] [Leveling] main task panel queries missed, fallback to anchor button | stage=startup_task_reacquire task=与莫琳娜交谈 detail=
[2026-04-26 21:58:10.303][17668][INFO] [Lua] [Leveling] heartbeat | stage=startup_task_reacquire tick=7 pos=896.60, -1582.38, 3092.00 target=nil path_points=0
[2026-04-26 21:58:10.338][17668][DEBUG] Task 4 (AvePointLevelingNavWorker) cleaned up
[2026-04-26 21:58:10.338][17668][DEBUG] LuaVM: State closed
[2026-04-26 21:58:10.342][17668][INFO] [Lua] [Leveling] runner stopped
[2026-04-26 21:58:10.352][17668][INFO] [Lua] [Treasure] resume snapshot cleared | reason=leveling_stop save_ok=true
[2026-04-26 21:58:10.352][17668][INFO] [Lua] AvePoint automation stopped
[2026-04-26 21:58:10.352][4620][ERROR] LuaVM DoFile failed [C:\Users\GoldGiven\Desktop\cunnei/scripts/AvePointLevelingNavWorker.lua]: ...ven\Desktop\cunnei/scripts/AvePointLevelingNavWorker.lua:327: Script execution interrupted
stack traceback:
	...ven\Desktop\cunnei/scripts/AvePointLevelingNavWorker.lua:82: in local 'share_get'
	...ven\Desktop\cunnei/scripts/AvePointLevelingNavWorker.lua:327: in main chunk
[2026-04-26 21:58:10.353][4620][ERROR] Task 5 (AvePointLevelingNavWorker) failed: ...ven\Desktop\cunnei/scripts/AvePointLevelingNavWorker.lua:327: Script execution interrupted
stack traceback:
	...ven\Desktop\cunnei/scripts/AvePointLevelingNavWorker.lua:82: in local 'share_get'
	...ven\Desktop\cunnei/scripts/AvePointLevelingNavWorker.lua:327: in main chunk
[2026-04-26 21:58:12.443][12128][DEBUG] Task 5 (AvePointLevelingNavWorker) cleaned up
[2026-04-26 21:58:12.444][12128][DEBUG] LuaVM: State closed
[2026-04-26 21:58:12.446][17668][ERROR] LuaVM DoString exec failed: scripts/avepoint/hotkey.lua:4318: Script execution interrupted
stack traceback:
	scripts/avepoint/route.lua:35: in function 'pressed_once'
	scripts/avepoint/hotkey.lua:4318: in function 'main'
	C:\Users\GoldGiven\Desktop\cunnei\scripts\AvePoint.lua:167: in main chunk
	(...tail calls...)
	C:\Users\GoldGiven\Desktop\cunnei\AvePointStandalone.lua:128: in main chunk
[2026-04-26 21:58:12.446][17668][ERROR] Task 3 (AvePointStandalone.lua) failed: scripts/avepoint/hotkey.lua:4318: Script execution interrupted
stack traceback:
	scripts/avepoint/route.lua:35: in function 'pressed_once'
	scripts/avepoint/hotkey.lua:4318: in function 'main'
	C:\Users\GoldGiven\Desktop\cunnei\scripts\AvePoint.lua:167: in main chunk
	(...tail calls...)
	C:\Users\GoldGiven\Desktop\cunnei\AvePointStandalone.lua:128: in main chunk
[2026-04-26 21:58:12.476][12128][DEBUG] Task 3 (AvePointStandalone.lua) force cleaned up
[2026-04-26 21:58:12.479][12128][DEBUG] LuaVM: State closed
[2026-04-26 21:58:46.032][17060][DEBUG] HttpClient: Response 200 OK
[2026-04-26 21:59:37.675][17060][DEBUG] HttpClient: Response 200 OK
[2026-04-26 21:59:52.041][12128][DEBUG] Task 6 (AvePointStandalone.lua) created
[2026-04-26 21:59:52.041][12128][DEBUG] LuaVM: cffi module registered
[2026-04-26 21:59:52.041][12128][DEBUG] LuaVM: LuaSocket modules registered (socket.core, mime.core)
[2026-04-26 21:59:52.042][12128][DEBUG] LuaVM: State created successfully
[2026-04-26 21:59:52.042][12128][DEBUG] ImGuiLua: Module registered as 'imgui'
[2026-04-26 21:59:52.042][12128][DEBUG] Registered all Lua API modules
[2026-04-26 21:59:52.042][18580][INFO] Task 6 (AvePointStandalone.lua) started
[2026-04-26 21:59:52.043][18580][INFO] [Lua] AvePoint standalone entry starting
[2026-04-26 21:59:52.062][18580][INFO] [Lua] Process guard starting
[2026-04-26 21:59:52.062][18580][DEBUG] DriverMode: Process protected PID=12124
[2026-04-26 21:59:52.062][18580][INFO] [Lua] Process protection enabled. PID=12124
[2026-04-26 21:59:52.062][18580][INFO] [Lua] Process guard ready
[2026-04-26 21:59:52.063][18580][INFO] [Lua] Configured avepointTaskMode=1 (刷金) in config.json
[2026-04-26 21:59:52.063][18580][INFO] [Lua] Press F5 to run 5-cycle observe flow; F6 to print current player coordinates; Insert or Ctrl+F9 or [ to start AvePoint automation; Delete or Ctrl+F10 or ] to stop (5 points, 7 random maps)
[2026-04-26 21:59:52.063][18580][INFO] [Lua] Press F12 to dump raw API controls under cursor without clicking
[2026-04-26 21:59:52.063][18580][INFO] [Lua] Press F4 to preview the configured target for 分解所有按钮 without clicking
[2026-04-26 21:59:52.063][18580][INFO] [Lua] Press F3 to dump mouse-nearby button candidates for 当前鼠标按钮定位分析
[2026-04-26 21:59:52.064][18580][INFO] [Lua] Press F10 to inspect the same uniquely matched mouse target for 鼠标按钮验证点击 without clicking
[2026-04-26 21:59:52.064][18580][INFO] [Lua] Press F11 or \ to validate-click a uniquely matched mouse target for 鼠标按钮验证点击
[2026-04-26 21:59:52.064][18580][INFO] [Lua] Press F6 to print current player coordinates
[2026-04-26 21:59:52.064][18580][INFO] [Lua] Press F7 to print current player position and nearby portals
[2026-04-26 21:59:52.064][18580][INFO] [Lua] Press F8 to print current mouse client coordinates
[2026-04-26 21:59:52.064][18580][INFO] [Lua] Press F9 to run read-only Data API diagnostics
[2026-04-26 21:59:52.065][18580][INFO] [Lua] Press Ctrl+F12 to exit
[2026-04-26 21:59:52.065][18580][INFO] [Lua] Waiting for torchlight API/game init...
[2026-04-26 21:59:52.375][18580][DEBUG] DriverMode: InitRemoteCallEx PID=13440, Deployee=0x26CFBE40300
[2026-04-26 21:59:52.375][18580][INFO] [Lua] Torch API initialized
[2026-04-26 21:59:52.376][18580][INFO] [Lua] Current pos: 1280.00, -1960.00, 3097.50
[2026-04-26 21:59:53.896][18580][INFO] [Lua] Random map seed initialized | seed=872746173 pool=7
[2026-04-26 21:59:53.902][18580][INFO] [Lua] Random map selected | cycle=1 key=mingsha_cunluo label=鸣沙村落 roll=6/7 file=C:\Users\GoldGiven\Desktop\cunnei\map\mingsha_cunluo.txt points=57 reason=start
[2026-04-26 21:59:53.902][18580][INFO] [Lua] Bag cleanup interval selected | target_runs=13 range=10..20 reason=start
[2026-04-26 21:59:53.902][18580][INFO] [Lua] Startup area check | pos=1280.00, -1960.00, 3097.50 nearest_outside=1506.00, -2421.00, 3136.09 distance=513.42 z_diff=38.59 outside=true
[2026-04-26 21:59:53.903][18580][INFO] [Lua] Outer route nearest point 1/5 distance=513.42 -> 1506.00, -2421.00
[2026-04-26 21:59:53.927][18580][DEBUG] DriverMode: ExecRemoteCall func=0x7FF7761AB710, ret=889514879184
[2026-04-26 21:59:53.927][18580][INFO] [Lua] Outer route started 1/5 -> 1506.00, -2421.00
[2026-04-26 21:59:53.928][18580][INFO] [Lua] AvePoint automation started | mode=刷金(1)
[2026-04-26 21:59:54.578][18580][DEBUG] DriverMode: ExecRemoteCall func=0x7FF7761AB710, ret=889514879184
[2026-04-26 21:59:54.580][18580][INFO] [Lua] Outer route progress 2/5 -> 1773.00, 831.00
[2026-04-26 21:59:56.102][18580][DEBUG] DriverMode: ExecRemoteCall func=0x7FF7761AB710, ret=889514879184
[2026-04-26 21:59:57.606][18580][DEBUG] DriverMode: ExecRemoteCall func=0x7FF7761AB710, ret=889514879184
[2026-04-26 21:59:59.116][18580][DEBUG] DriverMode: ExecRemoteCall func=0x7FF7761AB710, ret=889514879184
[2026-04-26 21:59:59.178][18580][DEBUG] DriverMode: ExecRemoteCall func=0x7FF7761AB710, ret=889514879184
[2026-04-26 21:59:59.178][18580][INFO] [Lua] Outer route progress 3/5 -> 4175.00, 2885.00
[2026-04-26 22:00:00.691][18580][DEBUG] DriverMode: ExecRemoteCall func=0x7FF7761AB710, ret=889514879184
[2026-04-26 22:00:02.211][18580][DEBUG] DriverMode: ExecRemoteCall func=0x7FF7761AB710, ret=889514879184
[2026-04-26 22:00:03.734][18580][DEBUG] DriverMode: ExecRemoteCall func=0x7FF7761AB710, ret=889514879184
[2026-04-26 22:00:03.735][18580][INFO] [Lua] Outer route progress 4/5 -> 4945.27, 3439.51
[2026-04-26 22:00:05.147][18580][DEBUG] DriverMode: ExecRemoteCall func=0x7FF7761AB710, ret=889514879184
[2026-04-26 22:00:05.148][18580][INFO] [Lua] Outer route progress 5/5 -> 5649.00, 4562.00
[2026-04-26 22:00:06.671][18580][DEBUG] DriverMode: ExecRemoteCall func=0x7FF7761AB710, ret=889514879184
[2026-04-26 22:00:07.047][18580][INFO] [Lua] Outer route completed
[2026-04-26 22:00:07.232][18580][DEBUG] KeyboardManager: Mode set to 1
[2026-04-26 22:00:07.341][18580][INFO] [Lua] Pressed key 0x44 | after outer route
[2026-04-26 22:00:08.173][18580][WARN] [Lua] Waiting button MysticArea ClickButton | elapsed=0ms err=Matched control not found.
[2026-04-26 22:00:10.450][18580][INFO] [Lua] Fetched button MysticArea ClickButton | candidates=2 kind=button addr=2666422511792 text= name=UIButton Transient.GameEngine.CoreGameInstance.UIMysticAreaItem_C.WidgetTree.ClickButton fullname= x=276.33633422852 y=466.49996948242 related_text=冰封寒渊 related_name=UITextBlock Transient.GameEngine.CoreGameInstance.UIMysticAreaItem_C.WidgetTree.UITextBlock related_distance=83.283281708847 hint_distance=
[2026-04-26 22:00:12.328][18580][DEBUG] DriverMode: ExecRemoteCall func=0x7FF7759C2150, ret=140700886198976
[2026-04-26 22:00:12.328][18580][INFO] [Lua] Clicked target MysticArea ClickButton | kind=button addr=2666422511792 text= name=UIButton Transient.GameEngine.CoreGameInstance.UIMysticAreaItem_C.WidgetTree.ClickButton fullname= x=276.33633422852 y=466.49996948242
[2026-04-26 22:00:13.551][18580][WARN] [Lua] Waiting button MysticMap ClickButton | elapsed=0ms err=Distance target not found [MysticMap ClickButton]. anchor_text=鸣沙村落 button_name=UIButton Transient.GameEngine.CoreGameInstance.UIMysticMapItem_C.WidgetTree.ClickButton
[2026-04-26 22:00:16.192][18580][WARN] [Lua] Waiting button MysticMap ClickButton | elapsed=2639ms err=Distance target not found [MysticMap ClickButton]. anchor_text=鸣沙村落 button_name=UIButton Transient.GameEngine.CoreGameInstance.UIMysticMapItem_C.WidgetTree.ClickButton
[2026-04-26 22:00:19.149][18580][INFO] [Lua] AvePoint debug visible controls for MysticMap ClickButton | controls=40 buttons=47 texts=40 images=2789
[2026-04-26 22:00:19.149][18580][INFO] [Lua] [Visible][1] kind="button" addr=2664315668592 text="" name="UIButton Transient.GameEngine.CoreGameInstance.MysteryArea_C.WidgetTree.CloseTipBtn" fullname="" x=0.0 y=0.0 rel1_kind="text" rel1_text="527FPS" rel1_name="UITextBlock Transient.GameEngine.CoreGameInstance.FightTextInfoView_C.WidgetTree.UITextBlock" rel1_fullname="" rel1_x=70.680000305176 rel1_y=50.569770812988 rel1_dx="70.68" rel1_dy="50.57" rel1_dist="86.91" rel2_kind="button" rel2_text="" rel2_name="UIButton Transient.GameEngine.CoreGameInstance.MysteryArea_C.WidgetTree.ResetRoundProgressImgBg" rel2_fullname="" rel2_x=0.0 rel2_y=0.0 rel2_dx="0.00" rel2_dy="0.00" rel2_dist="0.00"
[2026-04-26 22:00:19.150][18580][INFO] [Lua] [Visible][2] kind="button" addr=2664752412688 text="" name="UIButton Transient.GameEngine.CoreGameInstance.MysteryArea_C.WidgetTree.UITitleV2.WidgetTree.MoneyItemV2.WidgetTree.BtnAdd" fullname="" x=0.0 y=0.0 rel1_kind="text" rel1_text="527FPS" rel1_name="UITextBlock Transient.GameEngine.CoreGameInstance.FightTextInfoView_C.WidgetTree.UITextBlock" rel1_fullname="" rel1_x=70.680000305176 rel1_y=50.569770812988 rel1_dx="70.68" rel1_dy="50.57" rel1_dist="86.91" rel2_kind="button" rel2_text="" rel2_name="UIButton Transient.GameEngine.CoreGameInstance.MysteryArea_C.WidgetTree.ResetRoundProgressImgBg" rel2_fullname="" rel2_x=0.0 rel2_y=0.0 rel2_dx="0.00" rel2_dy="0.00" rel2_dist="0.00"
[2026-04-26 22:00:19.150][18580][INFO] [Lua] [Visible][3] kind="button" addr=2665961560528 text="" name="UIButton Transient.GameEngine.CoreGameInstance.Mystery_C.WidgetTree.UITitleV2.WidgetTree.MoneyItemV2.WidgetTree.BtnAdd" fullname="" x=0.0 y=0.0 rel1_kind="text" rel1_text="527FPS" rel1_name="UITextBlock Transient.GameEngine.CoreGameInstance.FightTextInfoView_C.WidgetTree.UITextBlock" rel1_fullname="" rel1_x=70.680000305176 rel1_y=50.569770812988 rel1_dx="70.68" rel1_dy="50.57" rel1_dist="86.91" rel2_kind="button" rel2_text="" rel2_name="UIButton Transient.GameEngine.CoreGameInstance.MysteryArea_C.WidgetTree.CloseTipBtn" rel2_fullname="" rel2_x=0.0 rel2_y=0.0 rel2_dx="0.00" rel2_dy="0.00" rel2_dist="0.00"
[2026-04-26 22:00:19.150][18580][INFO] [Lua] [Visible][4] kind="button" addr=2666126139712 text="" name="UIButton Transient.GameEngine.CoreGameInstance.MysteryArea_C.WidgetTree.UITitleV2.WidgetTree.MoneyItemV2.WidgetTree.BtnAdd" fullname="" x=0.0 y=0.0 rel1_kind="text" rel1_text="527FPS" rel1_name="UITextBlock Transient.GameEngine.CoreGameInstance.FightTextInfoView_C.WidgetTree.UITextBlock" rel1_fullname="" rel1_x=70.680000305176 rel1_y=50.569770812988 rel1_dx="70.68" rel1_dy="50.57" rel1_dist="86.91" rel2_kind="button" rel2_text="" rel2_name="UIButton Transient.GameEngine.CoreGameInstance.MysteryArea_C.WidgetTree.ResetRoundProgressImgBg" rel2_fullname="" rel2_x=0.0 rel2_y=0.0 rel2_dx="0.00" rel2_dy="0.00" rel2_dist="0.00"
[2026-04-26 22:00:19.150][18580][INFO] [Lua] [Visible][5] kind="button" addr=2666545373504 text="" name="UIButton Transient.GameEngine.CoreGameInstance.Mystery_C.WidgetTree.UITitleV2.WidgetTree.MoneyItemV2.WidgetTree.BtnAdd" fullname="" x=0.0 y=0.0 rel1_kind="text" rel1_text="527FPS" rel1_name="UITextBlock Transient.GameEngine.CoreGameInstance.FightTextInfoView_C.WidgetTree.UITextBlock" rel1_fullname="" rel1_x=70.680000305176 rel1_y=50.569770812988 rel1_dx="70.68" rel1_dy="50.57" rel1_dist="86.91" rel2_kind="button" rel2_text="" rel2_name="UIButton Transient.GameEngine.CoreGameInstance.MysteryArea_C.WidgetTree.CloseTipBtn" rel2_fullname="" rel2_x=0.0 rel2_y=0.0 rel2_dx="0.00" rel2_dy="0.00" rel2_dist="0.00"
[2026-04-26 22:00:19.151][18580][INFO] [Lua] [Visible][6] kind="button" addr=2666546684224 text="" name="UIButton Transient.GameEngine.CoreGameInstance.Mystery_C.WidgetTree.UITitleV2.WidgetTree.MoneyItemV2.WidgetTree.BtnAdd" fullname="" x=0.0 y=0.0 rel1_kind="text" rel1_text="527FPS" rel1_name="UITextBlock Transient.GameEngine.CoreGameInstance.FightTextInfoView_C.WidgetTree.UITextBlock" rel1_fullname="" rel1_x=70.680000305176 rel1_y=50.569770812988 rel1_dx="70.68" rel1_dy="50.57" rel1_dist="86.91" rel2_kind="button" rel2_text="" rel2_name="UIButton Transient.GameEngine.CoreGameInstance.MysteryArea_C.WidgetTree.CloseTipBtn" rel2_fullname="" rel2_x=0.0 rel2_y=0.0 rel2_dx="0.00" rel2_dy="0.00" rel2_dist="0.00"
[2026-04-26 22:00:19.151][18580][INFO] [Lua] [Visible][7] kind="button" addr=2666802123232 text="" name="UIButton Transient.GameEngine.CoreGameInstance.MysteryArea_C.WidgetTree.UITitleV2.WidgetTree.MoneyItemV2.WidgetTree.BtnAdd" fullname="" x=0.0 y=0.0 rel1_kind="text" rel1_text="527FPS" rel1_name="UITextBlock Transient.GameEngine.CoreGameInstance.FightTextInfoView_C.WidgetTree.UITextBlock" rel1_fullname="" rel1_x=70.680000305176 rel1_y=50.569770812988 rel1_dx="70.68" rel1_dy="50.57" rel1_dist="86.91" rel2_kind="button" rel2_text="" rel2_name="UIButton Transient.GameEngine.CoreGameInstance.MysteryArea_C.WidgetTree.ResetRoundProgressImgBg" rel2_fullname="" rel2_x=0.0 rel2_y=0.0 rel2_dx="0.00" rel2_dy="0.00" rel2_dist="0.00"
[2026-04-26 22:00:19.151][18580][INFO] [Lua] [Visible][8] kind="button" addr=2666956341632 text="" name="UIButton Transient.GameEngine.CoreGameInstance.FastEntranceView_C.WidgetTree.UIButton" fullname="" x=0.0 y=0.0 rel1_kind="text" rel1_text="527FPS" rel1_name="UITextBlock Transient.GameEngine.CoreGameInstance.FightTextInfoView_C.WidgetTree.UITextBlock" rel1_fullname="" rel1_x=70.680000305176 rel1_y=50.569770812988 rel1_dx="70.68" rel1_dy="50.57" rel1_dist="86.91" rel2_kind="button" rel2_text="" rel2_name="UIButton Transient.GameEngine.CoreGameInstance.MysteryArea_C.WidgetTree.CloseTipBtn" rel2_fullname="" rel2_x=0.0 rel2_y=0.0 rel2_dx="0.00" rel2_dy="0.00" rel2_dist="0.00"
[2026-04-26 22:00:19.152][18580][INFO] [Lua] [Visible][9] kind="button" addr=2667244296656 text="" name="UIButton Transient.GameEngine.CoreGameInstance.MysteryArea_C.WidgetTree.ResetRoundProgressImgBg" fullname="" x=0.0 y=0.0 rel1_kind="text" rel1_text="527FPS" rel1_name="UITextBlock Transient.GameEngine.CoreGameInstance.FightTextInfoView_C.WidgetTree.UITextBlock" rel1_fullname="" rel1_x=70.680000305176 rel1_y=50.569770812988 rel1_dx="70.68" rel1_dy="50.57" rel1_dist="86.91" rel2_kind="button" rel2_text="" rel2_name="UIButton Transient.GameEngine.CoreGameInstance.MysteryArea_C.WidgetTree.CloseTipBtn" rel2_fullname="" rel2_x=0.0 rel2_y=0.0 rel2_dx="0.00" rel2_dy="0.00" rel2_dist="0.00"
[2026-04-26 22:00:19.152][18580][INFO] [Lua] [Visible][10] kind="button" addr=2667282556976 text="" name="UIButton Transient.GameEngine.CoreGameInstance.UIMysticMapItem_C.WidgetTree.MysteryCardView.WidgetTree.ClickBtn" fullname="" x=0.0 y=0.0 rel1_kind="text" rel1_text="527FPS" rel1_name="UITextBlock Transient.GameEngine.CoreGameInstance.FightTextInfoView_C.WidgetTree.UITextBlock" rel1_fullname="" rel1_x=70.680000305176 rel1_y=50.569770812988 rel1_dx="70.68" rel1_dy="50.57" rel1_dist="86.91" rel2_kind="button" rel2_text="" rel2_name="UIButton Transient.GameEngine.CoreGameInstance.MysteryArea_C.WidgetTree.ResetRoundProgressImgBg" rel2_fullname="" rel2_x=0.0 rel2_y=0.0 rel2_dx="0.00" rel2_dy="0.00" rel2_dist="0.00"
[2026-04-26 22:00:19.152][18580][INFO] [Lua] [Visible][11] kind="button" addr=2667289580000 text="" name="UIButton Transient.GameEngine.CoreGameInstance.FastEntranceView_C.WidgetTree.AddPointPanelItem.WidgetTree.BlankCoverBtn" fullname="" x=0.0 y=0.0 rel1_kind="text" rel1_text="527FPS" rel1_name="UITextBlock Transient.GameEngine.CoreGameInstance.FightTextInfoView_C.WidgetTree.UITextBlock" rel1_fullname="" rel1_x=70.680000305176 rel1_y=50.569770812988 rel1_dx="70.68" rel1_dy="50.57" rel1_dist="86.91" rel2_kind="button" rel2_text="" rel2_name="UIButton Transient.GameEngine.CoreGameInstance.MysteryArea_C.WidgetTree.CloseTipBtn" rel2_fullname="" rel2_x=0.0 rel2_y=0.0 rel2_dx="0.00" rel2_dy="0.00" rel2_dist="0.00"
[2026-04-26 22:00:19.152][18580][INFO] [Lua] [Visible][12] kind="button" addr=2667292631232 text="" name="UIButton Transient.GameEngine.CoreGameInstance.MysteryArea_C.WidgetTree.MysteryPlayEndItem.WidgetTree.IgnoreBtn" fullname="" x=0.0 y=0.0 rel1_kind="text" rel1_text="527FPS" rel1_name="UITextBlock Transient.GameEngine.CoreGameInstance.FightTextInfoView_C.WidgetTree.UITextBlock" rel1_fullname="" rel1_x=70.680000305176 rel1_y=50.569770812988 rel1_dx="70.68" rel1_dy="50.57" rel1_dist="86.91" rel2_kind="button" rel2_text="" rel2_name="UIButton Transient.GameEngine.CoreGameInstance.MysteryArea_C.WidgetTree.ResetRoundProgressImgBg" rel2_fullname="" rel2_x=0.0 rel2_y=0.0 rel2_dx="0.00" rel2_dy="0.00" rel2_dist="0.00"
[2026-04-26 22:00:19.152][18580][INFO] [Lua] [Visible][13] kind="button" addr=2667803025600 text="" name="UIButton Transient.GameEngine.CoreGameInstance.MysteryArea_C.WidgetTree.MysteryCardTipItem.WidgetTree.ClickBtn" fullname="" x=0.0 y=0.0 rel1_kind="text" rel1_text="527FPS" rel1_name="UITextBlock Transient.GameEngine.CoreGameInstance.FightTextInfoView_C.WidgetTree.UITextBlock" rel1_fullname="" rel1_x=70.680000305176 rel1_y=50.569770812988 rel1_dx="70.68" rel1_dy="50.57" rel1_dist="86.91" rel2_kind="button" rel2_text="" rel2_name="UIButton Transient.GameEngine.CoreGameInstance.MysteryArea_C.WidgetTree.ResetRoundProgressImgBg" rel2_fullname="" rel2_x=0.0 rel2_y=0.0 rel2_dx="0.00" rel2_dy="0.00" rel2_dist="0.00"
[2026-04-26 22:00:19.153][18580][INFO] [Lua] [Visible][14] kind="button" addr=2666956378208 text="" name="UIButton Transient.GameEngine.CoreGameInstance.FastEntranceView_C.WidgetTree.BagBtn" fullname="" x=1366.0596923828 y=38.581802368164 rel1_kind="text" rel1_text="18/18" rel1_name="UITextBlock Transient.GameEngine.CoreGameInstance.MysteryTalentResourceItem_C.WidgetTree.UITextBlock" rel1_fullname="" rel1_x=1353.1252441406 rel1_y=50.520000457764 rel1_dx="-12.93" rel1_dy="11.94" rel1_dist="17.60" rel2_kind="text" rel2_text="92/92" rel2_name="UITextBlock Transient.GameEngine.CoreGameInstance.MysteryTalentResourceItem_C.WidgetTree.UITextBlock" rel2_fullname="" rel2_x=1351.1251220703 rel2_y=50.520000457764 rel2_dx="-14.93" rel2_dy="11.94" rel2_dist="19.12"
[2026-04-26 22:00:19.153][18580][INFO] [Lua] [Visible][15] kind="button" addr=2667934923152 text="" name="UIButton Transient.GameEngine.CoreGameInstance.Mystery_C.WidgetTree.CloseTipBtn" fullname="" x=39.0 y=39.0 rel1_kind="text" rel1_text="527FPS" rel1_name="UITextBlock Transient.GameEngine.CoreGameInstance.FightTextInfoView_C.WidgetTree.UITextBlock" rel1_fullname="" rel1_x=70.680000305176 rel1_y=50.569770812988 rel1_dx="31.68" rel1_dy="11.57" rel1_dist="33.73" rel2_kind="text" rel2_text="27ms" rel2_name="UITextBlock Transient.GameEngine.CoreGameInstance.FightTextInfoView_C.WidgetTree.UITextBlock" rel2_fullname="" rel2_x=107.19999694824 rel2_y=50.569770812988 rel2_dx="68.20" rel2_dy="11.57" rel2_dist="69.17"
[2026-04-26 22:00:19.153][18580][INFO] [Lua] [Visible][16] kind="button" addr=2667911352544 text="" name="UIButton Transient.GameEngine.CoreGameInstance.Mystery_C.WidgetTree.UITitleV2.WidgetTree.BtnHelp" fullname="" x=151.23999023438 y=39.0 rel1_kind="text" rel1_text="异界" rel1_name="UITextBlock Transient.GameEngine.CoreGameInstance.MysteryArea_C.WidgetTree.UITitleV2.WidgetTree.UITextBlock" rel1_fullname="" rel1_x=113.51999664307 rel1_y=49.799999237061 rel1_dx="-37.72" rel1_dy="10.80" rel1_dist="39.24" rel2_kind="text" rel2_text="27ms" rel2_name="UITextBlock Transient.GameEngine.CoreGameInstance.FightTextInfoView_C.WidgetTree.UITextBlock" rel2_fullname="" rel2_x=107.19999694824 rel2_y=50.569770812988 rel2_dx="-44.04" rel2_dy="11.57" rel2_dist="45.53"
[2026-04-26 22:00:19.153][18580][INFO] [Lua] [Visible][17] kind="button" addr=2667879531008 text="" name="UIButton Transient.GameEngine.CoreGameInstance.Mystery_C.WidgetTree.UITitleV2.WidgetTree.BtnBack" fullname="" x=1421.4000244141 y=39.0 rel1_kind="text" rel1_text="18/18" rel1_name="UITextBlock Transient.GameEngine.CoreGameInstance.MysteryTalentResourceItem_C.WidgetTree.UITextBlock" rel1_fullname="" rel1_x=1353.1252441406 rel1_y=50.520000457764 rel1_dx="-68.27" rel1_dy="11.52" rel1_dist="69.24" rel2_kind="text" rel2_text="92/92" rel2_name="UITextBlock Transient.GameEngine.CoreGameInstance.MysteryTalentResourceItem_C.WidgetTree.UITextBlock" rel2_fullname="" rel2_x=1351.1251220703 rel2_y=50.520000457764 rel2_dx="-70.27" rel2_dy="11.52" rel2_dist="71.21"
[2026-04-26 22:00:19.154][18580][INFO] [Lua] [Visible][18] kind="button" addr=2664058395088 text="" name="UIButton Transient.GameEngine.CoreGameInstance.HomeFreeBtnItem_C.WidgetTree.EntryButton" fullname="" x=1264.1765136719 y=39.633728027344 rel1_kind="text" rel1_text="0/4" rel1_name="UITextBlock Transient.GameEngine.CoreGameInstance.MysteryTalentResourceItem_C.WidgetTree.UITextBlock" rel1_fullname="" rel1_x=1246.9636230469 rel1_y=50.520000457764 rel1_dx="-17.21" rel1_dy="10.89" rel1_dist="20.37" rel2_kind="text" rel2_text="92/92" rel2_name="UITextBlock Transient.GameEngine.CoreGameInstance.MysteryTalentResourceItem_C.WidgetTree.UITextBlock" rel2_fullname="" rel2_x=1351.1251220703 rel2_y=50.520000457764 rel2_dx="86.95" rel2_dy="10.89" rel2_dist="87.63"
[2026-04-26 22:00:19.154][18580][INFO] [Lua] [Visible][19] kind="button" addr=2664058388992 text="" name="UIButton Transient.GameEngine.CoreGameInstance.HomeFreeBtnItem_C.WidgetTree.EntryButton" fullname="" x=1316.0164794922 y=39.633728027344 rel1_kind="text" rel1_text="92/92" rel1_name="UITextBlock Transient.GameEngine.CoreGameInstance.MysteryTalentResourceItem_C.WidgetTree.UITextBlock" rel1_fullname="" rel1_x=1351.1251220703 rel1_y=50.520000457764 rel1_dx="35.11" rel1_dy="10.89" rel1_dist="36.76" rel2_kind="text" rel2_text="18/18" rel2_name="UITextBlock Transient.GameEngine.CoreGameInstance.MysteryTalentResourceItem_C.WidgetTree.UITextBlock" rel2_fullname="" rel2_x=1353.1252441406 rel2_y=50.520000457764 rel2_dx="37.11" rel2_dy="10.89" rel2_dist="38.67"
[2026-04-26 22:00:19.154][18580][INFO] [Lua] [Visible][20] kind="button" addr=2666956343664 text="" name="UIButton Transient.GameEngine.CoreGameInstance.FastEntranceView_C.WidgetTree.IconTlBtn" fullname="" x=1420.4165039062 y=39.633728027344 rel1_kind="text" rel1_text="18/18" rel1_name="UITextBlock Transient.GameEngine.CoreGameInstance.MysteryTalentResourceItem_C.WidgetTree.UITextBlock" rel1_fullname="" rel1_x=1353.1252441406 rel1_y=50.520000457764 rel1_dx="-67.29" rel1_dy="10.89" rel1_dist="68.17" rel2_kind="text" rel2_text="92/92" rel2_name="UITextBlock Transient.GameEngine.CoreGameInstance.MysteryTalentResourceItem_C.WidgetTree.UITextBlock" rel2_fullname="" rel2_x=1351.1251220703 rel2_y=50.520000457764 rel2_dx="-69.29" rel2_dy="10.89" rel2_dist="70.14"
[2026-04-26 22:00:19.154][18580][INFO] [Lua] [Visible][21] kind="button" addr=2667244691904 text="" name="UIButton Transient.GameEngine.CoreGameInstance.MysteryTalentResourceItem_C.WidgetTree.Btn" fullname="" x=1199.0784912109 y=47.819999694824 rel1_kind="text" rel1_text="0/4" rel1_name="UITextBlock Transient.GameEngine.CoreGameInstance.MysteryTalentResourceItem_C.WidgetTree.UITextBlock" rel1_fullname="" rel1_x=1246.9636230469 rel1_y=50.520000457764 rel1_dx="47.89" rel1_dy="2.70" rel1_dist="47.96" rel2_kind="text" rel2_text="92/92" rel2_name="UITextBlock Transient.GameEngine.CoreGameInstance.MysteryTalentResourceItem_C.WidgetTree.UITextBlock" rel2_fullname="" rel2_x=1351.1251220703 rel2_y=50.520000457764 rel2_dx="152.05" rel2_dy="2.70" rel2_dist="152.07"
[2026-04-26 22:00:19.154][18580][INFO] [Lua] [Visible][22] kind="button" addr=2667244706128 text="" name="UIButton Transient.GameEngine.CoreGameInstance.MysteryTalentResourceItem_C.WidgetTree.Btn" fullname="" x=1311.2399902344 y=47.819999694824 rel1_kind="text" rel1_text="92/92" rel1_name="UITextBlock Transient.GameEngine.CoreGameInstance.MysteryTalentResourceItem_C.WidgetTree.UITextBlock" rel1_fullname="" rel1_x=1351.1251220703 rel1_y=50.520000457764 rel1_dx="39.89" rel1_dy="2.70" rel1_dist="39.98" rel2_kind="text" rel2_text="18/18" rel2_name="UITextBlock Transient.GameEngine.CoreGameInstance.MysteryTalentResourceItem_C.WidgetTree.UITextBlock" rel2_fullname="" rel2_x=1353.1252441406 rel2_y=50.520000457764 rel2_dx="41.89" rel2_dy="2.70" rel2_dist="41.97"
[2026-04-26 22:00:19.155][18580][INFO] [Lua] [Visible][23] kind="text" addr=2667284548096 text="异界" name="UITextBlock Transient.GameEngine.CoreGameInstance.MysteryArea_C.WidgetTree.UITitleV2.WidgetTree.UITextBlock" fullname="" x=113.51999664307 y=49.799999237061 rel1_kind="text" rel1_text="27ms" rel1_name="UITextBlock Transient.GameEngine.CoreGameInstance.FightTextInfoView_C.WidgetTree.UITextBlock" rel1_fullname="" rel1_x=107.19999694824 rel1_y=50.569770812988 rel1_dx="-6.32" rel1_dy="0.77" rel1_dist="6.37" rel2_kind="text" rel2_text="527FPS" rel2_name="UITextBlock Transient.GameEngine.CoreGameInstance.FightTextInfoView_C.WidgetTree.UITextBlock" rel2_fullname="" rel2_x=70.680000305176 rel2_y=50.569770812988 rel2_dx="-42.84" rel2_dy="0.77" rel2_dist="42.85"
[2026-04-26 22:00:19.155][18580][INFO] [Lua] [Visible][24] kind="text" addr=2667106250624 text="0/4" name="UITextBlock Transient.GameEngine.CoreGameInstance.MysteryTalentResourceItem_C.WidgetTree.UITextBlock" fullname="" x=1246.9636230469 y=50.520000457764 rel1_kind="button" rel1_text="" rel1_name="UIButton Transient.GameEngine.CoreGameInstance.HomeFreeBtnItem_C.WidgetTree.EntryButton" rel1_fullname="" rel1_x=1264.1765136719 rel1_y=39.633728027344 rel1_dx="17.21" rel1_dy="-10.89" rel1_dist="20.37" rel2_kind="button" rel2_text="" rel2_name="UIButton Transient.GameEngine.CoreGameInstance.MysteryTalentResourceItem_C.WidgetTree.Btn" rel2_fullname="" rel2_x=1199.0784912109 rel2_y=47.819999694824 rel2_dx="-47.89" rel2_dy="-2.70" rel2_dist="47.96"
[2026-04-26 22:00:19.155][18580][INFO] [Lua] [Visible][25] kind="text" addr=2667106248832 text="92/92" name="UITextBlock Transient.GameEngine.CoreGameInstance.MysteryTalentResourceItem_C.WidgetTree.UITextBlock" fullname="" x=1351.1251220703 y=50.520000457764 rel1_kind="text" rel1_text="18/18" rel1_name="UITextBlock Transient.GameEngine.CoreGameInstance.MysteryTalentResourceItem_C.WidgetTree.UITextBlock" rel1_fullname="" rel1_x=1353.1252441406 rel1_y=50.520000457764 rel1_dx="2.00" rel1_dy="0.00" rel1_dist="2.00" rel2_kind="button" rel2_text="" rel2_name="UIButton Transient.GameEngine.CoreGameInstance.FastEntranceView_C.WidgetTree.BagBtn" rel2_fullname="" rel2_x=1366.0596923828 rel2_y=38.581802368164 rel2_dx="14.93" rel2_dy="-11.94" rel2_dist="19.12"
[2026-04-26 22:00:19.155][18580][INFO] [Lua] [Visible][26] kind="text" addr=2667299946368 text="18/18" name="UITextBlock Transient.GameEngine.CoreGameInstance.MysteryTalentResourceItem_C.WidgetTree.UITextBlock" fullname="" x=1353.1252441406 y=50.520000457764 rel1_kind="text" rel1_text="92/92" rel1_name="UITextBlock Transient.GameEngine.CoreGameInstance.MysteryTalentResourceItem_C.WidgetTree.UITextBlock" rel1_fullname="" rel1_x=1351.1251220703 rel1_y=50.520000457764 rel1_dx="-2.00" rel1_dy="0.00" rel1_dist="2.00" rel2_kind="button" rel2_text="" rel2_name="UIButton Transient.GameEngine.CoreGameInstance.FastEntranceView_C.WidgetTree.BagBtn" rel2_fullname="" rel2_x=1366.0596923828 rel2_y=38.581802368164 rel2_dx="12.93" rel2_dy="-11.94" rel2_dist="17.60"
[2026-04-26 22:00:19.155][18580][INFO] [Lua] [Visible][27] kind="text" addr=2667899484032 text="527FPS" name="UITextBlock Transient.GameEngine.CoreGameInstance.FightTextInfoView_C.WidgetTree.UITextBlock" fullname="" x=70.680000305176 y=50.569770812988 rel1_kind="text" rel1_text="27ms" rel1_name="UITextBlock Transient.GameEngine.CoreGameInstance.FightTextInfoView_C.WidgetTree.UITextBlock" rel1_fullname="" rel1_x=107.19999694824 rel1_y=50.569770812988 rel1_dx="36.52" rel1_dy="0.00" rel1_dist="36.52" rel2_kind="text" rel2_text="异界" rel2_name="UITextBlock Transient.GameEngine.CoreGameInstance.MysteryArea_C.WidgetTree.UITitleV2.WidgetTree.UITextBlock" rel2_fullname="" rel2_x=113.51999664307 rel2_y=49.799999237061 rel2_dx="42.84" rel2_dy="-0.77" rel2_dist="42.85"
[2026-04-26 22:00:19.156][18580][INFO] [Lua] [Visible][28] kind="text" addr=2667899459840 text="27ms" name="UITextBlock Transient.GameEngine.CoreGameInstance.FightTextInfoView_C.WidgetTree.UITextBlock" fullname="" x=107.19999694824 y=50.569770812988 rel1_kind="text" rel1_text="异界" rel1_name="UITextBlock Transient.GameEngine.CoreGameInstance.MysteryArea_C.WidgetTree.UITitleV2.WidgetTree.UITextBlock" rel1_fullname="" rel1_x=113.51999664307 rel1_y=49.799999237061 rel1_dx="6.32" rel1_dy="-0.77" rel1_dist="6.37" rel2_kind="text" rel2_text="527FPS" rel2_name="UITextBlock Transient.GameEngine.CoreGameInstance.FightTextInfoView_C.WidgetTree.UITextBlock" rel2_fullname="" rel2_x=70.680000305176 rel2_y=50.569770812988 rel2_dx="-36.52" rel2_dy="0.00" rel2_dist="36.52"
[2026-04-26 22:00:19.156][18580][INFO] [Lua] [Visible][29] kind="button" addr=2667868459488 text="" name="UIButton Transient.GameEngine.CoreGameInstance.FightBuffView_C.WidgetTree.BuffDurationItem.WidgetTree.UnFoldBtn" fullname="" x=388.11358642578 y=54.119998931885 rel1_kind="text" rel1_text="0" rel1_name="UITextBlock Transient.GameEngine.CoreGameInstance.UIBuffDurationItem_C.WidgetTree.UITextBlock" rel1_fullname="" rel1_x=280.53359985352 rel1_y=63.659999847412 rel1_dx="-107.58" rel1_dy="9.54" rel1_dist="108.00" rel2_kind="button" rel2_text="" rel2_name="UIButton Transient.GameEngine.CoreGameInstance.UIMysticAreaItem_C.WidgetTree.ClickButton" rel2_fullname="" rel2_x=440.58630371094 rel2_y=221.36248779297 rel2_dx="52.47" rel2_dy="167.24" rel2_dist="175.28"
[2026-04-26 22:00:19.156][18580][INFO] [Lua] [Visible][30] kind="text" addr=2666771817728 text="0" name="UITextBlock Transient.GameEngine.CoreGameInstance.UIBuffDurationItem_C.WidgetTree.UITextBlock" fullname="" x=280.53359985352 y=63.659999847412 rel1_kind="button" rel1_text="" rel1_name="UIButton Transient.GameEngine.CoreGameInstance.FightBuffView_C.WidgetTree.BuffDurationItem.WidgetTree.UnFoldBtn" rel1_fullname="" rel1_x=388.11358642578 rel1_y=54.119998931885 rel1_dx="107.58" rel1_dy="-9.54" rel1_dist="108.00" rel2_kind="text" rel2_text="异界" rel2_name="UITextBlock Transient.GameEngine.CoreGameInstance.MysteryArea_C.WidgetTree.UITitleV2.WidgetTree.UITextBlock" rel2_fullname="" rel2_x=113.51999664307 rel2_y=49.799999237061 rel2_dx="-167.01" rel2_dy="-13.86" rel2_dist="167.59"
[2026-04-26 22:00:19.156][18580][INFO] [Lua] [Visible][31] kind="button" addr=2667872157952 text="" name="UIButton Transient.GameEngine.CoreGameInstance.MiniMap_C.WidgetTree.TouchBtn" fullname="" x=59.159999847412 y=64.199996948242 rel1_kind="text" rel1_text="527FPS" rel1_name="UITextBlock Transient.GameEngine.CoreGameInstance.FightTextInfoView_C.WidgetTree.UITextBlock" rel1_fullname="" rel1_x=70.680000305176 rel1_y=50.569770812988 rel1_dx="11.52" rel1_dy="-13.63" rel1_dist="17.85" rel2_kind="text" rel2_text="27ms" rel2_name="UITextBlock Transient.GameEngine.CoreGameInstance.FightTextInfoView_C.WidgetTree.UITextBlock" rel2_fullname="" rel2_x=107.19999694824 rel2_y=50.569770812988 rel2_dx="48.04" rel2_dy="-13.63" rel2_dist="49.94"
[2026-04-26 22:00:19.157][18580][INFO] [Lua] [Visible][32] kind="button" addr=2667937751360 text="" name="UIButton Transient.GameEngine.CoreGameInstance.Mystery_C.WidgetTree.MysteryTalenEntrance.WidgetTree.Btn" fullname="" x=1364.2607421875 y=90.29280090332 rel1_kind="text" rel1_text="18/18" rel1_name="UITextBlock Transient.GameEngine.CoreGameInstance.MysteryTalentResourceItem_C.WidgetTree.UITextBlock" rel1_fullname="" rel1_x=1353.1252441406 rel1_y=50.520000457764 rel1_dx="-11.14" rel1_dy="-39.77" rel1_dist="41.30" rel2_kind="text" rel2_text="92/92" rel2_name="UITextBlock Transient.GameEngine.CoreGameInstance.MysteryTalentResourceItem_C.WidgetTree.UITextBlock" rel2_fullname="" rel2_x=1351.1251220703 rel2_y=50.520000457764 rel2_dx="-13.14" rel2_dy="-39.77" rel2_dist="41.89"
[2026-04-26 22:00:19.157][18580][INFO] [Lua] [Visible][33] kind="button" addr=2666390841648 text="" name="UIButton Transient.GameEngine.CoreGameInstance.HomeFreeBtnItem_C.WidgetTree.EntryButton" fullname="" x=1368.1553955078 y=91.889068603516 rel1_kind="text" rel1_text="18/18" rel1_name="UITextBlock Transient.GameEngine.CoreGameInstance.MysteryTalentResourceItem_C.WidgetTree.UITextBlock" rel1_fullname="" rel1_x=1353.1252441406 rel1_y=50.520000457764 rel1_dx="-15.03" rel1_dy="-41.37" rel1_dist="44.01" rel2_kind="text" rel2_text="92" rel2_name="UITextBlock Transient.GameEngine.CoreGameInstance.MysteryArea_C.WidgetTree.MysteryTalenEntrance.WidgetTree.Num" rel2_fullname="" rel2_x=1382.2320556641 rel2_y=133.83839416504 rel2_dx="14.08" rel2_dy="41.95" rel2_dist="44.25"
[2026-04-26 22:00:19.157][18580][INFO] [Lua] [Visible][34] kind="button" addr=2664058393056 text="" name="UIButton Transient.GameEngine.CoreGameInstance.HomeFreeBtnItem_C.WidgetTree.EntryButton" fullname="" x=1419.9953613281 y=91.889068603516 rel1_kind="text" rel1_text="92" rel1_name="UITextBlock Transient.GameEngine.CoreGameInstance.MysteryArea_C.WidgetTree.MysteryTalenEntrance.WidgetTree.Num" rel1_fullname="" rel1_x=1382.2320556641 rel1_y=133.83839416504 rel1_dx="-37.76" rel1_dy="41.95" rel1_dist="56.44" rel2_kind="text" rel2_text="18/18" rel2_name="UITextBlock Transient.GameEngine.CoreGameInstance.MysteryTalentResourceItem_C.WidgetTree.UITextBlock" rel2_fullname="" rel2_x=1353.1252441406 rel2_y=50.520000457764 rel2_dx="-66.87" rel2_dy="-41.37" rel2_dist="78.63"
[2026-04-26 22:00:19.157][18580][INFO] [Lua] [Visible][35] kind="text" addr=2666875958912 text="避难所-余烬之息" name="UITextBlock Transient.GameEngine.CoreGameInstance.FightSceneNameView_C.WidgetTree.UITextBlock" fullname="" x=646.38000488281 y=96.099594116211
[2026-04-26 22:00:19.157][18580][INFO] [Lua] [Visible][36] kind="text" addr=2667282616064 text="92" name="UITextBlock Transient.GameEngine.CoreGameInstance.MysteryArea_C.WidgetTree.MysteryTalenEntrance.WidgetTree.Num" fullname="" x=1382.2320556641 y=133.83839416504 rel1_kind="text" rel1_text="18/18" rel1_name="UITextBlock Transient.GameEngine.CoreGameInstance.MysteryTalentResourceItem_C.WidgetTree.UITextBlock" rel1_fullname="" rel1_x=1353.1252441406 rel1_y=50.520000457764 rel1_dx="-29.11" rel1_dy="-83.32" rel1_dist="88.26" rel2_kind="text" rel2_text="92/92" rel2_name="UITextBlock Transient.GameEngine.CoreGameInstance.MysteryTalentResourceItem_C.WidgetTree.UITextBlock" rel2_fullname="" rel2_x=1351.1251220703 rel2_y=50.520000457764 rel2_dx="-31.11" rel2_dy="-83.32" rel2_dist="88.94"
[2026-04-26 22:00:19.158][18580][INFO] [Lua] [Visible][37] kind="button" addr=2664790268112 text="" name="UIButton Transient.GameEngine.CoreGameInstance.FightTaskListView_C.WidgetTree.BtnTask" fullname="" x=51.779998779297 y=212.16000366211 rel1_kind="button" rel1_text="" rel1_name="UIButton Transient.GameEngine.CoreGameInstance.FightTaskListView_C.WidgetTree.FlodBtn" rel1_fullname="" rel1_x=66.0 rel1_y=268.67999267578 rel1_dx="14.22" rel1_dy="56.52" rel1_dist="58.28" rel2_kind="text" rel2_text="527FPS" rel2_name="UITextBlock Transient.GameEngine.CoreGameInstance.FightTextInfoView_C.WidgetTree.UITextBlock" rel2_fullname="" rel2_x=70.680000305176 rel2_y=50.569770812988 rel2_dx="18.90" rel2_dy="-161.59" rel2_dist="162.69"
[2026-04-26 22:00:19.158][18580][INFO] [Lua] [Visible][38] kind="button" addr=2667878039936 text="" name="UIButton Transient.GameEngine.CoreGameInstance.UIMysticAreaItem_C.WidgetTree.ClickButton" fullname="" x=440.58630371094 y=221.36248779297 rel1_kind="text" rel1_text="沸涌炎海" rel1_name="UITextBlock Transient.GameEngine.CoreGameInstance.UIMysticAreaItem_C.WidgetTree.UITextBlock" rel1_fullname="" rel1_x=491.03750610352 rel1_y=287.62545776367 rel1_dx="50.45" rel1_dy="66.26" rel1_dist="83.28" rel2_kind="button" rel2_text="" rel2_name="UIButton Transient.GameEngine.CoreGameInstance.FightBuffView_C.WidgetTree.BuffDurationItem.WidgetTree.UnFoldBtn" rel2_fullname="" rel2_x=388.11358642578 rel2_y=54.119998931885 rel2_dx="-52.47" rel2_dy="-167.24" rel2_dist="175.28"
[2026-04-26 22:00:19.158][18580][INFO] [Lua] [Visible][39] kind="button" addr=2664790235600 text="" name="UIButton Transient.GameEngine.CoreGameInstance.FightTaskListView_C.WidgetTree.FlodBtn" fullname="" x=66.0 y=268.67999267578 rel1_kind="button" rel1_text="" rel1_name="UIButton Transient.GameEngine.CoreGameInstance.FightTaskListView_C.WidgetTree.BtnTeam" rel1_fullname="" rel1_x=51.779998779297 rel1_y=297.47998046875 rel1_dx="-14.22" rel1_dy="28.80" rel1_dist="32.12" rel2_kind="button" rel2_text="" rel2_name="UIButton Transient.GameEngine.CoreGameInstance.FightTaskListView_C.WidgetTree.BtnTask" rel2_fullname="" rel2_x=51.779998779297 rel2_y=212.16000366211 rel2_dx="-14.22" rel2_dy="-56.52" rel2_dist="58.28"
[2026-04-26 22:00:19.158][18580][INFO] [Lua] [Visible][40] kind="text" addr=2667413592960 text="沸涌炎海" name="UITextBlock Transient.GameEngine.CoreGameInstance.UIMysticAreaItem_C.WidgetTree.UITextBlock" fullname="" x=491.03750610352 y=287.62545776367 rel1_kind="button" rel1_text="" rel1_name="UIButton Transient.GameEngine.CoreGameInstance.UIMysticAreaItem_C.WidgetTree.ClickButton" rel1_fullname="" rel1_x=440.58630371094 rel1_y=221.36248779297 rel1_dx="-50.45" rel1_dy="-66.26" rel1_dist="83.28" rel2_kind="text" rel2_text="冰封寒渊监视者" rel2_name="UITextBlock Transient.GameEngine.CoreGameInstance.UIMysticMapItem_C.WidgetTree.UITextBlock" rel2_fullname="" rel2_x=523.3759765625 rel2_y=459.35678100586 rel2_dx="32.34" rel2_dy="171.73" rel2_dist="174.75"
[2026-04-26 22:00:19.158][18580][WARN] [Lua] Waiting button MysticMap ClickButton | elapsed=5255ms err=Distance target not found [MysticMap ClickButton]. anchor_text=鸣沙村落 button_name=UIButton Transient.GameEngine.CoreGameInstance.UIMysticMapItem_C.WidgetTree.ClickButton
[2026-04-26 22:00:20.877][18580][WARN] [Lua] Waiting button MysticMap ClickButton | elapsed=7346ms err=Distance target not found [MysticMap ClickButton]. anchor_text=鸣沙村落 button_name=UIButton Transient.GameEngine.CoreGameInstance.UIMysticMapItem_C.WidgetTree.ClickButton
[2026-04-26 22:00:23.476][18580][WARN] [Lua] Waiting button MysticMap ClickButton | elapsed=9935ms err=Distance target not found [MysticMap ClickButton]. anchor_text=鸣沙村落 button_name=UIButton Transient.GameEngine.CoreGameInstance.UIMysticMapItem_C.WidgetTree.ClickButton
[2026-04-26 22:00:26.072][18580][WARN] [Lua] Waiting button MysticMap ClickButton | elapsed=12539ms err=Distance target not found [MysticMap ClickButton]. anchor_text=鸣沙村落 button_name=UIButton Transient.GameEngine.CoreGameInstance.UIMysticMapItem_C.WidgetTree.ClickButton
[2026-04-26 22:00:26.945][18580][INFO] [Lua] Fetched button MysticMap ClickButton | anchor_mode=text_distance kind=button addr=2664943749360 text= name=UIButton Transient.GameEngine.CoreGameInstance.UIMysticMapItem_C.WidgetTree.ClickButton fullname= x=561.91430664062 y=611.89440917969 related_text=鸣沙村落 related_name=UITextBlock Transient.GameEngine.CoreGameInstance.UIMysticMapItem_C.WidgetTree.UITextBlock related_distance=114.4532173519 expected=(114.350, 114.550)
[2026-04-26 22:00:29.229][18580][DEBUG] DriverMode: ExecRemoteCall func=0x7FF7759C2150, ret=140700886198976
[2026-04-26 22:00:29.229][18580][INFO] [Lua] Clicked target MysticMap ClickButton | kind=button addr=2664943749360 text= name=UIButton Transient.GameEngine.CoreGameInstance.UIMysticMapItem_C.WidgetTree.ClickButton fullname= x=561.91430664062 y=611.89440917969
[2026-04-26 22:00:29.242][17060][DEBUG] HttpClient: Response 200 OK
[2026-04-26 22:00:30.265][18580][INFO] [Lua] Fetched button MysteryMapDetail OpenBtn | candidates=1 kind=button addr=2664943753424 text= name=UIButton Transient.GameEngine.CoreGameInstance.MysteryMapDetail_C.WidgetTree.OpenBtn fullname= x=1299.4547119141 y=863.1865234375 related_text= related_name= related_distance= hint_distance=
[2026-04-26 22:00:32.257][18580][DEBUG] DriverMode: ExecRemoteCall func=0x7FF7759C2150, ret=140700886198976
[2026-04-26 22:00:32.257][18580][INFO] [Lua] Clicked target MysteryMapDetail OpenBtn | kind=button addr=2664943753424 text= name=UIButton Transient.GameEngine.CoreGameInstance.MysteryMapDetail_C.WidgetTree.OpenBtn fullname= x=1299.4547119141 y=863.1865234375
[2026-04-26 22:00:33.592][18580][WARN] [Lua] Waiting button MysteryMapDetail OpenBtn Final | elapsed=0ms err=Matched control not found.
[2026-04-26 22:00:36.304][18580][WARN] [Lua] Waiting button MysteryMapDetail OpenBtn Final | elapsed=2712ms err=Matched control not found.
[2026-04-26 22:00:39.416][18580][INFO] [Lua] AvePoint debug visible controls for MysteryMapDetail OpenBtn Final | controls=40 buttons=80 texts=51 images=3111
[2026-04-26 22:00:39.416][18580][INFO] [Lua] [Visible][1] kind="button" addr=2664058449952 text="" name="UIButton Transient.GameEngine.CoreGameInstance.GoodSmallBaseItem_C.WidgetTree.UIButton_Click" fullname="" x=0.0 y=0.0 rel1_kind="text" rel1_text="531FPS" rel1_name="UITextBlock Transient.GameEngine.CoreGameInstance.FightTextInfoView_C.WidgetTree.UITextBlock" rel1_fullname="" rel1_x=70.680000305176 rel1_y=50.569770812988 rel1_dx="70.68" rel1_dy="50.57" rel1_dist="86.91" rel2_kind="button" rel2_text="" rel2_name="UIButton Transient.GameEngine.CoreGameInstance.GoodSmallBaseItem_C.WidgetTree.UIButton_Click" rel2_fullname="" rel2_x=0.0 rel2_y=0.0 rel2_dx="0.00" rel2_dy="0.00" rel2_dist="0.00"
[2026-04-26 22:00:39.417][18580][INFO] [Lua] [Visible][2] kind="button" addr=2664315668592 text="" name="UIButton Transient.GameEngine.CoreGameInstance.MysteryArea_C.WidgetTree.CloseTipBtn" fullname="" x=0.0 y=0.0 rel1_kind="text" rel1_text="531FPS" rel1_name="UITextBlock Transient.GameEngine.CoreGameInstance.FightTextInfoView_C.WidgetTree.UITextBlock" rel1_fullname="" rel1_x=70.680000305176 rel1_y=50.569770812988 rel1_dx="70.68" rel1_dy="50.57" rel1_dist="86.91" rel2_kind="button" rel2_text="" rel2_name="UIButton Transient.GameEngine.CoreGameInstance.GoodSmallBaseItem_C.WidgetTree.UIButton_Click" rel2_fullname="" rel2_x=0.0 rel2_y=0.0 rel2_dx="0.00" rel2_dy="0.00" rel2_dist="0.00"
[2026-04-26 22:00:39.417][18580][INFO] [Lua] [Visible][3] kind="button" addr=2664752412688 text="" name="UIButton Transient.GameEngine.CoreGameInstance.MysteryArea_C.WidgetTree.UITitleV2.WidgetTree.MoneyItemV2.WidgetTree.BtnAdd" fullname="" x=0.0 y=0.0 rel1_kind="text" rel1_text="531FPS" rel1_name="UITextBlock Transient.GameEngine.CoreGameInstance.FightTextInfoView_C.WidgetTree.UITextBlock" rel1_fullname="" rel1_x=70.680000305176 rel1_y=50.569770812988 rel1_dx="70.68" rel1_dy="50.57" rel1_dist="86.91" rel2_kind="button" rel2_text="" rel2_name="UIButton Transient.GameEngine.CoreGameInstance.GoodSmallBaseItem_C.WidgetTree.UIButton_Click" rel2_fullname="" rel2_x=0.0 rel2_y=0.0 rel2_dx="0.00" rel2_dy="0.00" rel2_dist="0.00"
[2026-04-26 22:00:39.417][18580][INFO] [Lua] [Visible][4] kind="button" addr=2664790284368 text="" name="UIButton Transient.GameEngine.CoreGameInstance.GoodSmallBaseItem_C.WidgetTree.UIButton_Click" fullname="" x=0.0 y=0.0 rel1_kind="text" rel1_text="531FPS" rel1_name="UITextBlock Transient.GameEngine.CoreGameInstance.FightTextInfoView_C.WidgetTree.UITextBlock" rel1_fullname="" rel1_x=70.680000305176 rel1_y=50.569770812988 rel1_dx="70.68" rel1_dy="50.57" rel1_dist="86.91" rel2_kind="button" rel2_text="" rel2_name="UIButton Transient.GameEngine.CoreGameInstance.GoodSmallBaseItem_C.WidgetTree.UIButton_Click" rel2_fullname="" rel2_x=0.0 rel2_y=0.0 rel2_dx="0.00" rel2_dy="0.00" rel2_dist="0.00"
[2026-04-26 22:00:39.417][18580][INFO] [Lua] [Visible][5] kind="button" addr=2665961560528 text="" name="UIButton Transient.GameEngine.CoreGameInstance.Mystery_C.WidgetTree.UITitleV2.WidgetTree.MoneyItemV2.WidgetTree.BtnAdd" fullname="" x=0.0 y=0.0 rel1_kind="text" rel1_text="531FPS" rel1_name="UITextBlock Transient.GameEngine.CoreGameInstance.FightTextInfoView_C.WidgetTree.UITextBlock" rel1_fullname="" rel1_x=70.680000305176 rel1_y=50.569770812988 rel1_dx="70.68" rel1_dy="50.57" rel1_dist="86.91" rel2_kind="button" rel2_text="" rel2_name="UIButton Transient.GameEngine.CoreGameInstance.GoodSmallBaseItem_C.WidgetTree.UIButton_Click" rel2_fullname="" rel2_x=0.0 rel2_y=0.0 rel2_dx="0.00" rel2_dy="0.00" rel2_dist="0.00"
[2026-04-26 22:00:39.418][18580][INFO] [Lua] [Visible][6] kind="button" addr=2666126139712 text="" name="UIButton Transient.GameEngine.CoreGameInstance.MysteryArea_C.WidgetTree.UITitleV2.WidgetTree.MoneyItemV2.WidgetTree.BtnAdd" fullname="" x=0.0 y=0.0 rel1_kind="text" rel1_text="531FPS" rel1_name="UITextBlock Transient.GameEngine.CoreGameInstance.FightTextInfoView_C.WidgetTree.UITextBlock" rel1_fullname="" rel1_x=70.680000305176 rel1_y=50.569770812988 rel1_dx="70.68" rel1_dy="50.57" rel1_dist="86.91" rel2_kind="button" rel2_text="" rel2_name="UIButton Transient.GameEngine.CoreGameInstance.GoodSmallBaseItem_C.WidgetTree.UIButton_Click" rel2_fullname="" rel2_x=0.0 rel2_y=0.0 rel2_dx="0.00" rel2_dy="0.00" rel2_dist="0.00"
[2026-04-26 22:00:39.418][18580][INFO] [Lua] [Visible][7] kind="button" addr=2666477064672 text="" name="UIButton Transient.GameEngine.CoreGameInstance.GoodSmallBaseItem_C.WidgetTree.UIButton_Click" fullname="" x=0.0 y=0.0 rel1_kind="text" rel1_text="531FPS" rel1_name="UITextBlock Transient.GameEngine.CoreGameInstance.FightTextInfoView_C.WidgetTree.UITextBlock" rel1_fullname="" rel1_x=70.680000305176 rel1_y=50.569770812988 rel1_dx="70.68" rel1_dy="50.57" rel1_dist="86.91" rel2_kind="button" rel2_text="" rel2_name="UIButton Transient.GameEngine.CoreGameInstance.GoodSmallBaseItem_C.WidgetTree.UIButton_Click" rel2_fullname="" rel2_x=0.0 rel2_y=0.0 rel2_dx="0.00" rel2_dy="0.00" rel2_dist="0.00"
[2026-04-26 22:00:39.418][18580][INFO] [Lua] [Visible][8] kind="button" addr=2666477115472 text="" name="UIButton Transient.GameEngine.CoreGameInstance.GoodSmallBaseItem_C.WidgetTree.UIButton_Click" fullname="" x=0.0 y=0.0 rel1_kind="text" rel1_text="531FPS" rel1_name="UITextBlock Transient.GameEngine.CoreGameInstance.FightTextInfoView_C.WidgetTree.UITextBlock" rel1_fullname="" rel1_x=70.680000305176 rel1_y=50.569770812988 rel1_dx="70.68" rel1_dy="50.57" rel1_dist="86.91" rel2_kind="button" rel2_text="" rel2_name="UIButton Transient.GameEngine.CoreGameInstance.GoodSmallBaseItem_C.WidgetTree.UIButton_Click" rel2_fullname="" rel2_x=0.0 rel2_y=0.0 rel2_dx="0.00" rel2_dy="0.00" rel2_dist="0.00"
[2026-04-26 22:00:39.418][18580][INFO] [Lua] [Visible][9] kind="button" addr=2666545373504 text="" name="UIButton Transient.GameEngine.CoreGameInstance.Mystery_C.WidgetTree.UITitleV2.WidgetTree.MoneyItemV2.WidgetTree.BtnAdd" fullname="" x=0.0 y=0.0 rel1_kind="text" rel1_text="531FPS" rel1_name="UITextBlock Transient.GameEngine.CoreGameInstance.FightTextInfoView_C.WidgetTree.UITextBlock" rel1_fullname="" rel1_x=70.680000305176 rel1_y=50.569770812988 rel1_dx="70.68" rel1_dy="50.57" rel1_dist="86.91" rel2_kind="button" rel2_text="" rel2_name="UIButton Transient.GameEngine.CoreGameInstance.GoodSmallBaseItem_C.WidgetTree.UIButton_Click" rel2_fullname="" rel2_x=0.0 rel2_y=0.0 rel2_dx="0.00" rel2_dy="0.00" rel2_dist="0.00"
[2026-04-26 22:00:39.419][18580][INFO] [Lua] [Visible][10] kind="button" addr=2666546684224 text="" name="UIButton Transient.GameEngine.CoreGameInstance.Mystery_C.WidgetTree.UITitleV2.WidgetTree.MoneyItemV2.WidgetTree.BtnAdd" fullname="" x=0.0 y=0.0 rel1_kind="text" rel1_text="531FPS" rel1_name="UITextBlock Transient.GameEngine.CoreGameInstance.FightTextInfoView_C.WidgetTree.UITextBlock" rel1_fullname="" rel1_x=70.680000305176 rel1_y=50.569770812988 rel1_dx="70.68" rel1_dy="50.57" rel1_dist="86.91" rel2_kind="button" rel2_text="" rel2_name="UIButton Transient.GameEngine.CoreGameInstance.GoodSmallBaseItem_C.WidgetTree.UIButton_Click" rel2_fullname="" rel2_x=0.0 rel2_y=0.0 rel2_dx="0.00" rel2_dy="0.00" rel2_dist="0.00"
[2026-04-26 22:00:39.419][18580][INFO] [Lua] [Visible][11] kind="button" addr=2666802123232 text="" name="UIButton Transient.GameEngine.CoreGameInstance.MysteryArea_C.WidgetTree.UITitleV2.WidgetTree.MoneyItemV2.WidgetTree.BtnAdd" fullname="" x=0.0 y=0.0 rel1_kind="text" rel1_text="531FPS" rel1_name="UITextBlock Transient.GameEngine.CoreGameInstance.FightTextInfoView_C.WidgetTree.UITextBlock" rel1_fullname="" rel1_x=70.680000305176 rel1_y=50.569770812988 rel1_dx="70.68" rel1_dy="50.57" rel1_dist="86.91" rel2_kind="button" rel2_text="" rel2_name="UIButton Transient.GameEngine.CoreGameInstance.GoodSmallBaseItem_C.WidgetTree.UIButton_Click" rel2_fullname="" rel2_x=0.0 rel2_y=0.0 rel2_dx="0.00" rel2_dy="0.00" rel2_dist="0.00"
[2026-04-26 22:00:39.419][18580][INFO] [Lua] [Visible][12] kind="button" addr=2666956341632 text="" name="UIButton Transient.GameEngine.CoreGameInstance.FastEntranceView_C.WidgetTree.UIButton" fullname="" x=0.0 y=0.0 rel1_kind="text" rel1_text="531FPS" rel1_name="UITextBlock Transient.GameEngine.CoreGameInstance.FightTextInfoView_C.WidgetTree.UITextBlock" rel1_fullname="" rel1_x=70.680000305176 rel1_y=50.569770812988 rel1_dx="70.68" rel1_dy="50.57" rel1_dist="86.91" rel2_kind="button" rel2_text="" rel2_name="UIButton Transient.GameEngine.CoreGameInstance.GoodSmallBaseItem_C.WidgetTree.UIButton_Click" rel2_fullname="" rel2_x=0.0 rel2_y=0.0 rel2_dx="0.00" rel2_dy="0.00" rel2_dist="0.00"
[2026-04-26 22:00:39.419][18580][INFO] [Lua] [Visible][13] kind="button" addr=2667043490288 text="" name="UIButton Transient.GameEngine.CoreGameInstance.MysteryMapDetail_C.WidgetTree.CloseBagMateriaBtn" fullname="" x=0.0 y=0.0 rel1_kind="text" rel1_text="531FPS" rel1_name="UITextBlock Transient.GameEngine.CoreGameInstance.FightTextInfoView_C.WidgetTree.UITextBlock" rel1_fullname="" rel1_x=70.680000305176 rel1_y=50.569770812988 rel1_dx="70.68" rel1_dy="50.57" rel1_dist="86.91" rel2_kind="button" rel2_text="" rel2_name="UIButton Transient.GameEngine.CoreGameInstance.GoodSmallBaseItem_C.WidgetTree.UIButton_Click" rel2_fullname="" rel2_x=0.0 rel2_y=0.0 rel2_dx="0.00" rel2_dy="0.00" rel2_dist="0.00"
[2026-04-26 22:00:39.420][18580][INFO] [Lua] [Visible][14] kind="button" addr=2667244296656 text="" name="UIButton Transient.GameEngine.CoreGameInstance.MysteryArea_C.WidgetTree.ResetRoundProgressImgBg" fullname="" x=0.0 y=0.0 rel1_kind="text" rel1_text="531FPS" rel1_name="UITextBlock Transient.GameEngine.CoreGameInstance.FightTextInfoView_C.WidgetTree.UITextBlock" rel1_fullname="" rel1_x=70.680000305176 rel1_y=50.569770812988 rel1_dx="70.68" rel1_dy="50.57" rel1_dist="86.91" rel2_kind="button" rel2_text="" rel2_name="UIButton Transient.GameEngine.CoreGameInstance.GoodSmallBaseItem_C.WidgetTree.UIButton_Click" rel2_fullname="" rel2_x=0.0 rel2_y=0.0 rel2_dx="0.00" rel2_dy="0.00" rel2_dist="0.00"
[2026-04-26 22:00:39.420][18580][INFO] [Lua] [Visible][15] kind="button" addr=2667244310880 text="" name="UIButton Transient.GameEngine.CoreGameInstance.MysteryMapDetail_C.WidgetTree.MysteryCardTipItem.WidgetTree.ClickBtn" fullname="" x=0.0 y=0.0 rel1_kind="text" rel1_text="531FPS" rel1_name="UITextBlock Transient.GameEngine.CoreGameInstance.FightTextInfoView_C.WidgetTree.UITextBlock" rel1_fullname="" rel1_x=70.680000305176 rel1_y=50.569770812988 rel1_dx="70.68" rel1_dy="50.57" rel1_dist="86.91" rel2_kind="button" rel2_text="" rel2_name="UIButton Transient.GameEngine.CoreGameInstance.GoodSmallBaseItem_C.WidgetTree.UIButton_Click" rel2_fullname="" rel2_x=0.0 rel2_y=0.0 rel2_dx="0.00" rel2_dy="0.00" rel2_dist="0.00"
[2026-04-26 22:00:39.420][18580][INFO] [Lua] [Visible][16] kind="button" addr=2667244327136 text="" name="UIButton Transient.GameEngine.CoreGameInstance.MysteryMapDetail_C.WidgetTree.UITitleV2.WidgetTree.MoneyItemV2.WidgetTree.BtnAdd" fullname="" x=0.0 y=0.0 rel1_kind="text" rel1_text="531FPS" rel1_name="UITextBlock Transient.GameEngine.CoreGameInstance.FightTextInfoView_C.WidgetTree.UITextBlock" rel1_fullname="" rel1_x=70.680000305176 rel1_y=50.569770812988 rel1_dx="70.68" rel1_dy="50.57" rel1_dist="86.91" rel2_kind="button" rel2_text="" rel2_name="UIButton Transient.GameEngine.CoreGameInstance.GoodSmallBaseItem_C.WidgetTree.UIButton_Click" rel2_fullname="" rel2_x=0.0 rel2_y=0.0 rel2_dx="0.00" rel2_dy="0.00" rel2_dist="0.00"
[2026-04-26 22:00:39.420][18580][INFO] [Lua] [Visible][17] kind="button" addr=2667244331200 text="" name="UIButton Transient.GameEngine.CoreGameInstance.MysteryMapDetail_C.WidgetTree.UITitleV2.WidgetTree.MoneyItemV2.WidgetTree.BtnAdd" fullname="" x=0.0 y=0.0 rel1_kind="text" rel1_text="531FPS" rel1_name="UITextBlock Transient.GameEngine.CoreGameInstance.FightTextInfoView_C.WidgetTree.UITextBlock" rel1_fullname="" rel1_x=70.680000305176 rel1_y=50.569770812988 rel1_dx="70.68" rel1_dy="50.57" rel1_dist="86.91" rel2_kind="button" rel2_text="" rel2_name="UIButton Transient.GameEngine.CoreGameInstance.GoodSmallBaseItem_C.WidgetTree.UIButton_Click" rel2_fullname="" rel2_x=0.0 rel2_y=0.0 rel2_dx="0.00" rel2_dy="0.00" rel2_dist="0.00"
[2026-04-26 22:00:39.421][18580][INFO] [Lua] [Visible][18] kind="button" addr=2667244347456 text="" name="UIButton Transient.GameEngine.CoreGameInstance.MysteryMapDetail_C.WidgetTree.CloseTipsButton" fullname="" x=0.0 y=0.0 rel1_kind="text" rel1_text="531FPS" rel1_name="UITextBlock Transient.GameEngine.CoreGameInstance.FightTextInfoView_C.WidgetTree.UITextBlock" rel1_fullname="" rel1_x=70.680000305176 rel1_y=50.569770812988 rel1_dx="70.68" rel1_dy="50.57" rel1_dist="86.91" rel2_kind="button" rel2_text="" rel2_name="UIButton Transient.GameEngine.CoreGameInstance.GoodSmallBaseItem_C.WidgetTree.UIButton_Click" rel2_fullname="" rel2_x=0.0 rel2_y=0.0 rel2_dx="0.00" rel2_dy="0.00" rel2_dist="0.00"
[2026-04-26 22:00:39.421][18580][INFO] [Lua] [Visible][19] kind="button" addr=2667282556976 text="" name="UIButton Transient.GameEngine.CoreGameInstance.UIMysticMapItem_C.WidgetTree.MysteryCardView.WidgetTree.ClickBtn" fullname="" x=0.0 y=0.0 rel1_kind="text" rel1_text="531FPS" rel1_name="UITextBlock Transient.GameEngine.CoreGameInstance.FightTextInfoView_C.WidgetTree.UITextBlock" rel1_fullname="" rel1_x=70.680000305176 rel1_y=50.569770812988 rel1_dx="70.68" rel1_dy="50.57" rel1_dist="86.91" rel2_kind="button" rel2_text="" rel2_name="UIButton Transient.GameEngine.CoreGameInstance.GoodSmallBaseItem_C.WidgetTree.UIButton_Click" rel2_fullname="" rel2_x=0.0 rel2_y=0.0 rel2_dx="0.00" rel2_dy="0.00" rel2_dist="0.00"
[2026-04-26 22:00:39.421][18580][INFO] [Lua] [Visible][20] kind="button" addr=2667289580000 text="" name="UIButton Transient.GameEngine.CoreGameInstance.FastEntranceView_C.WidgetTree.AddPointPanelItem.WidgetTree.BlankCoverBtn" fullname="" x=0.0 y=0.0 rel1_kind="text" rel1_text="531FPS" rel1_name="UITextBlock Transient.GameEngine.CoreGameInstance.FightTextInfoView_C.WidgetTree.UITextBlock" rel1_fullname="" rel1_x=70.680000305176 rel1_y=50.569770812988 rel1_dx="70.68" rel1_dy="50.57" rel1_dist="86.91" rel2_kind="button" rel2_text="" rel2_name="UIButton Transient.GameEngine.CoreGameInstance.GoodSmallBaseItem_C.WidgetTree.UIButton_Click" rel2_fullname="" rel2_x=0.0 rel2_y=0.0 rel2_dx="0.00" rel2_dy="0.00" rel2_dist="0.00"
[2026-04-26 22:00:39.422][18580][INFO] [Lua] [Visible][21] kind="button" addr=2667292631232 text="" name="UIButton Transient.GameEngine.CoreGameInstance.MysteryArea_C.WidgetTree.MysteryPlayEndItem.WidgetTree.IgnoreBtn" fullname="" x=0.0 y=0.0 rel1_kind="text" rel1_text="531FPS" rel1_name="UITextBlock Transient.GameEngine.CoreGameInstance.FightTextInfoView_C.WidgetTree.UITextBlock" rel1_fullname="" rel1_x=70.680000305176 rel1_y=50.569770812988 rel1_dx="70.68" rel1_dy="50.57" rel1_dist="86.91" rel2_kind="button" rel2_text="" rel2_name="UIButton Transient.GameEngine.CoreGameInstance.GoodSmallBaseItem_C.WidgetTree.UIButton_Click" rel2_fullname="" rel2_x=0.0 rel2_y=0.0 rel2_dx="0.00" rel2_dy="0.00" rel2_dist="0.00"
[2026-04-26 22:00:39.422][18580][INFO] [Lua] [Visible][22] kind="button" addr=2667803025600 text="" name="UIButton Transient.GameEngine.CoreGameInstance.MysteryArea_C.WidgetTree.MysteryCardTipItem.WidgetTree.ClickBtn" fullname="" x=0.0 y=0.0 rel1_kind="text" rel1_text="531FPS" rel1_name="UITextBlock Transient.GameEngine.CoreGameInstance.FightTextInfoView_C.WidgetTree.UITextBlock" rel1_fullname="" rel1_x=70.680000305176 rel1_y=50.569770812988 rel1_dx="70.68" rel1_dy="50.57" rel1_dist="86.91" rel2_kind="button" rel2_text="" rel2_name="UIButton Transient.GameEngine.CoreGameInstance.GoodSmallBaseItem_C.WidgetTree.UIButton_Click" rel2_fullname="" rel2_x=0.0 rel2_y=0.0 rel2_dx="0.00" rel2_dy="0.00" rel2_dist="0.00"
[2026-04-26 22:00:39.422][18580][INFO] [Lua] [Visible][23] kind="button" addr=2667804565952 text="" name="UIButton Transient.GameEngine.CoreGameInstance.GoodSmallBaseItem_C.WidgetTree.UIButton_Click" fullname="" x=0.0 y=0.0 rel1_kind="text" rel1_text="531FPS" rel1_name="UITextBlock Transient.GameEngine.CoreGameInstance.FightTextInfoView_C.WidgetTree.UITextBlock" rel1_fullname="" rel1_x=70.680000305176 rel1_y=50.569770812988 rel1_dx="70.68" rel1_dy="50.57" rel1_dist="86.91" rel2_kind="button" rel2_text="" rel2_name="UIButton Transient.GameEngine.CoreGameInstance.GoodSmallBaseItem_C.WidgetTree.UIButton_Click" rel2_fullname="" rel2_x=0.0 rel2_y=0.0 rel2_dx="0.00" rel2_dy="0.00" rel2_dist="0.00"
[2026-04-26 22:00:39.424][18580][INFO] [Lua] [Visible][24] kind="button" addr=2667806683424 text="" name="UIButton Transient.GameEngine.CoreGameInstance.GoodSmallBaseItem_C.WidgetTree.UIButton_Click" fullname="" x=0.0 y=0.0 rel1_kind="text" rel1_text="531FPS" rel1_name="UITextBlock Transient.GameEngine.CoreGameInstance.FightTextInfoView_C.WidgetTree.UITextBlock" rel1_fullname="" rel1_x=70.680000305176 rel1_y=50.569770812988 rel1_dx="70.68" rel1_dy="50.57" rel1_dist="86.91" rel2_kind="button" rel2_text="" rel2_name="UIButton Transient.GameEngine.CoreGameInstance.GoodSmallBaseItem_C.WidgetTree.UIButton_Click" rel2_fullname="" rel2_x=0.0 rel2_y=0.0 rel2_dx="0.00" rel2_dy="0.00" rel2_dist="0.00"
[2026-04-26 22:00:39.425][18580][INFO] [Lua] [Visible][25] kind="button" addr=2667816552944 text="" name="UIButton Transient.GameEngine.CoreGameInstance.GoodSmallBaseItem_C.WidgetTree.UIButton_Click" fullname="" x=0.0 y=0.0 rel1_kind="text" rel1_text="531FPS" rel1_name="UITextBlock Transient.GameEngine.CoreGameInstance.FightTextInfoView_C.WidgetTree.UITextBlock" rel1_fullname="" rel1_x=70.680000305176 rel1_y=50.569770812988 rel1_dx="70.68" rel1_dy="50.57" rel1_dist="86.91" rel2_kind="button" rel2_text="" rel2_name="UIButton Transient.GameEngine.CoreGameInstance.GoodSmallBaseItem_C.WidgetTree.UIButton_Click" rel2_fullname="" rel2_x=0.0 rel2_y=0.0 rel2_dx="0.00" rel2_dy="0.00" rel2_dist="0.00"
[2026-04-26 22:00:39.425][18580][INFO] [Lua] [Visible][26] kind="button" addr=2667816554976 text="" name="UIButton Transient.GameEngine.CoreGameInstance.GoodSmallBaseItem_C.WidgetTree.UIButton_Click" fullname="" x=0.0 y=0.0 rel1_kind="text" rel1_text="531FPS" rel1_name="UITextBlock Transient.GameEngine.CoreGameInstance.FightTextInfoView_C.WidgetTree.UITextBlock" rel1_fullname="" rel1_x=70.680000305176 rel1_y=50.569770812988 rel1_dx="70.68" rel1_dy="50.57" rel1_dist="86.91" rel2_kind="button" rel2_text="" rel2_name="UIButton Transient.GameEngine.CoreGameInstance.GoodSmallBaseItem_C.WidgetTree.UIButton_Click" rel2_fullname="" rel2_x=0.0 rel2_y=0.0 rel2_dx="0.00" rel2_dy="0.00" rel2_dist="0.00"
[2026-04-26 22:00:39.425][18580][INFO] [Lua] [Visible][27] kind="button" addr=2667816557008 text="" name="UIButton Transient.GameEngine.CoreGameInstance.GoodSmallBaseItem_C.WidgetTree.UIButton_Click" fullname="" x=0.0 y=0.0 rel1_kind="text" rel1_text="531FPS" rel1_name="UITextBlock Transient.GameEngine.CoreGameInstance.FightTextInfoView_C.WidgetTree.UITextBlock" rel1_fullname="" rel1_x=70.680000305176 rel1_y=50.569770812988 rel1_dx="70.68" rel1_dy="50.57" rel1_dist="86.91" rel2_kind="button" rel2_text="" rel2_name="UIButton Transient.GameEngine.CoreGameInstance.GoodSmallBaseItem_C.WidgetTree.UIButton_Click" rel2_fullname="" rel2_x=0.0 rel2_y=0.0 rel2_dx="0.00" rel2_dy="0.00" rel2_dist="0.00"
[2026-04-26 22:00:39.426][18580][INFO] [Lua] [Visible][28] kind="button" addr=2667816559040 text="" name="UIButton Transient.GameEngine.CoreGameInstance.GoodSmallBaseItem_C.WidgetTree.UIButton_Click" fullname="" x=0.0 y=0.0 rel1_kind="text" rel1_text="531FPS" rel1_name="UITextBlock Transient.GameEngine.CoreGameInstance.FightTextInfoView_C.WidgetTree.UITextBlock" rel1_fullname="" rel1_x=70.680000305176 rel1_y=50.569770812988 rel1_dx="70.68" rel1_dy="50.57" rel1_dist="86.91" rel2_kind="button" rel2_text="" rel2_name="UIButton Transient.GameEngine.CoreGameInstance.GoodSmallBaseItem_C.WidgetTree.UIButton_Click" rel2_fullname="" rel2_x=0.0 rel2_y=0.0 rel2_dx="0.00" rel2_dy="0.00" rel2_dist="0.00"
[2026-04-26 22:00:39.426][18580][INFO] [Lua] [Visible][29] kind="button" addr=2667816561072 text="" name="UIButton Transient.GameEngine.CoreGameInstance.GoodSmallBaseItem_C.WidgetTree.UIButton_Click" fullname="" x=0.0 y=0.0 rel1_kind="text" rel1_text="531FPS" rel1_name="UITextBlock Transient.GameEngine.CoreGameInstance.FightTextInfoView_C.WidgetTree.UITextBlock" rel1_fullname="" rel1_x=70.680000305176 rel1_y=50.569770812988 rel1_dx="70.68" rel1_dy="50.57" rel1_dist="86.91" rel2_kind="button" rel2_text="" rel2_name="UIButton Transient.GameEngine.CoreGameInstance.GoodSmallBaseItem_C.WidgetTree.UIButton_Click" rel2_fullname="" rel2_x=0.0 rel2_y=0.0 rel2_dx="0.00" rel2_dy="0.00" rel2_dist="0.00"
[2026-04-26 22:00:39.426][18580][INFO] [Lua] [Visible][30] kind="button" addr=2667816563104 text="" name="UIButton Transient.GameEngine.CoreGameInstance.GoodSmallBaseItem_C.WidgetTree.UIButton_Click" fullname="" x=0.0 y=0.0 rel1_kind="text" rel1_text="531FPS" rel1_name="UITextBlock Transient.GameEngine.CoreGameInstance.FightTextInfoView_C.WidgetTree.UITextBlock" rel1_fullname="" rel1_x=70.680000305176 rel1_y=50.569770812988 rel1_dx="70.68" rel1_dy="50.57" rel1_dist="86.91" rel2_kind="button" rel2_text="" rel2_name="UIButton Transient.GameEngine.CoreGameInstance.GoodSmallBaseItem_C.WidgetTree.UIButton_Click" rel2_fullname="" rel2_x=0.0 rel2_y=0.0 rel2_dx="0.00" rel2_dy="0.00" rel2_dist="0.00"
[2026-04-26 22:00:39.426][18580][INFO] [Lua] [Visible][31] kind="button" addr=2667816565136 text="" name="UIButton Transient.GameEngine.CoreGameInstance.GoodSmallBaseItem_C.WidgetTree.UIButton_Click" fullname="" x=0.0 y=0.0 rel1_kind="text" rel1_text="531FPS" rel1_name="UITextBlock Transient.GameEngine.CoreGameInstance.FightTextInfoView_C.WidgetTree.UITextBlock" rel1_fullname="" rel1_x=70.680000305176 rel1_y=50.569770812988 rel1_dx="70.68" rel1_dy="50.57" rel1_dist="86.91" rel2_kind="button" rel2_text="" rel2_name="UIButton Transient.GameEngine.CoreGameInstance.GoodSmallBaseItem_C.WidgetTree.UIButton_Click" rel2_fullname="" rel2_x=0.0 rel2_y=0.0 rel2_dx="0.00" rel2_dy="0.00" rel2_dist="0.00"
[2026-04-26 22:00:39.427][18580][INFO] [Lua] [Visible][32] kind="button" addr=2667816567168 text="" name="UIButton Transient.GameEngine.CoreGameInstance.GoodSmallBaseItem_C.WidgetTree.UIButton_Click" fullname="" x=0.0 y=0.0 rel1_kind="text" rel1_text="531FPS" rel1_name="UITextBlock Transient.GameEngine.CoreGameInstance.FightTextInfoView_C.WidgetTree.UITextBlock" rel1_fullname="" rel1_x=70.680000305176 rel1_y=50.569770812988 rel1_dx="70.68" rel1_dy="50.57" rel1_dist="86.91" rel2_kind="button" rel2_text="" rel2_name="UIButton Transient.GameEngine.CoreGameInstance.GoodSmallBaseItem_C.WidgetTree.UIButton_Click" rel2_fullname="" rel2_x=0.0 rel2_y=0.0 rel2_dx="0.00" rel2_dy="0.00" rel2_dist="0.00"
[2026-04-26 22:00:39.427][18580][INFO] [Lua] [Visible][33] kind="button" addr=2667816591552 text="" name="UIButton Transient.GameEngine.CoreGameInstance.GoodSmallBaseItem_C.WidgetTree.UIButton_Click" fullname="" x=0.0 y=0.0 rel1_kind="text" rel1_text="531FPS" rel1_name="UITextBlock Transient.GameEngine.CoreGameInstance.FightTextInfoView_C.WidgetTree.UITextBlock" rel1_fullname="" rel1_x=70.680000305176 rel1_y=50.569770812988 rel1_dx="70.68" rel1_dy="50.57" rel1_dist="86.91" rel2_kind="button" rel2_text="" rel2_name="UIButton Transient.GameEngine.CoreGameInstance.GoodSmallBaseItem_C.WidgetTree.UIButton_Click" rel2_fullname="" rel2_x=0.0 rel2_y=0.0 rel2_dx="0.00" rel2_dy="0.00" rel2_dist="0.00"
[2026-04-26 22:00:39.427][18580][INFO] [Lua] [Visible][34] kind="button" addr=2667816593584 text="" name="UIButton Transient.GameEngine.CoreGameInstance.GoodSmallBaseItem_C.WidgetTree.UIButton_Click" fullname="" x=0.0 y=0.0 rel1_kind="text" rel1_text="531FPS" rel1_name="UITextBlock Transient.GameEngine.CoreGameInstance.FightTextInfoView_C.WidgetTree.UITextBlock" rel1_fullname="" rel1_x=70.680000305176 rel1_y=50.569770812988 rel1_dx="70.68" rel1_dy="50.57" rel1_dist="86.91" rel2_kind="button" rel2_text="" rel2_name="UIButton Transient.GameEngine.CoreGameInstance.GoodSmallBaseItem_C.WidgetTree.UIButton_Click" rel2_fullname="" rel2_x=0.0 rel2_y=0.0 rel2_dx="0.00" rel2_dy="0.00" rel2_dist="0.00"
[2026-04-26 22:00:39.427][18580][INFO] [Lua] [Visible][35] kind="button" addr=2667816595616 text="" name="UIButton Transient.GameEngine.CoreGameInstance.GoodSmallBaseItem_C.WidgetTree.UIButton_Click" fullname="" x=0.0 y=0.0 rel1_kind="text" rel1_text="531FPS" rel1_name="UITextBlock Transient.GameEngine.CoreGameInstance.FightTextInfoView_C.WidgetTree.UITextBlock" rel1_fullname="" rel1_x=70.680000305176 rel1_y=50.569770812988 rel1_dx="70.68" rel1_dy="50.57" rel1_dist="86.91" rel2_kind="button" rel2_text="" rel2_name="UIButton Transient.GameEngine.CoreGameInstance.GoodSmallBaseItem_C.WidgetTree.UIButton_Click" rel2_fullname="" rel2_x=0.0 rel2_y=0.0 rel2_dx="0.00" rel2_dy="0.00" rel2_dist="0.00"
[2026-04-26 22:00:39.427][18580][INFO] [Lua] [Visible][36] kind="button" addr=2667816599680 text="" name="UIButton Transient.GameEngine.CoreGameInstance.GoodSmallBaseItem_C.WidgetTree.UIButton_Click" fullname="" x=0.0 y=0.0 rel1_kind="text" rel1_text="531FPS" rel1_name="UITextBlock Transient.GameEngine.CoreGameInstance.FightTextInfoView_C.WidgetTree.UITextBlock" rel1_fullname="" rel1_x=70.680000305176 rel1_y=50.569770812988 rel1_dx="70.68" rel1_dy="50.57" rel1_dist="86.91" rel2_kind="button" rel2_text="" rel2_name="UIButton Transient.GameEngine.CoreGameInstance.GoodSmallBaseItem_C.WidgetTree.UIButton_Click" rel2_fullname="" rel2_x=0.0 rel2_y=0.0 rel2_dx="0.00" rel2_dy="0.00" rel2_dist="0.00"
[2026-04-26 22:00:39.428][18580][INFO] [Lua] [Visible][37] kind="button" addr=2667816601712 text="" name="UIButton Transient.GameEngine.CoreGameInstance.GoodSmallBaseItem_C.WidgetTree.UIButton_Click" fullname="" x=0.0 y=0.0 rel1_kind="text" rel1_text="531FPS" rel1_name="UITextBlock Transient.GameEngine.CoreGameInstance.FightTextInfoView_C.WidgetTree.UITextBlock" rel1_fullname="" rel1_x=70.680000305176 rel1_y=50.569770812988 rel1_dx="70.68" rel1_dy="50.57" rel1_dist="86.91" rel2_kind="button" rel2_text="" rel2_name="UIButton Transient.GameEngine.CoreGameInstance.GoodSmallBaseItem_C.WidgetTree.UIButton_Click" rel2_fullname="" rel2_x=0.0 rel2_y=0.0 rel2_dx="0.00" rel2_dy="0.00" rel2_dist="0.00"
[2026-04-26 22:00:39.428][18580][INFO] [Lua] [Visible][38] kind="button" addr=2667816603744 text="" name="UIButton Transient.GameEngine.CoreGameInstance.GoodSmallBaseItem_C.WidgetTree.UIButton_Click" fullname="" x=0.0 y=0.0 rel1_kind="text" rel1_text="531FPS" rel1_name="UITextBlock Transient.GameEngine.CoreGameInstance.FightTextInfoView_C.WidgetTree.UITextBlock" rel1_fullname="" rel1_x=70.680000305176 rel1_y=50.569770812988 rel1_dx="70.68" rel1_dy="50.57" rel1_dist="86.91" rel2_kind="button" rel2_text="" rel2_name="UIButton Transient.GameEngine.CoreGameInstance.GoodSmallBaseItem_C.WidgetTree.UIButton_Click" rel2_fullname="" rel2_x=0.0 rel2_y=0.0 rel2_dx="0.00" rel2_dy="0.00" rel2_dist="0.00"
[2026-04-26 22:00:39.428][18580][INFO] [Lua] [Visible][39] kind="button" addr=2667816605776 text="" name="UIButton Transient.GameEngine.CoreGameInstance.GoodSmallBaseItem_C.WidgetTree.UIButton_Click" fullname="" x=0.0 y=0.0 rel1_kind="text" rel1_text="531FPS" rel1_name="UITextBlock Transient.GameEngine.CoreGameInstance.FightTextInfoView_C.WidgetTree.UITextBlock" rel1_fullname="" rel1_x=70.680000305176 rel1_y=50.569770812988 rel1_dx="70.68" rel1_dy="50.57" rel1_dist="86.91" rel2_kind="button" rel2_text="" rel2_name="UIButton Transient.GameEngine.CoreGameInstance.GoodSmallBaseItem_C.WidgetTree.UIButton_Click" rel2_fullname="" rel2_x=0.0 rel2_y=0.0 rel2_dx="0.00" rel2_dy="0.00" rel2_dist="0.00"
[2026-04-26 22:00:39.428][18580][INFO] [Lua] [Visible][40] kind="button" addr=2667816607808 text="" name="UIButton Transient.GameEngine.CoreGameInstance.GoodSmallBaseItem_C.WidgetTree.UIButton_Click" fullname="" x=0.0 y=0.0 rel1_kind="text" rel1_text="531FPS" rel1_name="UITextBlock Transient.GameEngine.CoreGameInstance.FightTextInfoView_C.WidgetTree.UITextBlock" rel1_fullname="" rel1_x=70.680000305176 rel1_y=50.569770812988 rel1_dx="70.68" rel1_dy="50.57" rel1_dist="86.91" rel2_kind="button" rel2_text="" rel2_name="UIButton Transient.GameEngine.CoreGameInstance.GoodSmallBaseItem_C.WidgetTree.UIButton_Click" rel2_fullname="" rel2_x=0.0 rel2_y=0.0 rel2_dx="0.00" rel2_dy="0.00" rel2_dist="0.00"
[2026-04-26 22:00:39.429][18580][WARN] [Lua] Waiting button MysteryMapDetail OpenBtn Final | elapsed=5441ms err=Matched control not found.
[2026-04-26 22:00:40.319][18580][INFO] [Lua] Fetched button MysteryMapDetail OpenBtn Final | candidates=1 kind=button addr=2664943753424 text= name=UIButton Transient.GameEngine.CoreGameInstance.MysteryMapDetail_C.WidgetTree.OpenBtn fullname= x=1299.4547119141 y=863.1865234375 related_text=1 related_name=UITextBlock Transient.GameEngine.CoreGameInstance.MysteryMapDetail_C.WidgetTree.RequireCostIcon.WidgetTree.UUITextBlock_Num related_distance=27.197027750465 hint_distance=
[2026-04-26 22:00:42.235][18580][DEBUG] DriverMode: ExecRemoteCall func=0x7FF7759C2150, ret=140700886198976
[2026-04-26 22:00:42.235][18580][INFO] [Lua] Clicked target MysteryMapDetail OpenBtn Final | kind=button addr=2664943753424 text= name=UIButton Transient.GameEngine.CoreGameInstance.MysteryMapDetail_C.WidgetTree.OpenBtn fullname= x=1299.4547119141 y=863.1865234375
[2026-04-26 22:00:50.818][18580][WARN] [Lua] Waiting map entry confirm | elapsed=0ms err=Map entry detected, stabilizing 0/1000ms
[2026-04-26 22:00:52.478][18580][WARN] [Lua] Waiting Map route start | elapsed=0ms err=Player position ready, stabilizing 0/1000ms
[2026-04-26 22:00:53.523][18580][DEBUG] DriverMode: ExecRemoteCall func=0x7FF7761AB710, ret=889514879184
[2026-04-26 22:00:53.524][18580][INFO] [Lua] Map pickup enabled | key=A scan=250ms press=700ms start_delay=1000ms
[2026-04-26 22:00:53.524][18580][INFO] [Lua] Map route started 1/57 -> 2096.00, 368.00
[2026-04-26 22:00:53.570][18580][DEBUG] MouseManager: Trajectory mode set to 0
[2026-04-26 22:00:53.570][18580][INFO] [Lua] Human idle mouse move scheduled | route=Map route target=(808,278) duration=607ms
[2026-04-26 22:00:54.704][18580][DEBUG] MouseManager: Trajectory mode set to 0
[2026-04-26 22:00:55.060][18580][DEBUG] DriverMode: ExecRemoteCall func=0x7FF7761AB710, ret=889514879184
[2026-04-26 22:00:56.586][18580][DEBUG] DriverMode: ExecRemoteCall func=0x7FF7761AB710, ret=889514879184
[2026-04-26 22:00:56.773][18580][INFO] [Lua] Resume snapshot saved | map=mingsha_cunluo stage=route route=Map route mode=map_route pos=1216.92, 269.29, 1662.00 cycle=1 cleanup=0/13
[2026-04-26 22:00:56.773][18580][INFO] [Lua] AvePoint automation stopped
[2026-04-26 22:01:20.768][17060][DEBUG] HttpClient: Response 200 OK
[2026-04-26 22:02:12.363][17060][DEBUG] HttpClient: Response 200 OK
[2026-04-26 22:03:04.002][17060][DEBUG] HttpClient: Response 200 OK
[2026-04-26 22:03:55.583][17060][DEBUG] HttpClient: Response 200 OK
[2026-04-26 22:04:47.226][17060][DEBUG] HttpClient: Response 200 OK
[2026-04-26 22:05:38.802][17060][DEBUG] HttpClient: Response 200 OK
[2026-04-26 22:06:30.393][17060][DEBUG] HttpClient: Response 200 OK
[2026-04-26 22:07:22.036][17060][DEBUG] HttpClient: Response 200 OK
[2026-04-26 22:08:13.630][17060][DEBUG] HttpClient: Response 200 OK
[2026-04-26 22:09:01.175][18580][ERROR] LuaVM DoString exec failed: scripts/avepoint/hotkey.lua:4374: task stopped
stack traceback:
	[C]: in field 'sleep'
	scripts/avepoint/hotkey.lua:4374: in function 'main'
	C:\Users\GoldGiven\Desktop\cunnei\scripts\AvePoint.lua:167: in main chunk
	(...tail calls...)
	C:\Users\GoldGiven\Desktop\cunnei\AvePointStandalone.lua:128: in main chunk
[2026-04-26 22:09:01.175][18580][ERROR] Task 6 (AvePointStandalone.lua) failed: scripts/avepoint/hotkey.lua:4374: task stopped
stack traceback:
	[C]: in field 'sleep'
	scripts/avepoint/hotkey.lua:4374: in function 'main'
	C:\Users\GoldGiven\Desktop\cunnei\scripts\AvePoint.lua:167: in main chunk
	(...tail calls...)
	C:\Users\GoldGiven\Desktop\cunnei\AvePointStandalone.lua:128: in main chunk
[2026-04-26 22:09:01.193][12128][DEBUG] Task 6 (AvePointStandalone.lua) force cleaned up
[2026-04-26 22:09:01.195][12128][DEBUG] LuaVM: State closed
[2026-04-26 22:09:01.660][12128][DEBUG] Task 7 (AvePointStandalone.lua) created
[2026-04-26 22:09:01.661][12128][DEBUG] LuaVM: cffi module registered
[2026-04-26 22:09:01.661][12128][DEBUG] LuaVM: LuaSocket modules registered (socket.core, mime.core)
[2026-04-26 22:09:01.661][12128][DEBUG] LuaVM: State created successfully
[2026-04-26 22:09:01.662][12128][DEBUG] ImGuiLua: Module registered as 'imgui'
[2026-04-26 22:09:01.662][12128][DEBUG] Registered all Lua API modules
[2026-04-26 22:09:01.662][17604][INFO] Task 7 (AvePointStandalone.lua) started
[2026-04-26 22:09:01.663][17604][INFO] [Lua] AvePoint standalone entry starting
[2026-04-26 22:09:01.683][17604][INFO] [Lua] Process guard starting
[2026-04-26 22:09:01.683][17604][DEBUG] DriverMode: Process protected PID=12124
[2026-04-26 22:09:01.683][17604][INFO] [Lua] Process protection enabled. PID=12124
[2026-04-26 22:09:01.683][17604][INFO] [Lua] Process guard ready
[2026-04-26 22:09:01.684][17604][INFO] [Lua] Configured avepointTaskMode=2 (练级) in config.json
[2026-04-26 22:09:01.684][17604][INFO] [Lua] Press Insert or Ctrl+F9 or [ to start current task mode; Delete or Ctrl+F10 or ] to stop
[2026-04-26 22:09:01.684][17604][INFO] [Lua] Press F12 to dump raw API controls under cursor without clicking
[2026-04-26 22:09:01.684][17604][INFO] [Lua] Press F4 to preview the configured target for 分解所有按钮 without clicking
[2026-04-26 22:09:01.684][17604][INFO] [Lua] Press F3 to dump mouse-nearby button candidates for 当前鼠标按钮定位分析
[2026-04-26 22:09:01.684][17604][INFO] [Lua] Press F10 to inspect the same uniquely matched mouse target for 鼠标按钮验证点击 without clicking
[2026-04-26 22:09:01.685][17604][INFO] [Lua] Press F11 or \ to validate-click a uniquely matched mouse target for 鼠标按钮验证点击
[2026-04-26 22:09:01.685][17604][INFO] [Lua] Press F6 to print current player coordinates
[2026-04-26 22:09:01.685][17604][INFO] [Lua] Press F7 to print current player position and nearby portals
[2026-04-26 22:09:01.685][17604][INFO] [Lua] Press F8 to print current mouse client coordinates
[2026-04-26 22:09:01.686][17604][INFO] [Lua] Press F9 to run read-only Data API diagnostics
[2026-04-26 22:09:01.686][17604][INFO] [Lua] Press Ctrl+F12 to exit
[2026-04-26 22:09:01.686][17604][INFO] [Lua] Waiting for torchlight API/game init...
[2026-04-26 22:09:01.995][17604][DEBUG] DriverMode: InitRemoteCallEx PID=13440, Deployee=0x26CCEEF0300
[2026-04-26 22:09:01.996][17604][INFO] [Lua] Torch API initialized
[2026-04-26 22:09:01.997][17604][INFO] [Lua] Current pos: 1279.00, -2432.00, 3119.91
[2026-04-26 22:09:05.263][17060][DEBUG] HttpClient: Response 200 OK
[2026-04-26 22:09:08.477][17604][INFO] [Lua] F12 raw API dump begin | texts=32 buttons=11 images=1277 cursor=(136.00, 248.00) screen=(175.00, 287.00) max_distance=120 limit=8
[2026-04-26 22:09:08.685][17604][INFO] [Lua] Cursor visible controls | controls=8 cursor=(136.00, 248.00) screen=(175.00, 287.00)
[2026-04-26 22:09:08.894][17604][INFO] [Lua] [Visible][1] kind="image" addr=2666940779392 text="" name="" fullname="UIImage Transient.GameEngine.CoreGameInstance.UISubTaskItem_C.WidgetTree.IconBg" x=133.67999267578 y=236.64001464844 raw={IsAsyncLoad=1} rel1_kind="text" rel1_text="与莫琳娜交谈" rel1_name="UITextBlock Transient.GameEngine.CoreGameInstance.UISubTaskItem_C.WidgetTree.UITextBlock" rel1_fullname="" rel1_x=147.0 rel1_y=234.48001098633 rel1_dx="13.32" rel1_dy="-2.16" rel1_dist="13.49" rel2_kind="text" rel2_text="主线 圣诫之末" rel2_name="UITextBlock Transient.GameEngine.CoreGameInstance.TaskItem_C.WidgetTree.UITextBlock" rel2_fullname="" rel2_x=135.11999511719 rel2_y=215.76000976562 rel2_dx="1.44" rel2_dy="-20.88" rel2_dist="20.93"
[2026-04-26 22:09:08.894][17604][INFO] [Lua] [VisibleItem][1] item={Fullname="UIImage Transient.GameEngine.CoreGameInstance.UISubTaskItem_C.WidgetTree.IconBg" IsAsyncLoad=1 addr=2666940779392 x=133.67999267578 y=236.64001464844}
[2026-04-26 22:09:08.894][17604][INFO] [Lua] [Visible][2] kind="image" addr=2666940740352 text="" name="" fullname="UIImage Transient.GameEngine.CoreGameInstance.UISubTaskItem_C.WidgetTree.pading_dummy" x=128.2799987793 y=234.48001098633 raw={IsAsyncLoad=1} rel1_kind="text" rel1_text="与莫琳娜交谈" rel1_name="UITextBlock Transient.GameEngine.CoreGameInstance.UISubTaskItem_C.WidgetTree.UITextBlock" rel1_fullname="" rel1_x=147.0 rel1_y=234.48001098633 rel1_dx="18.72" rel1_dy="0.00" rel1_dist="18.72" rel2_kind="text" rel2_text="主线 圣诫之末" rel2_name="UITextBlock Transient.GameEngine.CoreGameInstance.TaskItem_C.WidgetTree.UITextBlock" rel2_fullname="" rel2_x=135.11999511719 rel2_y=215.76000976562 rel2_dx="6.84" rel2_dy="-18.72" rel2_dist="19.93"
[2026-04-26 22:09:08.894][17604][INFO] [Lua] [VisibleItem][2] item={Fullname="UIImage Transient.GameEngine.CoreGameInstance.UISubTaskItem_C.WidgetTree.pading_dummy" IsAsyncLoad=1 addr=2666940740352 x=128.2799987793 y=234.48001098633}
[2026-04-26 22:09:08.895][17604][INFO] [Lua] [Visible][3] kind="image" addr=2666545718144 text="" name="" fullname="UIImage Transient.GameEngine.CoreGameInstance.TaskItem_C.WidgetTree.Padding_Dummy" x=125.03999328613 y=265.79998779297 raw={IsAsyncLoad=1} rel1_kind="text" rel1_text="支线 藏宝地：银沙边城" rel1_name="UITextBlock Transient.GameEngine.CoreGameInstance.TaskItem_C.WidgetTree.UITextBlock" rel1_fullname="" rel1_x=135.11999511719 rel1_y=269.40002441406 rel1_dx="10.08" rel1_dy="3.60" rel1_dist="10.70" rel2_kind="text" rel2_text="在雄狮之心找到下一个藏宝地（推荐等级44~54级）" rel2_name="UITextBlock Transient.GameEngine.CoreGameInstance.UISubTaskItem_C.WidgetTree.UITextBlock" rel2_fullname="" rel2_x=147.0 rel2_y=288.11999511719 rel2_dx="21.96" rel2_dy="22.32" rel2_dist="31.31"
[2026-04-26 22:09:08.895][17604][INFO] [Lua] [VisibleItem][3] item={Fullname="UIImage Transient.GameEngine.CoreGameInstance.TaskItem_C.WidgetTree.Padding_Dummy" IsAsyncLoad=1 addr=2666545718144 x=125.03999328613 y=265.79998779297}
[2026-04-26 22:09:08.895][17604][INFO] [Lua] [Visible][4] kind="image" addr=2666940768512 text="" name="" fullname="UIImage Transient.GameEngine.CoreGameInstance.TaskItem_C.WidgetTree.UIImage" x=117.47999572754 y=233.40000915527 raw={IsAsyncLoad=1} rel1_kind="text" rel1_text="主线 圣诫之末" rel1_name="UITextBlock Transient.GameEngine.CoreGameInstance.TaskItem_C.WidgetTree.UITextBlock" rel1_fullname="" rel1_x=135.11999511719 rel1_y=215.76000976562 rel1_dx="17.64" rel1_dy="-17.64" rel1_dist="24.95" rel2_kind="text" rel2_text="与莫琳娜交谈" rel2_name="UITextBlock Transient.GameEngine.CoreGameInstance.UISubTaskItem_C.WidgetTree.UITextBlock" rel2_fullname="" rel2_x=147.0 rel2_y=234.48001098633 rel2_dx="29.52" rel2_dy="1.08" rel2_dist="29.54"
[2026-04-26 22:09:08.895][17604][INFO] [Lua] [VisibleItem][4] item={Fullname="UIImage Transient.GameEngine.CoreGameInstance.TaskItem_C.WidgetTree.UIImage" IsAsyncLoad=1 addr=2666940768512 x=117.47999572754 y=233.40000915527}
[2026-04-26 22:09:08.895][17604][INFO] [Lua] [Visible][5] kind="text" addr=2664319600640 text="与莫琳娜交谈" name="UITextBlock Transient.GameEngine.CoreGameInstance.UISubTaskItem_C.WidgetTree.UITextBlock" fullname="" x=147.0 y=234.48001098633 rel1_kind="text" rel1_text="主线 圣诫之末" rel1_name="UITextBlock Transient.GameEngine.CoreGameInstance.TaskItem_C.WidgetTree.UITextBlock" rel1_fullname="" rel1_x=135.11999511719 rel1_y=215.76000976562 rel1_dx="-11.88" rel1_dy="-18.72" rel1_dist="22.17" rel2_kind="text" rel2_text="支线 藏宝地：银沙边城" rel2_name="UITextBlock Transient.GameEngine.CoreGameInstance.TaskItem_C.WidgetTree.UITextBlock" rel2_fullname="" rel2_x=135.11999511719 rel2_y=269.40002441406 rel2_dx="-11.88" rel2_dy="34.92" rel2_dist="36.89"
[2026-04-26 22:09:08.895][17604][INFO] [Lua] [VisibleItem][5] item={addr=2664319600640 name="UITextBlock Transient.GameEngine.CoreGameInstance.UISubTaskItem_C.WidgetTree.UITextBlock" text="与莫琳娜交谈" x=147.0 y=234.48001098633}
[2026-04-26 22:09:08.896][17604][INFO] [Lua] [Visible][6] kind="text" addr=2666357514368 text="支线 藏宝地：银沙边城" name="UITextBlock Transient.GameEngine.CoreGameInstance.TaskItem_C.WidgetTree.UITextBlock" fullname="" x=135.11999511719 y=269.40002441406 rel1_kind="text" rel1_text="在雄狮之心找到下一个藏宝地（推荐等级44~54级）" rel1_name="UITextBlock Transient.GameEngine.CoreGameInstance.UISubTaskItem_C.WidgetTree.UITextBlock" rel1_fullname="" rel1_x=147.0 rel1_y=288.11999511719 rel1_dx="11.88" rel1_dy="18.72" rel1_dist="22.17" rel2_kind="text" rel2_text="与莫琳娜交谈" rel2_name="UITextBlock Transient.GameEngine.CoreGameInstance.UISubTaskItem_C.WidgetTree.UITextBlock" rel2_fullname="" rel2_x=147.0 rel2_y=234.48001098633 rel2_dx="11.88" rel2_dy="-34.92" rel2_dist="36.89"
[2026-04-26 22:09:08.896][17604][INFO] [Lua] [VisibleItem][6] item={addr=2666357514368 name="UITextBlock Transient.GameEngine.CoreGameInstance.TaskItem_C.WidgetTree.UITextBlock" text="支线 藏宝地：银沙边城" x=135.11999511719 y=269.40002441406}
[2026-04-26 22:09:08.896][17604][INFO] [Lua] [Visible][7] kind="image" addr=2666545679104 text="" name="" fullname="UIImage Transient.GameEngine.CoreGameInstance.TaskItem_C.WidgetTree.UIImage" x=107.03999328613 y=265.79998779297 raw={IsAsyncLoad=1} rel1_kind="text" rel1_text="支线 藏宝地：银沙边城" rel1_name="UITextBlock Transient.GameEngine.CoreGameInstance.TaskItem_C.WidgetTree.UITextBlock" rel1_fullname="" rel1_x=135.11999511719 rel1_y=269.40002441406 rel1_dx="28.08" rel1_dy="3.60" rel1_dist="28.31" rel2_kind="text" rel2_text="在雄狮之心找到下一个藏宝地（推荐等级44~54级）" rel2_name="UITextBlock Transient.GameEngine.CoreGameInstance.UISubTaskItem_C.WidgetTree.UITextBlock" rel2_fullname="" rel2_x=147.0 rel2_y=288.11999511719 rel2_dx="39.96" rel2_dy="22.32" rel2_dist="45.77"
[2026-04-26 22:09:08.896][17604][INFO] [Lua] [VisibleItem][7] item={Fullname="UIImage Transient.GameEngine.CoreGameInstance.TaskItem_C.WidgetTree.UIImage" IsAsyncLoad=1 addr=2666545679104 x=107.03999328613 y=265.79998779297}
[2026-04-26 22:09:08.896][17604][INFO] [Lua] [Visible][8] kind="image" addr=2666545679744 text="" name="" fullname="UIImage Transient.GameEngine.CoreGameInstance.TaskItem_C.WidgetTree.FullImg" x=107.03999328613 y=265.79998779297 raw={IsAsyncLoad=1} rel1_kind="text" rel1_text="支线 藏宝地：银沙边城" rel1_name="UITextBlock Transient.GameEngine.CoreGameInstance.TaskItem_C.WidgetTree.UITextBlock" rel1_fullname="" rel1_x=135.11999511719 rel1_y=269.40002441406 rel1_dx="28.08" rel1_dy="3.60" rel1_dist="28.31" rel2_kind="text" rel2_text="在雄狮之心找到下一个藏宝地（推荐等级44~54级）" rel2_name="UITextBlock Transient.GameEngine.CoreGameInstance.UISubTaskItem_C.WidgetTree.UITextBlock" rel2_fullname="" rel2_x=147.0 rel2_y=288.11999511719 rel2_dx="39.96" rel2_dy="22.32" rel2_dist="45.77"
[2026-04-26 22:09:08.897][17604][INFO] [Lua] [VisibleItem][8] item={Fullname="UIImage Transient.GameEngine.CoreGameInstance.TaskItem_C.WidgetTree.FullImg" IsAsyncLoad=1 addr=2666545679744 x=107.03999328613 y=265.79998779297}
[2026-04-26 22:09:08.897][17604][INFO] [Lua] F12 raw API dump complete | matches=8
[2026-04-26 22:09:56.910][17060][DEBUG] HttpClient: Response 200 OK
[2026-04-26 22:10:48.529][17060][DEBUG] HttpClient: Response 200 OK
[2026-04-26 22:11:20.765][17604][ERROR] LuaVM DoString exec failed: scripts/avepoint/hotkey.lua:4374: task stopped
stack traceback:
	[C]: in field 'sleep'
	scripts/avepoint/hotkey.lua:4374: in function 'main'
	C:\Users\GoldGiven\Desktop\cunnei\scripts\AvePoint.lua:167: in main chunk
	(...tail calls...)
	C:\Users\GoldGiven\Desktop\cunnei\AvePointStandalone.lua:128: in main chunk
[2026-04-26 22:11:20.765][17604][ERROR] Task 7 (AvePointStandalone.lua) failed: scripts/avepoint/hotkey.lua:4374: task stopped
stack traceback:
	[C]: in field 'sleep'
	scripts/avepoint/hotkey.lua:4374: in function 'main'
	C:\Users\GoldGiven\Desktop\cunnei\scripts\AvePoint.lua:167: in main chunk
	(...tail calls...)
	C:\Users\GoldGiven\Desktop\cunnei\AvePointStandalone.lua:128: in main chunk
[2026-04-26 22:11:20.789][12128][DEBUG] Task 7 (AvePointStandalone.lua) force cleaned up
[2026-04-26 22:11:20.792][12128][DEBUG] LuaVM: State closed
[2026-04-26 22:11:26.807][12128][DEBUG] Task 8 (AvePointStandalone.lua) created
[2026-04-26 22:11:26.807][12128][DEBUG] LuaVM: cffi module registered
[2026-04-26 22:11:26.807][12128][DEBUG] LuaVM: LuaSocket modules registered (socket.core, mime.core)
[2026-04-26 22:11:26.807][12128][DEBUG] LuaVM: State created successfully
[2026-04-26 22:11:26.807][12128][DEBUG] ImGuiLua: Module registered as 'imgui'
[2026-04-26 22:11:26.807][12128][DEBUG] Registered all Lua API modules
[2026-04-26 22:11:26.808][11152][INFO] Task 8 (AvePointStandalone.lua) started
[2026-04-26 22:11:26.808][11152][INFO] [Lua] AvePoint standalone entry starting
[2026-04-26 22:11:26.819][11152][INFO] [Lua] Process guard starting
[2026-04-26 22:11:26.819][11152][DEBUG] DriverMode: Process protected PID=12124
[2026-04-26 22:11:26.819][11152][INFO] [Lua] Process protection enabled. PID=12124
[2026-04-26 22:11:26.820][11152][INFO] [Lua] Process guard ready
[2026-04-26 22:11:26.820][11152][INFO] [Lua] Configured avepointTaskMode=2 (练级) in config.json
[2026-04-26 22:11:26.820][11152][INFO] [Lua] Press Insert or Ctrl+F9 or [ to start current task mode; Delete or Ctrl+F10 or ] to stop
[2026-04-26 22:11:26.820][11152][INFO] [Lua] Press F12 to dump raw API controls under cursor without clicking
[2026-04-26 22:11:26.820][11152][INFO] [Lua] Press F4 to preview the configured target for 分解所有按钮 without clicking
[2026-04-26 22:11:26.820][11152][INFO] [Lua] Press F3 to dump mouse-nearby button candidates for 当前鼠标按钮定位分析
[2026-04-26 22:11:26.821][11152][INFO] [Lua] Press F10 to inspect the same uniquely matched mouse target for 鼠标按钮验证点击 without clicking
[2026-04-26 22:11:26.821][11152][INFO] [Lua] Press F11 or \ to validate-click a uniquely matched mouse target for 鼠标按钮验证点击
[2026-04-26 22:11:26.821][11152][INFO] [Lua] Press F6 to print current player coordinates
[2026-04-26 22:11:26.821][11152][INFO] [Lua] Press F7 to print current player position and nearby portals
[2026-04-26 22:11:26.821][11152][INFO] [Lua] Press F8 to print current mouse client coordinates
[2026-04-26 22:11:26.821][11152][INFO] [Lua] Press F9 to run read-only Data API diagnostics
[2026-04-26 22:11:26.821][11152][INFO] [Lua] Press Ctrl+F12 to exit
[2026-04-26 22:11:26.822][11152][INFO] [Lua] Waiting for torchlight API/game init...
[2026-04-26 22:11:27.141][11152][DEBUG] DriverMode: InitRemoteCallEx PID=13440, Deployee=0x26CF3B20300
[2026-04-26 22:11:27.141][11152][INFO] [Lua] Torch API initialized
[2026-04-26 22:11:27.142][11152][INFO] [Lua] Current pos: 1279.00, -2432.00, 3119.91
[2026-04-26 22:11:40.200][17060][DEBUG] HttpClient: Response 200 OK
[2026-04-26 22:12:31.826][17060][DEBUG] HttpClient: Response 200 OK
[2026-04-26 22:13:23.442][17060][DEBUG] HttpClient: Response 200 OK
[2026-04-26 22:14:15.040][17060][DEBUG] HttpClient: Response 200 OK
[2026-04-26 22:14:16.209][11152][ERROR] LuaVM DoString exec failed: scripts/avepoint/hotkey.lua:4266: Script execution interrupted
stack traceback:
	scripts/avepoint/route.lua:34: in function 'pressed_once'
	scripts/avepoint/hotkey.lua:4266: in function 'main'
	C:\Users\GoldGiven\Desktop\cunnei\scripts\AvePoint.lua:167: in main chunk
	(...tail calls...)
	C:\Users\GoldGiven\Desktop\cunnei\AvePointStandalone.lua:128: in main chunk
[2026-04-26 22:14:16.209][11152][ERROR] Task 8 (AvePointStandalone.lua) failed: scripts/avepoint/hotkey.lua:4266: Script execution interrupted
stack traceback:
	scripts/avepoint/route.lua:34: in function 'pressed_once'
	scripts/avepoint/hotkey.lua:4266: in function 'main'
	C:\Users\GoldGiven\Desktop\cunnei\scripts\AvePoint.lua:167: in main chunk
	(...tail calls...)
	C:\Users\GoldGiven\Desktop\cunnei\AvePointStandalone.lua:128: in main chunk
[2026-04-26 22:14:16.235][12128][DEBUG] Task 8 (AvePointStandalone.lua) force cleaned up
[2026-04-26 22:14:16.236][12128][DEBUG] LuaVM: State closed
[2026-04-26 22:14:16.702][12128][DEBUG] Task 9 (AvePointStandalone.lua) created
[2026-04-26 22:14:16.703][12128][DEBUG] LuaVM: cffi module registered
[2026-04-26 22:14:16.703][12128][DEBUG] LuaVM: LuaSocket modules registered (socket.core, mime.core)
[2026-04-26 22:14:16.703][12128][DEBUG] LuaVM: State created successfully
[2026-04-26 22:14:16.703][12128][DEBUG] ImGuiLua: Module registered as 'imgui'
[2026-04-26 22:14:16.703][12128][DEBUG] Registered all Lua API modules
[2026-04-26 22:14:16.704][19336][INFO] Task 9 (AvePointStandalone.lua) started
[2026-04-26 22:14:16.704][19336][INFO] [Lua] AvePoint standalone entry starting
[2026-04-26 22:14:16.717][19336][INFO] [Lua] Process guard starting
[2026-04-26 22:14:16.717][19336][DEBUG] DriverMode: Process protected PID=12124
[2026-04-26 22:14:16.717][19336][INFO] [Lua] Process protection enabled. PID=12124
[2026-04-26 22:14:16.717][19336][INFO] [Lua] Process guard ready
[2026-04-26 22:14:16.718][19336][INFO] [Lua] Configured avepointTaskMode=2 (练级) in config.json
[2026-04-26 22:14:16.718][19336][INFO] [Lua] Press Insert or Ctrl+F9 or [ to start current task mode; Delete or Ctrl+F10 or ] to stop
[2026-04-26 22:14:16.718][19336][INFO] [Lua] Press F12 to dump raw GetCurrentSelected API output without clicking
[2026-04-26 22:14:16.718][19336][INFO] [Lua] Press F4 to preview the configured target for 分解所有按钮 without clicking
[2026-04-26 22:14:16.718][19336][INFO] [Lua] Press F3 to dump mouse-nearby button candidates for 当前鼠标按钮定位分析
[2026-04-26 22:14:16.719][19336][INFO] [Lua] Press F10 to inspect the same uniquely matched mouse target for 鼠标按钮验证点击 without clicking
[2026-04-26 22:14:16.719][19336][INFO] [Lua] Press F11 or \ to validate-click a uniquely matched mouse target for 鼠标按钮验证点击
[2026-04-26 22:14:16.719][19336][INFO] [Lua] Press F6 to print current player coordinates
[2026-04-26 22:14:16.719][19336][INFO] [Lua] Press F7 to print current player position and nearby portals
[2026-04-26 22:14:16.719][19336][INFO] [Lua] Press F8 to print current mouse client coordinates
[2026-04-26 22:14:16.720][19336][INFO] [Lua] Press F9 to run read-only Data API diagnostics
[2026-04-26 22:14:16.720][19336][INFO] [Lua] Press Ctrl+F12 to exit
[2026-04-26 22:14:16.720][19336][INFO] [Lua] Waiting for torchlight API/game init...
[2026-04-26 22:14:17.032][19336][DEBUG] DriverMode: InitRemoteCallEx PID=13440, Deployee=0x26CC1D60300
[2026-04-26 22:14:17.032][19336][INFO] [Lua] Torch API initialized
[2026-04-26 22:14:17.033][19336][INFO] [Lua] Current pos: 1279.00, -2432.00, 3119.91
[2026-04-26 22:14:24.450][19336][INFO] [Lua] F12 GetCurrentSelected raw dump | buttons=11 texts=32 images=1277
[2026-04-26 22:14:24.450][19336][INFO] [Lua] [Selected][1] kind="button" addr=2667343665488 text="" name="" fullname="UIButton Transient.GameEngine.CoreGameInstance.TaskItem_C.WidgetTree.TaskBtn" x=107.03999328613 y=212.16000366211 source="GetCurrentSelected" rel1_kind="text" rel1_text="主线 圣诫之末" rel1_name="UITextBlock Transient.GameEngine.CoreGameInstance.TaskItem_C.WidgetTree.UITextBlock" rel1_fullname="" rel1_x=135.11999511719 rel1_y=215.76000976562 rel1_dx="28.08" rel1_dy="3.60" rel1_dist="28.31" rel2_kind="text" rel2_text="与莫琳娜交谈" rel2_name="UITextBlock Transient.GameEngine.CoreGameInstance.UISubTaskItem_C.WidgetTree.UITextBlock" rel2_fullname="" rel2_x=147.0 rel2_y=234.48001098633 rel2_dx="39.96" rel2_dy="22.32" rel2_dist="45.77"
[2026-04-26 22:14:24.451][19336][INFO] [Lua] [SelectedItem][1] item={Fullname="UIButton Transient.GameEngine.CoreGameInstance.TaskItem_C.WidgetTree.TaskBtn" addr=2667343665488 text="" x=107.03999328613 y=212.16000366211}
[2026-04-26 22:14:24.451][19336][INFO] [Lua] F12 GetCurrentSelected raw dump complete | addr=2667343665488 name= x=107.04 y=212.16 text=
[2026-04-26 22:15:06.619][17060][DEBUG] HttpClient: Response 200 OK
[2026-04-26 22:15:58.192][17060][DEBUG] HttpClient: Response 200 OK
[2026-04-26 22:16:49.821][17060][DEBUG] HttpClient: Response 200 OK
[2026-04-26 22:17:41.421][17060][DEBUG] HttpClient: Response 200 OK
[2026-04-26 22:18:32.948][17060][DEBUG] HttpClient: Response 200 OK
[2026-04-26 22:19:24.600][17060][DEBUG] HttpClient: Response 200 OK
[2026-04-26 22:20:16.183][17060][DEBUG] HttpClient: Response 200 OK
[2026-04-26 22:21:07.800][17060][DEBUG] HttpClient: Response 200 OK
[2026-04-26 22:21:59.411][17060][DEBUG] HttpClient: Response 200 OK
[2026-04-26 22:22:20.718][19336][ERROR] LuaVM DoString exec failed: scripts/avepoint/hotkey.lua:4345: task stopped
stack traceback:
	[C]: in field 'sleep'
	scripts/avepoint/hotkey.lua:4345: in function 'main'
	C:\Users\GoldGiven\Desktop\cunnei\scripts\AvePoint.lua:167: in main chunk
	(...tail calls...)
	C:\Users\GoldGiven\Desktop\cunnei\AvePointStandalone.lua:128: in main chunk
[2026-04-26 22:22:20.719][19336][ERROR] Task 9 (AvePointStandalone.lua) failed: scripts/avepoint/hotkey.lua:4345: task stopped
stack traceback:
	[C]: in field 'sleep'
	scripts/avepoint/hotkey.lua:4345: in function 'main'
	C:\Users\GoldGiven\Desktop\cunnei\scripts\AvePoint.lua:167: in main chunk
	(...tail calls...)
	C:\Users\GoldGiven\Desktop\cunnei\AvePointStandalone.lua:128: in main chunk
[2026-04-26 22:22:20.739][12128][DEBUG] Task 9 (AvePointStandalone.lua) force cleaned up
[2026-04-26 22:22:20.741][12128][DEBUG] LuaVM: State closed
[2026-04-26 22:22:22.540][12128][DEBUG] Task 10 (AvePointStandalone.lua) created
[2026-04-26 22:22:22.540][12128][DEBUG] LuaVM: cffi module registered
[2026-04-26 22:22:22.541][12128][DEBUG] LuaVM: LuaSocket modules registered (socket.core, mime.core)
[2026-04-26 22:22:22.541][12128][DEBUG] LuaVM: State created successfully
[2026-04-26 22:22:22.541][12128][DEBUG] ImGuiLua: Module registered as 'imgui'
[2026-04-26 22:22:22.541][12128][DEBUG] Registered all Lua API modules
[2026-04-26 22:22:22.542][3160][INFO] Task 10 (AvePointStandalone.lua) started
[2026-04-26 22:22:22.542][3160][INFO] [Lua] AvePoint standalone entry starting
[2026-04-26 22:22:22.553][3160][INFO] [Lua] Process guard starting
[2026-04-26 22:22:22.554][3160][DEBUG] DriverMode: Process protected PID=12124
[2026-04-26 22:22:22.554][3160][INFO] [Lua] Process protection enabled. PID=12124
[2026-04-26 22:22:22.554][3160][INFO] [Lua] Process guard ready
[2026-04-26 22:22:22.554][3160][INFO] [Lua] Configured avepointTaskMode=2 (练级) in config.json
[2026-04-26 22:22:22.554][3160][INFO] [Lua] Press Insert or Ctrl+F9 or [ to start current task mode; Delete or Ctrl+F10 or ] to stop
[2026-04-26 22:22:22.555][3160][INFO] [Lua] Press F12 to dump raw GetCurrentSelected API output without clicking
[2026-04-26 22:22:22.555][3160][INFO] [Lua] Press F4 to preview the configured target for 分解所有按钮 without clicking
[2026-04-26 22:22:22.555][3160][INFO] [Lua] Press F3 to dump mouse-nearby button candidates for 当前鼠标按钮定位分析
[2026-04-26 22:22:22.555][3160][INFO] [Lua] Press F10 to inspect the same uniquely matched mouse target for 鼠标按钮验证点击 without clicking
[2026-04-26 22:22:22.555][3160][INFO] [Lua] Press F11 or \ to validate-click a uniquely matched mouse target for 鼠标按钮验证点击
[2026-04-26 22:22:22.555][3160][INFO] [Lua] Press F6 to print current player coordinates
[2026-04-26 22:22:22.556][3160][INFO] [Lua] Press F7 to print current player position and nearby portals
[2026-04-26 22:22:22.556][3160][INFO] [Lua] Press F8 to print current mouse client coordinates
[2026-04-26 22:22:22.556][3160][INFO] [Lua] Press F9 to run read-only Data API diagnostics
[2026-04-26 22:22:22.556][3160][INFO] [Lua] Press Ctrl+F12 to exit
[2026-04-26 22:22:22.557][3160][INFO] [Lua] Waiting for torchlight API/game init...
[2026-04-26 22:22:22.864][3160][DEBUG] DriverMode: InitRemoteCallEx PID=13440, Deployee=0x26CD8430300
[2026-04-26 22:22:22.864][3160][INFO] [Lua] Torch API initialized
[2026-04-26 22:22:22.864][3160][INFO] [Lua] Current pos: 1014.00, -1930.00, 3092.53
[2026-04-26 22:22:25.138][3160][DEBUG] Task 11 (AvePointLevelingNavWorker) created
[2026-04-26 22:22:25.138][3160][DEBUG] LuaVM: cffi module registered
[2026-04-26 22:22:25.139][3160][DEBUG] LuaVM: LuaSocket modules registered (socket.core, mime.core)
[2026-04-26 22:22:25.139][3160][DEBUG] LuaVM: State created successfully
[2026-04-26 22:22:25.139][3160][DEBUG] ImGuiLua: Module registered as 'imgui'
[2026-04-26 22:22:25.139][3160][DEBUG] Registered all Lua API modules
[2026-04-26 22:22:25.140][3160][INFO] [Lua] [Leveling] nav worker started | task_id=11 share=avepoint_leveling_nav_1777213345134_10
[2026-04-26 22:22:25.140][3160][INFO] [Lua] [Leveling] navigation mode | async nav worker path-route follow | task_move_interval=1200ms task_pos_interval=900ms
[2026-04-26 22:22:25.140][2092][INFO] Task 11 (AvePointLevelingNavWorker) started
[2026-04-26 22:22:25.140][3160][INFO] [Lua] [Leveling] runner started | mode=2 quest button -> task path -> NPC dialogue
[2026-04-26 22:22:25.140][3160][INFO] [Lua] [Leveling] logic: click main task button, fetch task path, MoveTo target, confirm nearby NPC, press D, then continue
[2026-04-26 22:22:25.140][3160][INFO] [Lua] [Leveling] startup boss combat window armed | window=10000ms
[2026-04-26 22:22:25.140][3160][INFO] [Lua] [Leveling] startup state resolve armed | window=3000ms
[2026-04-26 22:22:25.141][3160][INFO] [Lua] [Leveling] map runtime detection | enabled=false
[2026-04-26 22:22:25.141][3160][INFO] [Lua] AvePoint automation started | mode=练级(2)
[2026-04-26 22:22:25.141][3160][INFO] [Lua] [Leveling] IsMainInterface=false but player position is available, continue leveling.
[2026-04-26 22:22:25.354][3160][INFO] [Lua] [Leveling] task name candidates | map= button_text= related_text= anchor=(73.04,224.16)
[2026-04-26 22:22:25.355][3160][INFO] [Lua] [Leveling] current task updated | task=与莫琳娜交谈 source=nearby_text anchor=(73.04,224.16)
[2026-04-26 22:22:25.355][3160][INFO] [Lua] [Leveling] main task call begin | stage=bootstrap task=与莫琳娜交谈 detail= mode=hard_refresh queries=与莫琳娜交谈 -> 主线
[2026-04-26 22:22:25.974][3160][INFO] [Lua] [Leveling] main task panel queries missed, fallback to anchor button | stage=bootstrap task=与莫琳娜交谈 detail=
[2026-04-26 22:22:26.386][3160][WARN] [Lua] [Leveling] main task button fetch failed: Nearby button not found. nearby=text text=主线 圣诫之末 pos=(135.1,215.8) d=62.6 | text text=与莫琳娜交谈 pos=(147.0,234.5) d=74.7 | text text=支线 藏宝地：银沙边城 pos=(135.1,269.4) d=76.8 | text text=在雄狮之心找到下一个藏宝地（推荐等级44~54级） pos=(147.0,288.1) d=97.8 selected_fallback=Current selected button not found.
[2026-04-26 22:22:26.386][3160][INFO] [Lua] [Leveling] startup waiting main task call before movement: Nearby button not found.
[2026-04-26 22:22:26.386][3160][INFO] [Lua] [Leveling] navigation hold | reason=startup_task_reacquire
[2026-04-26 22:22:26.386][3160][INFO] [Lua] [Leveling] heartbeat | stage=startup_task_reacquire tick=1 pos=1014.00, -1930.00, 3092.53 target=nil path_points=0
[2026-04-26 22:22:26.430][3160][INFO] [Lua] [Leveling] nav worker status | paused
[2026-04-26 22:22:26.680][3160][INFO] [Lua] [Leveling] main task call begin | stage=startup_task_reacquire task=与莫琳娜交谈 detail= mode=hard_refresh queries=与莫琳娜交谈 -> 主线
[2026-04-26 22:22:26.885][3160][WARN] [Lua] [Leveling] mainline panel kind click failed: Invalid control address.
[2026-04-26 22:22:27.303][3160][INFO] [Lua] [Leveling] main task panel queries missed, fallback to anchor button | stage=startup_task_reacquire task=与莫琳娜交谈 detail=
[2026-04-26 22:22:28.251][3160][INFO] [Lua] [Leveling] IsMainInterface=false but player position is available, continue leveling.
[2026-04-26 22:22:28.251][3160][INFO] [Lua] [Leveling] startup state resolve extended until main task is called.
[2026-04-26 22:22:28.252][3160][INFO] [Lua] [Leveling] main task call begin | stage=startup_task_reacquire task=与莫琳娜交谈 detail= mode=hard_refresh queries=与莫琳娜交谈 -> 主线
[2026-04-26 22:22:28.868][3160][INFO] [Lua] [Leveling] main task panel queries missed, fallback to anchor button | stage=startup_task_reacquire task=与莫琳娜交谈 detail=
[2026-04-26 22:22:29.281][3160][INFO] [Lua] [Leveling] heartbeat | stage=startup_task_reacquire tick=7 pos=1014.00, -1930.00, 3092.53 target=nil path_points=0
[2026-04-26 22:22:29.538][3160][INFO] [Lua] [Leveling] task name candidates | map= button_text= related_text= anchor=(73.04,224.16)
[2026-04-26 22:22:29.538][3160][INFO] [Lua] [Leveling] navigation hold | reason=startup_task_reacquire
[2026-04-26 22:22:29.819][3160][INFO] [Lua] [Leveling] main task call begin | stage=startup_task_reacquire task=与莫琳娜交谈 detail= mode=hard_refresh queries=与莫琳娜交谈 -> 主线
[2026-04-26 22:22:30.440][3160][INFO] [Lua] [Leveling] main task panel queries missed, fallback to anchor button | stage=startup_task_reacquire task=与莫琳娜交谈 detail=
[2026-04-26 22:22:30.860][3160][WARN] [Lua] [Leveling] main task button fetch failed: Nearby button not found. nearby=text text=主线 圣诫之末 pos=(135.1,215.8) d=62.6 | text text=与莫琳娜交谈 pos=(147.0,234.5) d=74.7 | text text=支线 藏宝地：银沙边城 pos=(135.1,269.4) d=76.8 | text text=在雄狮之心找到下一个藏宝地（推荐等级44~54级） pos=(147.0,288.1) d=97.8 selected_fallback=Current selected button not found.
[2026-04-26 22:22:30.861][3160][INFO] [Lua] [Leveling] startup waiting main task call before movement: Nearby button not found.
[2026-04-26 22:22:31.266][3160][INFO] [Lua] [Leveling] IsMainInterface=false but player position is available, continue leveling.
[2026-04-26 22:22:31.266][3160][INFO] [Lua] [Leveling] heartbeat | stage=startup_task_reacquire tick=14 pos=1014.00, -1930.00, 3092.53 target=nil path_points=0
[2026-04-26 22:22:31.390][3160][INFO] [Lua] [Leveling] main task call begin | stage=startup_task_reacquire task=与莫琳娜交谈 detail= mode=hard_refresh queries=与莫琳娜交谈 -> 主线
[2026-04-26 22:22:32.001][3160][INFO] [Lua] [Leveling] main task panel queries missed, fallback to anchor button | stage=startup_task_reacquire task=与莫琳娜交谈 detail=
[2026-04-26 22:22:32.459][3160][INFO] [Lua] [Leveling] startup state resolve extended until main task is called.
[2026-04-26 22:22:32.670][3160][INFO] [Lua] [Leveling] task name candidates | map= button_text= related_text= anchor=(73.04,224.16)
[2026-04-26 22:22:32.671][3160][INFO] [Lua] [Leveling] navigation hold | reason=startup_task_reacquire
[2026-04-26 22:22:32.957][3160][INFO] [Lua] [Leveling] main task call begin | stage=startup_task_reacquire task=与莫琳娜交谈 detail= mode=hard_refresh queries=与莫琳娜交谈 -> 主线
[2026-04-26 22:22:33.574][3160][INFO] [Lua] [Leveling] main task panel queries missed, fallback to anchor button | stage=startup_task_reacquire task=与莫琳娜交谈 detail=
[2026-04-26 22:22:33.995][3160][WARN] [Lua] [Leveling] main task button fetch failed: Nearby button not found. nearby=text text=主线 圣诫之末 pos=(135.1,215.8) d=62.6 | text text=与莫琳娜交谈 pos=(147.0,234.5) d=74.7 | text text=支线 藏宝地：银沙边城 pos=(135.1,269.4) d=76.8 | text text=在雄狮之心找到下一个藏宝地（推荐等级44~54级） pos=(147.0,288.1) d=97.8 selected_fallback=Current selected button not found.
[2026-04-26 22:22:33.996][3160][INFO] [Lua] [Leveling] startup waiting main task call before movement: Nearby button not found.
[2026-04-26 22:22:34.035][3160][INFO] [Lua] [Leveling] runner stopped
[2026-04-26 22:22:34.043][3160][INFO] [Lua] [Treasure] resume snapshot cleared | reason=leveling_stop save_ok=true
[2026-04-26 22:22:34.043][3160][INFO] [Lua] AvePoint automation stopped
[2026-04-26 22:22:34.060][2092][ERROR] LuaVM DoFile failed [C:\Users\GoldGiven\Desktop\cunnei/scripts/AvePointLevelingNavWorker.lua]: ...ven\Desktop\cunnei/scripts/AvePointLevelingNavWorker.lua:86: Script execution interrupted
stack traceback:
	...ven\Desktop\cunnei/scripts/AvePointLevelingNavWorker.lua:70: in upvalue 'share_key'
	...ven\Desktop\cunnei/scripts/AvePointLevelingNavWorker.lua:86: in local 'share_get'
	...ven\Desktop\cunnei/scripts/AvePointLevelingNavWorker.lua:328: in main chunk
[2026-04-26 22:22:34.060][2092][ERROR] Task 11 (AvePointLevelingNavWorker) failed: ...ven\Desktop\cunnei/scripts/AvePointLevelingNavWorker.lua:86: Script execution interrupted
stack traceback:
	...ven\Desktop\cunnei/scripts/AvePointLevelingNavWorker.lua:70: in upvalue 'share_key'
	...ven\Desktop\cunnei/scripts/AvePointLevelingNavWorker.lua:86: in local 'share_get'
	...ven\Desktop\cunnei/scripts/AvePointLevelingNavWorker.lua:328: in main chunk
[2026-04-26 22:22:51.000][17060][DEBUG] HttpClient: Response 200 OK
[2026-04-26 22:23:42.694][17060][DEBUG] HttpClient: Response 200 OK
[2026-04-26 22:24:34.313][17060][DEBUG] HttpClient: Response 200 OK
[2026-04-26 22:25:14.969][12128][DEBUG] Task 11 (AvePointLevelingNavWorker) cleaned up
[2026-04-26 22:25:14.970][12128][DEBUG] LuaVM: State closed
[2026-04-26 22:25:14.988][3160][ERROR] LuaVM DoString exec failed: scripts/avepoint/hotkey.lua:4345: task stopped
stack traceback:
	[C]: in field 'sleep'
	scripts/avepoint/hotkey.lua:4345: in function 'main'
	C:\Users\GoldGiven\Desktop\cunnei\scripts\AvePoint.lua:167: in main chunk
	(...tail calls...)
	C:\Users\GoldGiven\Desktop\cunnei\AvePointStandalone.lua:128: in main chunk
[2026-04-26 22:25:14.988][3160][ERROR] Task 10 (AvePointStandalone.lua) failed: scripts/avepoint/hotkey.lua:4345: task stopped
stack traceback:
	[C]: in field 'sleep'
	scripts/avepoint/hotkey.lua:4345: in function 'main'
	C:\Users\GoldGiven\Desktop\cunnei\scripts\AvePoint.lua:167: in main chunk
	(...tail calls...)
	C:\Users\GoldGiven\Desktop\cunnei\AvePointStandalone.lua:128: in main chunk
[2026-04-26 22:25:15.018][12128][DEBUG] Task 10 (AvePointStandalone.lua) force cleaned up
[2026-04-26 22:25:15.022][12128][DEBUG] LuaVM: State closed
[2026-04-26 22:25:15.635][12128][DEBUG] Task 12 (AvePointStandalone.lua) created
[2026-04-26 22:25:15.636][12128][DEBUG] LuaVM: cffi module registered
[2026-04-26 22:25:15.636][12128][DEBUG] LuaVM: LuaSocket modules registered (socket.core, mime.core)
[2026-04-26 22:25:15.636][12128][DEBUG] LuaVM: State created successfully
[2026-04-26 22:25:15.636][12128][DEBUG] ImGuiLua: Module registered as 'imgui'
[2026-04-26 22:25:15.637][12128][DEBUG] Registered all Lua API modules
[2026-04-26 22:25:15.637][2724][INFO] Task 12 (AvePointStandalone.lua) started
[2026-04-26 22:25:15.637][2724][INFO] [Lua] AvePoint standalone entry starting
[2026-04-26 22:25:15.648][2724][INFO] [Lua] Process guard starting
[2026-04-26 22:25:15.648][2724][DEBUG] DriverMode: Process protected PID=12124
[2026-04-26 22:25:15.649][2724][INFO] [Lua] Process protection enabled. PID=12124
[2026-04-26 22:25:15.649][2724][INFO] [Lua] Process guard ready
[2026-04-26 22:25:15.649][2724][INFO] [Lua] Configured avepointTaskMode=2 (练级) in config.json
[2026-04-26 22:25:15.649][2724][INFO] [Lua] Press Insert or Ctrl+F9 or [ to start current task mode; Delete or Ctrl+F10 or ] to stop
[2026-04-26 22:25:15.649][2724][INFO] [Lua] Press F12 to dump raw GetCurrentSelected API output without clicking
[2026-04-26 22:25:15.650][2724][INFO] [Lua] Press F4 to preview the configured target for 分解所有按钮 without clicking
[2026-04-26 22:25:15.650][2724][INFO] [Lua] Press F3 to dump mouse-nearby button candidates for 当前鼠标按钮定位分析
[2026-04-26 22:25:15.650][2724][INFO] [Lua] Press F10 to inspect the same uniquely matched mouse target for 鼠标按钮验证点击 without clicking
[2026-04-26 22:25:15.650][2724][INFO] [Lua] Press F11 or \ to validate-click a uniquely matched mouse target for 鼠标按钮验证点击
[2026-04-26 22:25:15.650][2724][INFO] [Lua] Press F6 to print current player coordinates
[2026-04-26 22:25:15.650][2724][INFO] [Lua] Press F7 to print current player position and nearby portals
[2026-04-26 22:25:15.650][2724][INFO] [Lua] Press F8 to print current mouse client coordinates
[2026-04-26 22:25:15.651][2724][INFO] [Lua] Press F9 to run read-only Data API diagnostics
[2026-04-26 22:25:15.651][2724][INFO] [Lua] Press Ctrl+F12 to exit
[2026-04-26 22:25:15.651][2724][INFO] [Lua] Waiting for torchlight API/game init...
[2026-04-26 22:25:15.967][2724][DEBUG] DriverMode: InitRemoteCallEx PID=13440, Deployee=0x26CEE120300
[2026-04-26 22:25:15.967][2724][INFO] [Lua] Torch API initialized
[2026-04-26 22:25:15.968][2724][INFO] [Lua] Current pos: 1014.00, -1930.00, 3092.53
[2026-04-26 22:25:20.870][2724][DEBUG] Task 13 (AvePointLevelingNavWorker) created
[2026-04-26 22:25:20.870][2724][DEBUG] LuaVM: cffi module registered
[2026-04-26 22:25:20.871][2724][DEBUG] LuaVM: LuaSocket modules registered (socket.core, mime.core)
[2026-04-26 22:25:20.871][2724][DEBUG] LuaVM: State created successfully
[2026-04-26 22:25:20.871][2724][DEBUG] ImGuiLua: Module registered as 'imgui'
[2026-04-26 22:25:20.871][2724][DEBUG] Registered all Lua API modules
[2026-04-26 22:25:20.872][2724][INFO] [Lua] [Leveling] nav worker started | task_id=13 share=avepoint_leveling_nav_1777213520864_12
[2026-04-26 22:25:20.872][2724][INFO] [Lua] [Leveling] navigation mode | async nav worker path-route follow | task_move_interval=1200ms task_pos_interval=900ms
[2026-04-26 22:25:20.872][12796][INFO] Task 13 (AvePointLevelingNavWorker) started
[2026-04-26 22:25:20.872][2724][INFO] [Lua] [Leveling] runner started | mode=2 quest button -> task path -> NPC dialogue
[2026-04-26 22:25:20.872][2724][INFO] [Lua] [Leveling] logic: click main task button, fetch task path, MoveTo target, confirm nearby NPC, press D, then continue
[2026-04-26 22:25:20.872][2724][INFO] [Lua] [Leveling] startup boss combat window armed | window=10000ms
[2026-04-26 22:25:20.872][2724][INFO] [Lua] [Leveling] startup state resolve armed | window=3000ms
[2026-04-26 22:25:20.873][2724][INFO] [Lua] [Leveling] map runtime detection | enabled=false
[2026-04-26 22:25:20.873][2724][INFO] [Lua] AvePoint automation started | mode=练级(2)
[2026-04-26 22:25:20.873][2724][INFO] [Lua] [Leveling] IsMainInterface=false but player position is available, continue leveling.
[2026-04-26 22:25:21.076][2724][INFO] [Lua] [Leveling] task name candidates | map= button_text= related_text= anchor=(73.04,224.16)
[2026-04-26 22:25:21.076][2724][INFO] [Lua] [Leveling] current task updated | task=与莫琳娜交谈 source=nearby_text anchor=(73.04,224.16)
[2026-04-26 22:25:21.076][2724][INFO] [Lua] [Leveling] main task call begin | stage=bootstrap task=与莫琳娜交谈 detail= mode=hard_refresh queries=与莫琳娜交谈 -> 主线
[2026-04-26 22:25:21.696][2724][INFO] [Lua] [Leveling] main task panel queries missed, fallback to anchor button | stage=bootstrap task=与莫琳娜交谈 detail=
[2026-04-26 22:25:22.106][2724][WARN] [Lua] [Leveling] main task button fetch failed: Nearby button not found. nearby=text text=主线 圣诫之末 pos=(135.1,215.8) d=62.6 | text text=与莫琳娜交谈 pos=(147.0,234.5) d=74.7 | text text=支线 藏宝地：银沙边城 pos=(135.1,269.4) d=76.8 | text text=在雄狮之心找到下一个藏宝地（推荐等级44~54级） pos=(147.0,288.1) d=97.8 selected_fallback=Current selected button not found.
[2026-04-26 22:25:22.106][2724][INFO] [Lua] [Leveling] startup waiting main task call before movement: Nearby button not found.
[2026-04-26 22:25:22.106][2724][INFO] [Lua] [Leveling] navigation hold | reason=startup_task_reacquire
[2026-04-26 22:25:22.106][2724][INFO] [Lua] [Leveling] heartbeat | stage=startup_task_reacquire tick=1 pos=1014.00, -1930.00, 3092.53 target=nil path_points=0
[2026-04-26 22:25:22.152][2724][INFO] [Lua] [Leveling] nav worker status | paused
[2026-04-26 22:25:22.398][2724][INFO] [Lua] [Leveling] main task call begin | stage=startup_task_reacquire task=与莫琳娜交谈 detail= mode=hard_refresh queries=与莫琳娜交谈 -> 主线
[2026-04-26 22:25:23.024][2724][INFO] [Lua] [Leveling] main task panel queries missed, fallback to anchor button | stage=startup_task_reacquire task=与莫琳娜交谈 detail=
[2026-04-26 22:25:23.986][2724][INFO] [Lua] [Leveling] IsMainInterface=false but player position is available, continue leveling.
[2026-04-26 22:25:23.986][2724][INFO] [Lua] [Leveling] startup state resolve extended until main task is called.
[2026-04-26 22:25:23.987][2724][INFO] [Lua] [Leveling] main task call begin | stage=startup_task_reacquire task=与莫琳娜交谈 detail= mode=hard_refresh queries=与莫琳娜交谈 -> 主线
[2026-04-26 22:25:24.605][2724][INFO] [Lua] [Leveling] main task panel queries missed, fallback to anchor button | stage=startup_task_reacquire task=与莫琳娜交谈 detail=
[2026-04-26 22:25:25.018][2724][INFO] [Lua] [Leveling] heartbeat | stage=startup_task_reacquire tick=7 pos=1014.00, -1930.00, 3092.53 target=nil path_points=0
[2026-04-26 22:25:25.266][2724][INFO] [Lua] [Leveling] task name candidates | map= button_text= related_text= anchor=(73.04,224.16)
[2026-04-26 22:25:25.267][2724][INFO] [Lua] [Leveling] navigation hold | reason=startup_task_reacquire
[2026-04-26 22:25:25.559][2724][INFO] [Lua] [Leveling] main task call begin | stage=startup_task_reacquire task=与莫琳娜交谈 detail= mode=hard_refresh queries=与莫琳娜交谈 -> 主线
[2026-04-26 22:25:25.914][17060][DEBUG] HttpClient: Response 200 OK
[2026-04-26 22:25:26.180][2724][INFO] [Lua] [Leveling] main task panel queries missed, fallback to anchor button | stage=startup_task_reacquire task=与莫琳娜交谈 detail=
[2026-04-26 22:25:26.591][2724][WARN] [Lua] [Leveling] main task button fetch failed: Nearby button not found. nearby=text text=主线 圣诫之末 pos=(135.1,215.8) d=62.6 | text text=与莫琳娜交谈 pos=(147.0,234.5) d=74.7 | text text=支线 藏宝地：银沙边城 pos=(135.1,269.4) d=76.8 | text text=在雄狮之心找到下一个藏宝地（推荐等级44~54级） pos=(147.0,288.1) d=97.8 selected_fallback=Current selected button not found.
[2026-04-26 22:25:26.591][2724][INFO] [Lua] [Leveling] startup waiting main task call before movement: Nearby button not found.
[2026-04-26 22:25:27.016][2724][INFO] [Lua] [Leveling] IsMainInterface=false but player position is available, continue leveling.
[2026-04-26 22:25:27.016][2724][INFO] [Lua] [Leveling] heartbeat | stage=startup_task_reacquire tick=14 pos=1014.00, -1930.00, 3092.53 target=nil path_points=0
[2026-04-26 22:25:27.123][2724][INFO] [Lua] [Leveling] main task call begin | stage=startup_task_reacquire task=与莫琳娜交谈 detail= mode=hard_refresh queries=与莫琳娜交谈 -> 主线
[2026-04-26 22:25:27.730][2724][INFO] [Lua] [Leveling] main task panel queries missed, fallback to anchor button | stage=startup_task_reacquire task=与莫琳娜交谈 detail=
[2026-04-26 22:25:28.185][2724][INFO] [Lua] [Leveling] startup state resolve extended until main task is called.
[2026-04-26 22:25:28.391][2724][INFO] [Lua] [Leveling] task name candidates | map= button_text= related_text= anchor=(73.04,224.16)
[2026-04-26 22:25:28.392][2724][INFO] [Lua] [Leveling] navigation hold | reason=startup_task_reacquire
[2026-04-26 22:25:28.664][2724][INFO] [Lua] [Leveling] main task call begin | stage=startup_task_reacquire task=与莫琳娜交谈 detail= mode=hard_refresh queries=与莫琳娜交谈 -> 主线
[2026-04-26 22:25:29.282][2724][INFO] [Lua] [Leveling] main task panel queries missed, fallback to anchor button | stage=startup_task_reacquire task=与莫琳娜交谈 detail=
[2026-04-26 22:25:29.693][2724][WARN] [Lua] [Leveling] main task button fetch failed: Nearby button not found. nearby=text text=主线 圣诫之末 pos=(135.1,215.8) d=62.6 | text text=与莫琳娜交谈 pos=(147.0,234.5) d=74.7 | text text=支线 藏宝地：银沙边城 pos=(135.1,269.4) d=76.8 | text text=在雄狮之心找到下一个藏宝地（推荐等级44~54级） pos=(147.0,288.1) d=97.8 selected_fallback=Current selected button not found.
[2026-04-26 22:25:29.693][2724][INFO] [Lua] [Leveling] startup waiting main task call before movement: Nearby button not found.
[2026-04-26 22:25:30.111][2724][INFO] [Lua] [Leveling] IsMainInterface=false but player position is available, continue leveling.
[2026-04-26 22:25:30.111][2724][INFO] [Lua] [Leveling] heartbeat | stage=startup_task_reacquire tick=22 pos=1014.00, -1930.00, 3092.53 target=nil path_points=0
[2026-04-26 22:25:30.187][2724][ERROR] LuaVM DoString exec failed: scripts/avepoint/hotkey.lua:4345: task stopped
stack traceback:
	[C]: in field 'sleep'
	scripts/avepoint/hotkey.lua:4345: in function 'main'
	C:\Users\GoldGiven\Desktop\cunnei\scripts\AvePoint.lua:167: in main chunk
	(...tail calls...)
	C:\Users\GoldGiven\Desktop\cunnei\AvePointStandalone.lua:128: in main chunk
[2026-04-26 22:25:30.188][2724][ERROR] Task 12 (AvePointStandalone.lua) failed: scripts/avepoint/hotkey.lua:4345: task stopped
stack traceback:
	[C]: in field 'sleep'
	scripts/avepoint/hotkey.lua:4345: in function 'main'
	C:\Users\GoldGiven\Desktop\cunnei\scripts\AvePoint.lua:167: in main chunk
	(...tail calls...)
	C:\Users\GoldGiven\Desktop\cunnei\AvePointStandalone.lua:128: in main chunk
[2026-04-26 22:25:30.203][12796][DEBUG] LuaVM DoFile success: C:\Users\GoldGiven\Desktop\cunnei/scripts/AvePointLevelingNavWorker.lua
[2026-04-26 22:25:30.203][12796][WARN] Cleanup callback failed: ...ven\Desktop\cunnei/scripts/AvePointLevelingNavWorker.lua:139: Script execution interrupted
stack traceback:
	...ven\Desktop\cunnei/scripts/AvePointLevelingNavWorker.lua:102: in upvalue 'share_set'
	...ven\Desktop\cunnei/scripts/AvePointLevelingNavWorker.lua:139: in function <...ven\Desktop\cunnei/scripts/AvePointLevelingNavWorker.lua:137>
[2026-04-26 22:25:30.203][12796][INFO] Task 13 (AvePointLevelingNavWorker) cancelled
[2026-04-26 22:25:30.217][12128][DEBUG] Task 12 (AvePointStandalone.lua) force cleaned up
[2026-04-26 22:25:30.222][12128][DEBUG] LuaVM: State closed
[2026-04-26 22:25:30.222][12128][DEBUG] Task 13 (AvePointLevelingNavWorker) cleaned up
[2026-04-26 22:25:30.223][12128][DEBUG] LuaVM: State closed
[2026-04-26 22:26:17.521][17060][DEBUG] HttpClient: Response 200 OK
[2026-04-26 22:27:09.189][17060][DEBUG] HttpClient: Response 200 OK
[2026-04-26 22:28:00.767][17060][DEBUG] HttpClient: Response 200 OK
[2026-04-26 22:28:52.394][17060][DEBUG] HttpClient: Response 200 OK
[2026-04-26 22:29:33.063][12128][DEBUG] Task 14 (AvePointStandalone.lua) created
[2026-04-26 22:29:33.064][12128][DEBUG] LuaVM: cffi module registered
[2026-04-26 22:29:33.064][12128][DEBUG] LuaVM: LuaSocket modules registered (socket.core, mime.core)
[2026-04-26 22:29:33.065][12128][DEBUG] LuaVM: State created successfully
[2026-04-26 22:29:33.065][12128][DEBUG] ImGuiLua: Module registered as 'imgui'
[2026-04-26 22:29:33.065][12128][DEBUG] Registered all Lua API modules
[2026-04-26 22:29:33.065][20284][INFO] Task 14 (AvePointStandalone.lua) started
[2026-04-26 22:29:33.066][20284][INFO] [Lua] AvePoint standalone entry starting
[2026-04-26 22:29:33.077][20284][INFO] [Lua] Process guard starting
[2026-04-26 22:29:33.077][20284][DEBUG] DriverMode: Process protected PID=12124
[2026-04-26 22:29:33.077][20284][INFO] [Lua] Process protection enabled. PID=12124
[2026-04-26 22:29:33.078][20284][INFO] [Lua] Process guard ready
[2026-04-26 22:29:33.078][20284][INFO] [Lua] Configured avepointTaskMode=2 (练级) in config.json
[2026-04-26 22:29:33.078][20284][INFO] [Lua] Press Insert or Ctrl+F9 or [ to start current task mode; Delete or Ctrl+F10 or ] to stop
[2026-04-26 22:29:33.078][20284][INFO] [Lua] Press F12 to dump raw GetCurrentSelected API output without clicking
[2026-04-26 22:29:33.079][20284][INFO] [Lua] Press F4 to preview the configured target for 分解所有按钮 without clicking
[2026-04-26 22:29:33.079][20284][INFO] [Lua] Press F3 to dump mouse-nearby button candidates for 当前鼠标按钮定位分析
[2026-04-26 22:29:33.079][20284][INFO] [Lua] Press F10 to inspect the same uniquely matched mouse target for 鼠标按钮验证点击 without clicking
[2026-04-26 22:29:33.079][20284][INFO] [Lua] Press F11 or \ to validate-click a uniquely matched mouse target for 鼠标按钮验证点击
[2026-04-26 22:29:33.080][20284][INFO] [Lua] Press F6 to print current player coordinates
[2026-04-26 22:29:33.080][20284][INFO] [Lua] Press F7 to print current player position and nearby portals
[2026-04-26 22:29:33.080][20284][INFO] [Lua] Press F8 to print current mouse client coordinates
[2026-04-26 22:29:33.080][20284][INFO] [Lua] Press F9 to run read-only Data API diagnostics
[2026-04-26 22:29:33.080][20284][INFO] [Lua] Press Ctrl+F12 to exit
[2026-04-26 22:29:33.081][20284][INFO] [Lua] Waiting for torchlight API/game init...
[2026-04-26 22:29:33.392][20284][DEBUG] DriverMode: InitRemoteCallEx PID=13440, Deployee=0x26D1A5D0300
[2026-04-26 22:29:33.393][20284][INFO] [Lua] Torch API initialized
[2026-04-26 22:29:33.393][20284][INFO] [Lua] Current pos: 1014.00, -1930.00, 3092.53
[2026-04-26 22:29:39.896][20284][DEBUG] Task 15 (AvePointLevelingNavWorker) created
[2026-04-26 22:29:39.896][20284][DEBUG] LuaVM: cffi module registered
[2026-04-26 22:29:39.896][20284][DEBUG] LuaVM: LuaSocket modules registered (socket.core, mime.core)
[2026-04-26 22:29:39.897][20284][DEBUG] LuaVM: State created successfully
[2026-04-26 22:29:39.897][20284][DEBUG] ImGuiLua: Module registered as 'imgui'
[2026-04-26 22:29:39.897][20284][DEBUG] Registered all Lua API modules
[2026-04-26 22:29:39.897][20284][INFO] [Lua] [Leveling] nav worker started | task_id=15 share=avepoint_leveling_nav_1777213779891_14
[2026-04-26 22:29:39.897][20284][INFO] [Lua] [Leveling] navigation mode | async nav worker path-route follow | task_move_interval=1200ms task_pos_interval=900ms
[2026-04-26 22:29:39.898][17648][INFO] Task 15 (AvePointLevelingNavWorker) started
[2026-04-26 22:29:39.898][20284][INFO] [Lua] [Leveling] runner started | mode=2 quest button -> task path -> NPC dialogue
[2026-04-26 22:29:39.898][20284][INFO] [Lua] [Leveling] logic: click main task button, fetch task path, MoveTo target, confirm nearby NPC, press D, then continue
[2026-04-26 22:29:39.898][20284][INFO] [Lua] [Leveling] startup boss combat window armed | window=10000ms
[2026-04-26 22:29:39.898][20284][INFO] [Lua] [Leveling] startup state resolve armed | window=3000ms
[2026-04-26 22:29:39.898][20284][INFO] [Lua] [Leveling] map runtime detection | enabled=false
[2026-04-26 22:29:39.898][20284][INFO] [Lua] AvePoint automation started | mode=练级(2)
[2026-04-26 22:29:39.899][20284][INFO] [Lua] [Leveling] IsMainInterface=false but player position is available, continue leveling.
[2026-04-26 22:29:40.110][20284][INFO] [Lua] [Leveling] task name candidates | map= button_text= related_text= anchor=(73.04,224.16)
[2026-04-26 22:29:40.111][20284][INFO] [Lua] [Leveling] current task updated | task=与莫琳娜交谈 source=nearby_text anchor=(73.04,224.16)
[2026-04-26 22:29:40.111][20284][INFO] [Lua] [Leveling] main task call begin | stage=bootstrap task=与莫琳娜交谈 detail= mode=hard_refresh queries=与莫琳娜交谈 -> 主线
[2026-04-26 22:29:40.736][20284][INFO] [Lua] [Leveling] main task panel queries missed, fallback to anchor button | stage=bootstrap task=与莫琳娜交谈 detail=
[2026-04-26 22:29:41.230][20284][INFO] [Lua] [Leveling] main task button nearby-text window-click fallback hit | text=主线 圣诫之末 text_pos=(135.12,215.76) click_pos=(107.12,211.76)
[2026-04-26 22:29:41.441][20284][INFO] [Lua] [Leveling] current task updated | task=主线 圣诫之末 source=button anchor=(107.12,211.76)
[2026-04-26 22:29:41.441][20284][INFO] [Lua] [Leveling] task_pos reject armed after main task click | reason=startup_main_task_reacquire reject_ms=8500
[2026-04-26 22:29:41.442][20284][INFO] [Lua] [Leveling] main task panel entry clicked | query=nearby_text:window_click task=圣诫之末 detail= mode=hard_refresh raw=主线 圣诫之末 kind=主线 addr= pos=(107.12,211.76)
[2026-04-26 22:29:41.442][20284][INFO] [Lua] [Leveling] navigation hold | reason=wait_task_path_after_button
[2026-04-26 22:29:41.442][20284][INFO] [Lua] [Leveling] startup main task called before any objective/follow logic | task=圣诫之末 detail= window_left=2992ms
[2026-04-26 22:29:41.442][20284][INFO] [Lua] [Leveling] heartbeat | stage=wait_task_path_after_button tick=1 pos=902.00, -1654.00, 3092.00 target=nil path_points=0
[2026-04-26 22:29:41.480][20284][INFO] [Lua] [Leveling] nav worker status | paused
[2026-04-26 22:29:41.481][20284][WARN] [Lua] [Leveling] main task data unavailable after task button click. path_err=GetMainTaskPath failed. pos_err=GetMainTaskPos failed.
[2026-04-26 22:29:41.481][20284][INFO] [Lua] [Leveling] exec trace | stage=wait_task_path_after_button reason=waiting_task_path_after_button task=圣诫之末 detail= pos=902.00, -1654.00, 3092.00 target_source= target=nil destination=nil goal_distance=nil objective_mode=
[2026-04-26 22:29:41.797][20284][INFO] [Lua] [Leveling] current task updated | task=与莫琳娜交谈 source=nearby_text anchor=(73.04,224.16)
[2026-04-26 22:29:41.798][20284][INFO] [Lua] [Leveling] global task portal suppressed during startup/task reacquire | stage=wait_task_path_after_button has_target=false startup_resolving=false
[2026-04-26 22:29:42.006][20284][INFO] [Lua] [Leveling] guide skip button not visible: Nearby button not found.
[2026-04-26 22:29:42.006][20284][INFO] [Lua] [Leveling] exec trace | stage=wait_task reason=no_task_target_wait task=与莫琳娜交谈 detail= pos=902.00, -1654.00, 3092.00 target_source= target=nil destination=nil goal_distance=nil objective_mode=
[2026-04-26 22:29:42.007][20284][INFO] [Lua] [Leveling] navigation hold | reason=wait_task
[2026-04-26 22:29:42.988][20284][INFO] [Lua] [Leveling] IsMainInterface=false but player position is available, continue leveling.
[2026-04-26 22:29:43.194][20284][INFO] [Lua] [Leveling] exec trace | stage=wait_task reason=no_task_target_wait task=与莫琳娜交谈 detail= pos=902.00, -1654.00, 3092.00 target_source= target=nil destination=nil goal_distance=nil objective_mode=
[2026-04-26 22:29:43.194][20284][INFO] [Lua] [Leveling] heartbeat | stage=wait_task tick=7 pos=902.00, -1654.00, 3092.00 target=nil path_points=0
[2026-04-26 22:29:43.704][20284][INFO] [Lua] [Leveling] task name candidates | map= button_text= related_text= anchor=(73.04,224.16)
[2026-04-26 22:29:43.996][17060][DEBUG] HttpClient: Response 200 OK
[2026-04-26 22:29:44.412][20284][INFO] [Lua] [Leveling] exec trace | stage=wait_task reason=no_task_target_wait task=与莫琳娜交谈 detail= pos=902.00, -1654.00, 3092.00 target_source= target=nil destination=nil goal_distance=nil objective_mode=
[2026-04-26 22:29:44.452][20284][INFO] [Lua] [Leveling] exec trace | stage=click_task_button reason=click_task_button task=与莫琳娜交谈 detail= pos=902.00, -1654.00, 3092.00 target_source= target=nil destination=nil goal_distance=nil objective_mode=
[2026-04-26 22:29:44.452][20284][INFO] [Lua] [Leveling] main task call begin | stage=click_task_button task=与莫琳娜交谈 detail= mode=hard_refresh queries=与莫琳娜交谈 -> 主线
[2026-04-26 22:29:45.075][20284][INFO] [Lua] [Leveling] main task panel queries missed, fallback to anchor button | stage=click_task_button task=与莫琳娜交谈 detail=
[2026-04-26 22:29:45.556][20284][INFO] [Lua] [Leveling] main task button nearby-text window-click fallback hit | text=主线 圣诫之末 text_pos=(135.12,215.76) click_pos=(107.12,211.76)
[2026-04-26 22:29:45.764][20284][INFO] [Lua] [Leveling] current task updated | task=主线 圣诫之末 source=button anchor=(107.12,211.76)
[2026-04-26 22:29:45.765][20284][INFO] [Lua] [Leveling] main task panel entry clicked | query=nearby_text:window_click task=圣诫之末 detail= mode=hard_refresh raw=主线 圣诫之末 kind=主线 addr= pos=(107.12,211.76)
[2026-04-26 22:29:45.765][20284][INFO] [Lua] [Leveling] exec trace | stage=wait_task_path_after_button reason=waiting_task_path_after_button task=圣诫之末 detail= pos=902.00, -1654.00, 3092.00 target_source= target=nil destination=nil goal_distance=nil objective_mode=
[2026-04-26 22:29:45.765][20284][INFO] [Lua] [Leveling] navigation hold | reason=wait_task_path_after_button
[2026-04-26 22:29:45.805][20284][WARN] [Lua] [Leveling] main task data unavailable after task button click. path_err=GetMainTaskPath failed. pos_err=GetMainTaskPos failed.
[2026-04-26 22:29:45.805][20284][INFO] [Lua] [Leveling] exec trace | stage=wait_task_path_after_button reason=waiting_task_path_after_button task=圣诫之末 detail= pos=902.00, -1654.00, 3092.00 target_source= target=nil destination=nil goal_distance=nil objective_mode=
[2026-04-26 22:29:46.117][20284][INFO] [Lua] [Leveling] current task updated | task=与莫琳娜交谈 source=nearby_text anchor=(73.04,224.16)
[2026-04-26 22:29:46.119][20284][INFO] [Lua] [Leveling] global task portal suppressed during startup/task reacquire | stage=wait_task_path_after_button has_target=false startup_resolving=false
[2026-04-26 22:29:46.327][20284][INFO] [Lua] [Leveling] guide skip button not visible: Nearby button not found.
[2026-04-26 22:29:46.328][20284][INFO] [Lua] [Leveling] exec trace | stage=wait_task reason=no_task_target_wait task=与莫琳娜交谈 detail= pos=902.00, -1654.00, 3092.00 target_source= target=nil destination=nil goal_distance=nil objective_mode=
[2026-04-26 22:29:46.328][20284][INFO] [Lua] [Leveling] navigation hold | reason=wait_task
[2026-04-26 22:29:46.362][20284][INFO] [Lua] [Leveling] IsMainInterface=false but player position is available, continue leveling.
[2026-04-26 22:29:46.564][20284][INFO] [Lua] [Leveling] heartbeat | stage=wait_task tick=15 pos=902.00, -1654.00, 3092.00 target=nil path_points=0
[2026-04-26 22:29:47.072][20284][INFO] [Lua] [Leveling] task name candidates | map= button_text= related_text= anchor=(73.04,224.16)
[2026-04-26 22:29:47.530][20284][INFO] [Lua] [Leveling] exec trace | stage=wait_task reason=no_task_target_wait task=与莫琳娜交谈 detail= pos=902.00, -1654.00, 3092.00 target_source= target=nil destination=nil goal_distance=nil objective_mode=
[2026-04-26 22:29:48.743][20284][INFO] [Lua] [Leveling] exec trace | stage=wait_task reason=no_task_target_wait task=与莫琳娜交谈 detail= pos=902.00, -1654.00, 3092.00 target_source= target=nil destination=nil goal_distance=nil objective_mode=
[2026-04-26 22:29:49.226][17648][DEBUG] LuaVM DoFile success: C:\Users\GoldGiven\Desktop\cunnei/scripts/AvePointLevelingNavWorker.lua
[2026-04-26 22:29:49.227][17648][WARN] Cleanup callback failed: ...ven\Desktop\cunnei/scripts/AvePointLevelingNavWorker.lua:139: Script execution interrupted
stack traceback:
	...ven\Desktop\cunnei/scripts/AvePointLevelingNavWorker.lua:102: in upvalue 'share_set'
	...ven\Desktop\cunnei/scripts/AvePointLevelingNavWorker.lua:139: in function <...ven\Desktop\cunnei/scripts/AvePointLevelingNavWorker.lua:137>
[2026-04-26 22:29:49.227][17648][INFO] Task 15 (AvePointLevelingNavWorker) cancelled
[2026-04-26 22:29:49.242][20284][ERROR] LuaVM DoString exec failed: scripts/avepoint/hotkey.lua:4289: Script execution interrupted
stack traceback:
	scripts/avepoint/route.lua:31: in function 'pressed_once'
	scripts/avepoint/hotkey.lua:4289: in function 'main'
	C:\Users\GoldGiven\Desktop\cunnei\scripts\AvePoint.lua:167: in main chunk
	(...tail calls...)
	C:\Users\GoldGiven\Desktop\cunnei\AvePointStandalone.lua:128: in main chunk
[2026-04-26 22:29:49.242][20284][ERROR] Task 14 (AvePointStandalone.lua) failed: scripts/avepoint/hotkey.lua:4289: Script execution interrupted
stack traceback:
	scripts/avepoint/route.lua:31: in function 'pressed_once'
	scripts/avepoint/hotkey.lua:4289: in function 'main'
	C:\Users\GoldGiven\Desktop\cunnei\scripts\AvePoint.lua:167: in main chunk
	(...tail calls...)
	C:\Users\GoldGiven\Desktop\cunnei\AvePointStandalone.lua:128: in main chunk
[2026-04-26 22:29:49.261][12128][DEBUG] Task 14 (AvePointStandalone.lua) force cleaned up
[2026-04-26 22:29:49.265][12128][DEBUG] LuaVM: State closed
[2026-04-26 22:29:49.266][12128][DEBUG] Task 15 (AvePointLevelingNavWorker) cleaned up
[2026-04-26 22:29:49.267][12128][DEBUG] LuaVM: State closed
[2026-04-26 22:29:53.645][12128][DEBUG] Task 16 (AvePointStandalone.lua) created
[2026-04-26 22:29:53.646][12128][DEBUG] LuaVM: cffi module registered
[2026-04-26 22:29:53.646][12128][DEBUG] LuaVM: LuaSocket modules registered (socket.core, mime.core)
[2026-04-26 22:29:53.646][12128][DEBUG] LuaVM: State created successfully
[2026-04-26 22:29:53.646][12128][DEBUG] ImGuiLua: Module registered as 'imgui'
[2026-04-26 22:29:53.646][12128][DEBUG] Registered all Lua API modules
[2026-04-26 22:29:53.647][10664][INFO] Task 16 (AvePointStandalone.lua) started
[2026-04-26 22:29:53.647][10664][INFO] [Lua] AvePoint standalone entry starting
[2026-04-26 22:29:53.660][10664][INFO] [Lua] Process guard starting
[2026-04-26 22:29:53.660][10664][DEBUG] DriverMode: Process protected PID=12124
[2026-04-26 22:29:53.661][10664][INFO] [Lua] Process protection enabled. PID=12124
[2026-04-26 22:29:53.661][10664][INFO] [Lua] Process guard ready
[2026-04-26 22:29:53.662][10664][INFO] [Lua] Configured avepointTaskMode=2 (练级) in config.json
[2026-04-26 22:29:53.662][10664][INFO] [Lua] Press Insert or Ctrl+F9 or [ to start current task mode; Delete or Ctrl+F10 or ] to stop
[2026-04-26 22:29:53.662][10664][INFO] [Lua] Press F12 to dump raw GetCurrentSelected API output without clicking
[2026-04-26 22:29:53.662][10664][INFO] [Lua] Press F4 to preview the configured target for 分解所有按钮 without clicking
[2026-04-26 22:29:53.662][10664][INFO] [Lua] Press F3 to dump mouse-nearby button candidates for 当前鼠标按钮定位分析
[2026-04-26 22:29:53.663][10664][INFO] [Lua] Press F10 to inspect the same uniquely matched mouse target for 鼠标按钮验证点击 without clicking
[2026-04-26 22:29:53.663][10664][INFO] [Lua] Press F11 or \ to validate-click a uniquely matched mouse target for 鼠标按钮验证点击
[2026-04-26 22:29:53.663][10664][INFO] [Lua] Press F6 to print current player coordinates
[2026-04-26 22:29:53.663][10664][INFO] [Lua] Press F7 to print current player position and nearby portals
[2026-04-26 22:29:53.663][10664][INFO] [Lua] Press F8 to print current mouse client coordinates
[2026-04-26 22:29:53.663][10664][INFO] [Lua] Press F9 to run read-only Data API diagnostics
[2026-04-26 22:29:53.664][10664][INFO] [Lua] Press Ctrl+F12 to exit
[2026-04-26 22:29:53.664][10664][INFO] [Lua] Waiting for torchlight API/game init...
[2026-04-26 22:29:53.983][10664][DEBUG] DriverMode: InitRemoteCallEx PID=13440, Deployee=0x26D0A1B0300
[2026-04-26 22:29:53.984][10664][INFO] [Lua] Torch API initialized
[2026-04-26 22:29:53.984][10664][INFO] [Lua] Current pos: 902.00, -1654.00, 3092.00
[2026-04-26 22:29:56.447][10664][INFO] [Lua] F11 start | label=鼠标按钮验证点击 texts=37 buttons=10 button_name=<all visible buttons> include_zero_position=false nearest_text_max_distance=260.000 cursor=(101.00, 245.00) screen=(140.00, 284.00) cursor_prefer_distance=2.000 limit=3
[2026-04-26 22:29:56.447][10664][INFO] [Lua] F11 summary | preferred=0 total=1 skipped_invalid=0 skipped_zero=9
[2026-04-26 22:29:56.448][10664][WARN] [Lua] F11 no button inside preferred cursor distance 2.000; nearest candidate addr=0x26D29540200 distance=767.067442
[2026-04-26 22:29:56.448][10664][INFO] [Lua] F11 button[1/1] | button_index=5 addr=0x26D29540200 name=UIButton Transient.GameEngine.CoreGameInstance.TipNewSkillItem_C.WidgetTree.ButtonHovered text= fullname= x=849.53997802734 y=412.57196044922 cursor_distance=767.067442 nearest_text=阿瑞娅 nearest_text_addr=0x26CD8591580 nearest_text_name=UITextBlock Transient.GameEngine.CoreGameInstance.TouchableHeadName_C.WidgetTree.UITextBlock_npc nearest_text_x=913.87994384766 nearest_text_y=394.0 nearest_distance=66.966775 nearest_text_index=22
[2026-04-26 22:29:56.448][10664][INFO] [Lua] F11 transient target | label=阿瑞娅按钮 cursor_distance=767.067442 same_name_visible=1 nearest_text=阿瑞娅 nearest_distance=66.966774722144
[2026-04-26 22:29:56.668][10664][INFO] [Lua] Fetched button 阿瑞娅按钮 | anchor_mode=text_distance kind=button addr=2667868062208 text= name=UIButton Transient.GameEngine.CoreGameInstance.TipNewSkillItem_C.WidgetTree.ButtonHovered fullname= x=849.53997802734 y=412.57196044922 related_text=阿瑞娅 related_name=UITextBlock Transient.GameEngine.CoreGameInstance.TouchableHeadName_C.WidgetTree.UITextBlock_npc related_distance=66.966774722144 expected=(64.958, 68.976)
[2026-04-26 22:29:58.699][10664][DEBUG] DriverMode: ExecRemoteCall func=0x7FF7759C2150, ret=2667238901424
[2026-04-26 22:29:58.699][10664][INFO] [Lua] Clicked target 阿瑞娅按钮 | kind=button addr=2667868062208 text= name=UIButton Transient.GameEngine.CoreGameInstance.TipNewSkillItem_C.WidgetTree.ButtonHovered fullname= x=849.53997802734 y=412.57196044922
[2026-04-26 22:29:58.700][10664][INFO] [Lua] F11 target clicked: kind=button addr=0x26D29540200 name=UIButton Transient.GameEngine.CoreGameInstance.TipNewSkillItem_C.WidgetTree.ButtonHovered text= fullname= x=849.53997802734 y=412.57196044922 related_text=阿瑞娅 related_name=UITextBlock Transient.GameEngine.CoreGameInstance.TouchableHeadName_C.WidgetTree.UITextBlock_npc related_distance=66.966774722144 hint_distance=
[2026-04-26 22:29:58.700][10664][INFO] [Lua] F11 locator step: { label = "阿瑞娅按钮", distance_anchor_exact_text = "阿瑞娅", distance_button_name = "UIButton Transient.GameEngine.CoreGameInstance.TipNewSkillItem_C.WidgetTree.ButtonHovered", distance_min = 64.957771, distance_max = 68.975778, include_patterns = { "UIButton Transient.GameEngine.CoreGameInstance.TipNewSkillItem_C.WidgetTree.ButtonHovered" }, hint_client_x = 849.539978, hint_client_y = 412.571960, hint_ratio_x = 0.589958, hint_ratio_y = 0.458413, hint_max_distance = 80.000 }
[2026-04-26 22:30:05.531][10664][INFO] [Lua] F12 GetCurrentSelected raw dump | buttons=11 texts=32 images=1277
[2026-04-26 22:30:05.532][10664][INFO] [Lua] [Selected][1] kind="button" addr=2667343665488 text="" name="" fullname="UIButton Transient.GameEngine.CoreGameInstance.TaskItem_C.WidgetTree.TaskBtn" x=107.03999328613 y=212.16000366211 source="GetCurrentSelected" rel1_kind="text" rel1_text="主线 圣诫之末" rel1_name="UITextBlock Transient.GameEngine.CoreGameInstance.TaskItem_C.WidgetTree.UITextBlock" rel1_fullname="" rel1_x=135.11999511719 rel1_y=215.76000976562 rel1_dx="28.08" rel1_dy="3.60" rel1_dist="28.31" rel2_kind="text" rel2_text="与莫琳娜交谈" rel2_name="UITextBlock Transient.GameEngine.CoreGameInstance.UISubTaskItem_C.WidgetTree.UITextBlock" rel2_fullname="" rel2_x=147.0 rel2_y=234.48001098633 rel2_dx="39.96" rel2_dy="22.32" rel2_dist="45.77"
[2026-04-26 22:30:05.532][10664][INFO] [Lua] [SelectedItem][1] item={Fullname="UIButton Transient.GameEngine.CoreGameInstance.TaskItem_C.WidgetTree.TaskBtn" addr=2667343665488 text="" x=107.03999328613 y=212.16000366211}
[2026-04-26 22:30:05.532][10664][INFO] [Lua] F12 GetCurrentSelected raw dump complete | addr=2667343665488 name= x=107.04 y=212.16 text=
[2026-04-26 22:30:35.628][17060][DEBUG] HttpClient: Response 200 OK
[2026-04-26 22:31:27.236][17060][DEBUG] HttpClient: Response 200 OK
[2026-04-26 22:32:18.843][17060][DEBUG] HttpClient: Response 200 OK
[2026-04-26 22:33:10.466][17060][DEBUG] HttpClient: Response 200 OK
[2026-04-26 22:33:13.361][10664][ERROR] LuaVM DoString exec failed: scripts/avepoint/hotkey.lua:4345: task stopped
stack traceback:
	[C]: in field 'sleep'
	scripts/avepoint/hotkey.lua:4345: in function 'main'
	C:\Users\GoldGiven\Desktop\cunnei\scripts\AvePoint.lua:167: in main chunk
	(...tail calls...)
	C:\Users\GoldGiven\Desktop\cunnei\AvePointStandalone.lua:128: in main chunk
[2026-04-26 22:33:13.361][10664][ERROR] Task 16 (AvePointStandalone.lua) failed: scripts/avepoint/hotkey.lua:4345: task stopped
stack traceback:
	[C]: in field 'sleep'
	scripts/avepoint/hotkey.lua:4345: in function 'main'
	C:\Users\GoldGiven\Desktop\cunnei\scripts\AvePoint.lua:167: in main chunk
	(...tail calls...)
	C:\Users\GoldGiven\Desktop\cunnei\AvePointStandalone.lua:128: in main chunk
[2026-04-26 22:33:13.389][12128][DEBUG] Task 16 (AvePointStandalone.lua) force cleaned up
[2026-04-26 22:33:13.392][12128][DEBUG] LuaVM: State closed
[2026-04-26 22:33:13.824][12128][DEBUG] Task 17 (AvePointStandalone.lua) created
[2026-04-26 22:33:13.824][12128][DEBUG] LuaVM: cffi module registered
[2026-04-26 22:33:13.824][12128][DEBUG] LuaVM: LuaSocket modules registered (socket.core, mime.core)
[2026-04-26 22:33:13.825][12128][DEBUG] LuaVM: State created successfully
[2026-04-26 22:33:13.826][12128][DEBUG] ImGuiLua: Module registered as 'imgui'
[2026-04-26 22:33:13.826][12128][DEBUG] Registered all Lua API modules
[2026-04-26 22:33:13.826][1820][INFO] Task 17 (AvePointStandalone.lua) started
[2026-04-26 22:33:13.826][1820][INFO] [Lua] AvePoint standalone entry starting
[2026-04-26 22:33:13.839][1820][INFO] [Lua] Process guard starting
[2026-04-26 22:33:13.839][1820][DEBUG] DriverMode: Process protected PID=12124
[2026-04-26 22:33:13.839][1820][INFO] [Lua] Process protection enabled. PID=12124
[2026-04-26 22:33:13.840][1820][INFO] [Lua] Process guard ready
[2026-04-26 22:33:13.840][1820][INFO] [Lua] Configured avepointTaskMode=2 (练级) in config.json
[2026-04-26 22:33:13.840][1820][INFO] [Lua] Press Insert or Ctrl+F9 or [ to start current task mode; Delete or Ctrl+F10 or ] to stop
[2026-04-26 22:33:13.840][1820][INFO] [Lua] Press F12 to dump raw GetCurrentSelected API output without clicking
[2026-04-26 22:33:13.840][1820][INFO] [Lua] Press F4 to preview the configured target for 分解所有按钮 without clicking
[2026-04-26 22:33:13.840][1820][INFO] [Lua] Press F3 to dump mouse-nearby button candidates for 当前鼠标按钮定位分析
[2026-04-26 22:33:13.841][1820][INFO] [Lua] Press F10 to inspect the same uniquely matched mouse target for 鼠标按钮验证点击 without clicking
[2026-04-26 22:33:13.841][1820][INFO] [Lua] Press F11 or \ to validate-click a uniquely matched mouse target for 鼠标按钮验证点击
[2026-04-26 22:33:13.841][1820][INFO] [Lua] Press F6 to print current player coordinates
[2026-04-26 22:33:13.841][1820][INFO] [Lua] Press F7 to print current player position and nearby portals
[2026-04-26 22:33:13.841][1820][INFO] [Lua] Press F8 to print current mouse client coordinates
[2026-04-26 22:33:13.841][1820][INFO] [Lua] Press F9 to run read-only Data API diagnostics
[2026-04-26 22:33:13.841][1820][INFO] [Lua] Press Ctrl+F12 to exit
[2026-04-26 22:33:13.842][1820][INFO] [Lua] Waiting for torchlight API/game init...
[2026-04-26 22:33:14.151][1820][DEBUG] DriverMode: InitRemoteCallEx PID=13440, Deployee=0x26CF8310300
[2026-04-26 22:33:14.152][1820][INFO] [Lua] Torch API initialized
[2026-04-26 22:33:14.152][1820][INFO] [Lua] Current pos: 1289.00, -2408.00, 3118.84
[2026-04-26 22:33:16.647][1820][ERROR] LuaVM DoString exec failed: scripts/avepoint/hotkey.lua:3755: Script execution interrupted
stack traceback:
	scripts/avepoint/route.lua:34: in function 'pressed_once'
	scripts/avepoint/hotkey.lua:3755: in function 'main'
	C:\Users\GoldGiven\Desktop\cunnei\scripts\AvePoint.lua:167: in main chunk
	(...tail calls...)
	C:\Users\GoldGiven\Desktop\cunnei\AvePointStandalone.lua:128: in main chunk
[2026-04-26 22:33:16.647][1820][ERROR] Task 17 (AvePointStandalone.lua) failed: scripts/avepoint/hotkey.lua:3755: Script execution interrupted
stack traceback:
	scripts/avepoint/route.lua:34: in function 'pressed_once'
	scripts/avepoint/hotkey.lua:3755: in function 'main'
	C:\Users\GoldGiven\Desktop\cunnei\scripts\AvePoint.lua:167: in main chunk
	(...tail calls...)
	C:\Users\GoldGiven\Desktop\cunnei\AvePointStandalone.lua:128: in main chunk
[2026-04-26 22:33:16.672][12128][DEBUG] Task 17 (AvePointStandalone.lua) force cleaned up
[2026-04-26 22:33:16.673][12128][DEBUG] LuaVM: State closed
[2026-04-26 22:34:02.073][17060][DEBUG] HttpClient: Response 200 OK
[2026-04-26 22:34:38.971][12128][DEBUG] Task 18 (AvePointStandalone.lua) created
[2026-04-26 22:34:38.972][12128][DEBUG] LuaVM: cffi module registered
[2026-04-26 22:34:38.972][12128][DEBUG] LuaVM: LuaSocket modules registered (socket.core, mime.core)
[2026-04-26 22:34:38.972][12128][DEBUG] LuaVM: State created successfully
[2026-04-26 22:34:38.972][12128][DEBUG] ImGuiLua: Module registered as 'imgui'
[2026-04-26 22:34:38.973][12128][DEBUG] Registered all Lua API modules
[2026-04-26 22:34:38.973][19368][INFO] Task 18 (AvePointStandalone.lua) started
[2026-04-26 22:34:38.973][19368][INFO] [Lua] AvePoint standalone entry starting
[2026-04-26 22:34:38.987][19368][INFO] [Lua] Process guard starting
[2026-04-26 22:34:38.987][19368][DEBUG] DriverMode: Process protected PID=12124
[2026-04-26 22:34:38.988][19368][INFO] [Lua] Process protection enabled. PID=12124
[2026-04-26 22:34:38.988][19368][INFO] [Lua] Process guard ready
[2026-04-26 22:34:38.988][19368][INFO] [Lua] Configured avepointTaskMode=2 (练级) in config.json
[2026-04-26 22:34:38.988][19368][INFO] [Lua] Press Insert or Ctrl+F9 or [ to start current task mode; Delete or Ctrl+F10 or ] to stop
[2026-04-26 22:34:38.989][19368][INFO] [Lua] Press F12 to dump raw GetCurrentSelected API output without clicking
[2026-04-26 22:34:38.989][19368][INFO] [Lua] Press F4 to preview the configured target for 分解所有按钮 without clicking
[2026-04-26 22:34:38.989][19368][INFO] [Lua] Press F3 to dump mouse-nearby button candidates for 当前鼠标按钮定位分析
[2026-04-26 22:34:38.989][19368][INFO] [Lua] Press F10 to inspect the same uniquely matched mouse target for 鼠标按钮验证点击 without clicking
[2026-04-26 22:34:38.989][19368][INFO] [Lua] Press F11 or \ to validate-click a uniquely matched mouse target for 鼠标按钮验证点击
[2026-04-26 22:34:38.989][19368][INFO] [Lua] Press F6 to print current player coordinates
[2026-04-26 22:34:38.989][19368][INFO] [Lua] Press F7 to print current player position and nearby portals
[2026-04-26 22:34:38.990][19368][INFO] [Lua] Press F8 to print current mouse client coordinates
[2026-04-26 22:34:38.990][19368][INFO] [Lua] Press F9 to run read-only Data API diagnostics
[2026-04-26 22:34:38.990][19368][INFO] [Lua] Press Ctrl+F12 to exit
[2026-04-26 22:34:38.990][19368][INFO] [Lua] Waiting for torchlight API/game init...
[2026-04-26 22:34:39.308][19368][DEBUG] DriverMode: InitRemoteCallEx PID=13440, Deployee=0x26CF6CA0300
[2026-04-26 22:34:39.308][19368][INFO] [Lua] Torch API initialized
[2026-04-26 22:34:39.309][19368][INFO] [Lua] Current pos: 1289.00, -2408.00, 3118.84
[2026-04-26 22:34:44.898][19368][INFO] [Lua] F11 GetCurrentSelected target | label=主线 圣诫之末按钮 addr=0x26D0A125950 identity=UIButton Transient.GameEngine.CoreGameInstance.TaskItem_C.WidgetTree.TaskBtn pos=(94.04,224.16) cursor_distance=48.121797 nearest_text=主线 圣诫之末 nearest_distance=28.309831
[2026-04-26 22:34:45.108][19368][WARN] [Lua] F11 GetCurrentSelected locator fetch miss; using selected addr directly: Matched control not found.
[2026-04-26 22:34:45.962][19368][DEBUG] DriverMode: ExecRemoteCall func=0x7FF7759C2150, ret=140700886198976
[2026-04-26 22:34:45.963][19368][INFO] [Lua] Clicked target 主线 圣诫之末按钮 | kind=button addr=2667343665488 text= name= fullname=UIButton Transient.GameEngine.CoreGameInstance.TaskItem_C.WidgetTree.TaskBtn x=94.039993286133 y=224.16000366211
[2026-04-26 22:34:45.964][19368][INFO] [Lua] F11 target clicked: kind=button addr=0x26D0A125950 name= text= fullname=UIButton Transient.GameEngine.CoreGameInstance.TaskItem_C.WidgetTree.TaskBtn x=94.039993286133 y=224.16000366211 related_text=主线 圣诫之末 related_name=UITextBlock Transient.GameEngine.CoreGameInstance.TaskItem_C.WidgetTree.UITextBlock related_distance=28.309831274266 hint_distance= source=GetCurrentSelected
[2026-04-26 22:34:45.964][19368][INFO] [Lua] F11 locator step: { label = "主线 圣诫之末按钮", include_patterns = { "UIButton Transient.GameEngine.CoreGameInstance.TaskItem_C.WidgetTree.TaskBtn" }, hint_client_x = 94.039993, hint_client_y = 224.160004, hint_ratio_x = 0.065306, hint_ratio_y = 0.249067, hint_max_distance = 80.000 }
[2026-04-26 22:34:52.531][19368][INFO] [Lua] F11 GetCurrentSelected target | label=神渊天按钮 addr=0x26D2BE598D0 identity=UIButton Transient.GameEngine.CoreGameInstance.FastEntranceView_C.WidgetTree.IconTlBtn pos=(1407.42,51.63) cursor_distance=23.571764 nearest_text=神渊天 nearest_distance=149.593738
[2026-04-26 22:34:52.744][19368][WARN] [Lua] F11 GetCurrentSelected locator fetch miss; using selected addr directly: Matched control not found.
[2026-04-26 22:34:53.450][19368][DEBUG] DriverMode: ExecRemoteCall func=0x7FF7759C2150, ret=140700886198976
[2026-04-26 22:34:53.450][19368][INFO] [Lua] Clicked target 神渊天按钮 | kind=button addr=2667911157968 text= name= fullname=UIButton Transient.GameEngine.CoreGameInstance.FastEntranceView_C.WidgetTree.IconTlBtn x=1407.4165039062 y=51.633728027344
[2026-04-26 22:34:53.451][19368][INFO] [Lua] F11 target clicked: kind=button addr=0x26D2BE598D0 name= text= fullname=UIButton Transient.GameEngine.CoreGameInstance.FastEntranceView_C.WidgetTree.IconTlBtn x=1407.4165039062 y=51.633728027344 related_text=神渊天 related_name=UITextBlock Transient.GameEngine.CoreGameInstance.TouchableHeadName_C.WidgetTree.UITextBlock_npc related_distance=149.59373847969 hint_distance= source=GetCurrentSelected
[2026-04-26 22:34:53.451][19368][INFO] [Lua] F11 locator step: { label = "神渊天按钮", include_patterns = { "UIButton Transient.GameEngine.CoreGameInstance.FastEntranceView_C.WidgetTree.IconTlBtn" }, hint_client_x = 1407.416504, hint_client_y = 51.633728, hint_ratio_x = 0.977373, hint_ratio_y = 0.057371, hint_max_distance = 80.000 }
[2026-04-26 22:34:53.636][17060][DEBUG] HttpClient: Response 200 OK
[2026-04-26 22:34:55.485][19368][INFO] [Lua] F11 GetCurrentSelected target | label=天赋按钮 addr=0x26D2B29C870 identity=UIButton Transient.GameEngine.CoreGameInstance.HomeBtnItem_C.WidgetTree.ClickBtn pos=(1340.45,143.48) cursor_distance=16.546460 nearest_text=天赋 nearest_distance=44.790646
[2026-04-26 22:34:55.760][19368][WARN] [Lua] F11 GetCurrentSelected locator fetch miss; using selected addr directly: Matched control not found.
[2026-04-26 22:34:57.859][19368][DEBUG] DriverMode: ExecRemoteCall func=0x7FF7759C2150, ret=140700886198976
[2026-04-26 22:34:57.860][19368][INFO] [Lua] Clicked target 天赋按钮 | kind=button addr=2667898849392 text= name= fullname=UIButton Transient.GameEngine.CoreGameInstance.HomeBtnItem_C.WidgetTree.ClickBtn x=1340.453125 y=143.48252868652
[2026-04-26 22:34:57.861][19368][INFO] [Lua] F11 target clicked: kind=button addr=0x26D2B29C870 name= text= fullname=UIButton Transient.GameEngine.CoreGameInstance.HomeBtnItem_C.WidgetTree.ClickBtn x=1340.453125 y=143.48252868652 related_text=天赋 related_name=UITextBlock Transient.GameEngine.CoreGameInstance.HomeBtnItem_C.WidgetTree.UITextBlock related_distance=44.790646428595 hint_distance= source=GetCurrentSelected
[2026-04-26 22:34:57.861][19368][INFO] [Lua] F11 locator step: { label = "天赋按钮", include_patterns = { "UIButton Transient.GameEngine.CoreGameInstance.HomeBtnItem_C.WidgetTree.ClickBtn" }, hint_client_x = 1340.453125, hint_client_y = 143.482529, hint_ratio_x = 0.930870, hint_ratio_y = 0.159425, hint_max_distance = 80.000 }
[2026-04-26 22:35:45.244][17060][DEBUG] HttpClient: Response 200 OK
[2026-04-26 22:36:36.905][17060][DEBUG] HttpClient: Response 200 OK
[2026-04-26 22:37:02.646][19368][ERROR] LuaVM DoString exec failed: scripts/avepoint/hotkey.lua:3755: Script execution interrupted
stack traceback:
	scripts/avepoint/route.lua:33: in function 'pressed_once'
	scripts/avepoint/hotkey.lua:3755: in function 'main'
	C:\Users\GoldGiven\Desktop\cunnei\scripts\AvePoint.lua:167: in main chunk
	(...tail calls...)
	C:\Users\GoldGiven\Desktop\cunnei\AvePointStandalone.lua:128: in main chunk
[2026-04-26 22:37:02.646][19368][ERROR] Task 18 (AvePointStandalone.lua) failed: scripts/avepoint/hotkey.lua:3755: Script execution interrupted
stack traceback:
	scripts/avepoint/route.lua:33: in function 'pressed_once'
	scripts/avepoint/hotkey.lua:3755: in function 'main'
	C:\Users\GoldGiven\Desktop\cunnei\scripts\AvePoint.lua:167: in main chunk
	(...tail calls...)
	C:\Users\GoldGiven\Desktop\cunnei\AvePointStandalone.lua:128: in main chunk
[2026-04-26 22:37:02.667][12128][DEBUG] Task 18 (AvePointStandalone.lua) force cleaned up
[2026-04-26 22:37:02.668][12128][DEBUG] LuaVM: State closed
[2026-04-26 22:37:28.559][17060][DEBUG] HttpClient: Response 200 OK
[2026-04-26 22:37:31.034][12128][DEBUG] Task 19 (AvePointStandalone.lua) created
[2026-04-26 22:37:31.034][12128][DEBUG] LuaVM: cffi module registered
[2026-04-26 22:37:31.034][12128][DEBUG] LuaVM: LuaSocket modules registered (socket.core, mime.core)
[2026-04-26 22:37:31.034][12128][DEBUG] LuaVM: State created successfully
[2026-04-26 22:37:31.034][12128][DEBUG] ImGuiLua: Module registered as 'imgui'
[2026-04-26 22:37:31.035][12128][DEBUG] Registered all Lua API modules
[2026-04-26 22:37:31.035][7264][INFO] Task 19 (AvePointStandalone.lua) started
[2026-04-26 22:37:31.035][7264][INFO] [Lua] AvePoint standalone entry starting
[2026-04-26 22:37:31.047][7264][INFO] [Lua] Process guard starting
[2026-04-26 22:37:31.047][7264][DEBUG] DriverMode: Process protected PID=12124
[2026-04-26 22:37:31.048][7264][INFO] [Lua] Process protection enabled. PID=12124
[2026-04-26 22:37:31.048][7264][INFO] [Lua] Process guard ready
[2026-04-26 22:37:31.048][7264][INFO] [Lua] Configured avepointTaskMode=2 (练级) in config.json
[2026-04-26 22:37:31.048][7264][INFO] [Lua] Press Insert or Ctrl+F9 or [ to start current task mode; Delete or Ctrl+F10 or ] to stop
[2026-04-26 22:37:31.048][7264][INFO] [Lua] Press F12 to dump raw GetCurrentSelected API output without clicking
[2026-04-26 22:37:31.048][7264][INFO] [Lua] Press F4 to preview the configured target for 分解所有按钮 without clicking
[2026-04-26 22:37:31.049][7264][INFO] [Lua] Press F3 to dump mouse-nearby button candidates for 当前鼠标按钮定位分析
[2026-04-26 22:37:31.049][7264][INFO] [Lua] Press F10 to inspect the same uniquely matched mouse target for 鼠标按钮验证点击 without clicking
[2026-04-26 22:37:31.049][7264][INFO] [Lua] Press F11 or \ to validate-click a uniquely matched mouse target for 鼠标按钮验证点击
[2026-04-26 22:37:31.049][7264][INFO] [Lua] Press F6 to print current player coordinates
[2026-04-26 22:37:31.049][7264][INFO] [Lua] Press F7 to print current player position and nearby portals
[2026-04-26 22:37:31.050][7264][INFO] [Lua] Press F8 to print current mouse client coordinates
[2026-04-26 22:37:31.050][7264][INFO] [Lua] Press F9 to run read-only Data API diagnostics
[2026-04-26 22:37:31.050][7264][INFO] [Lua] Press Ctrl+F12 to exit
[2026-04-26 22:37:31.050][7264][INFO] [Lua] Waiting for torchlight API/game init...
[2026-04-26 22:37:31.364][7264][DEBUG] DriverMode: InitRemoteCallEx PID=13440, Deployee=0x26D107D0300
[2026-04-26 22:37:31.365][7264][INFO] [Lua] Torch API initialized
[2026-04-26 22:37:31.365][7264][INFO] [Lua] Current pos: 1204.00, -2124.00, 3098.81
[2026-04-26 22:37:34.726][7264][DEBUG] Task 20 (AvePointLevelingNavWorker) created
[2026-04-26 22:37:34.726][7264][DEBUG] LuaVM: cffi module registered
[2026-04-26 22:37:34.726][7264][DEBUG] LuaVM: LuaSocket modules registered (socket.core, mime.core)
[2026-04-26 22:37:34.727][7264][DEBUG] LuaVM: State created successfully
[2026-04-26 22:37:34.727][7264][DEBUG] ImGuiLua: Module registered as 'imgui'
[2026-04-26 22:37:34.727][7264][DEBUG] Registered all Lua API modules
[2026-04-26 22:37:34.727][7264][INFO] [Lua] [Leveling] nav worker started | task_id=20 share=avepoint_leveling_nav_1777214254721_19
[2026-04-26 22:37:34.727][7264][INFO] [Lua] [Leveling] navigation mode | async nav worker path-route follow | task_move_interval=1200ms task_pos_interval=900ms
[2026-04-26 22:37:34.727][1724][INFO] Task 20 (AvePointLevelingNavWorker) started
[2026-04-26 22:37:34.728][7264][INFO] [Lua] [Leveling] runner started | mode=2 quest button -> task path -> NPC dialogue
[2026-04-26 22:37:34.728][7264][INFO] [Lua] [Leveling] logic: click main task button, fetch task path, MoveTo target, confirm nearby NPC, press D, then continue
[2026-04-26 22:37:34.728][7264][INFO] [Lua] [Leveling] startup boss combat window armed | window=10000ms
[2026-04-26 22:37:34.728][7264][INFO] [Lua] [Leveling] startup state resolve armed | window=3000ms
[2026-04-26 22:37:34.728][7264][INFO] [Lua] [Leveling] map runtime detection | enabled=false
[2026-04-26 22:37:34.728][7264][INFO] [Lua] AvePoint automation started | mode=练级(2)
[2026-04-26 22:37:34.728][7264][INFO] [Lua] [Leveling] IsMainInterface=false but player position is available, continue leveling.
[2026-04-26 22:37:35.028][7264][INFO] [Lua] [Leveling] task name candidates | map= button_text= related_text= anchor=(107.04,212.16)
[2026-04-26 22:37:35.028][7264][INFO] [Lua] [Leveling] current task updated | task=主线 圣诫之末 source=nearby_text anchor=(107.04,212.16)
[2026-04-26 22:37:35.028][7264][INFO] [Lua] [Leveling] main task call begin | stage=bootstrap task=圣诫之末 detail= mode=hard_refresh queries=圣诫之末 -> 主线 圣诫之末 -> 主线
[2026-04-26 22:37:36.197][7264][INFO] [Lua] [Leveling] main task panel queries missed, fallback to anchor button | stage=bootstrap task=圣诫之末 detail=
[2026-04-26 22:37:36.789][7264][WARN] [Lua] [Leveling] main task button fetch failed: Nearby button not found. nearby=text text=主线 圣诫之末 pos=(122.1,227.8) d=21.7 | text text=与莫琳娜交谈 pos=(134.0,246.5) d=43.6 | text text=支线 藏宝地：银沙边城 pos=(122.1,281.4) d=70.9 | text text=在雄狮之心找到下一个藏宝地（推荐等级44~54级） pos=(134.0,300.1) d=92.0 | text text=避难所-余烬之息 pos=(83.6,82.9) d=131.4 selected_fallback=Current selected button not found. text_position_fallback=nearby task title text not found.
[2026-04-26 22:37:36.789][7264][INFO] [Lua] [Leveling] startup waiting main task call before movement: Nearby button not found.
[2026-04-26 22:37:36.789][7264][INFO] [Lua] [Leveling] navigation hold | reason=startup_task_reacquire
[2026-04-26 22:37:36.789][7264][INFO] [Lua] [Leveling] heartbeat | stage=startup_task_reacquire tick=1 pos=1204.00, -2124.00, 3098.81 target=nil path_points=0
[2026-04-26 22:37:36.835][7264][INFO] [Lua] [Leveling] nav worker status | paused
[2026-04-26 22:37:37.130][7264][INFO] [Lua] [Leveling] main task call begin | stage=startup_task_reacquire task=圣诫之末 detail= mode=hard_refresh queries=圣诫之末 -> 主线 圣诫之末 -> 主线
[2026-04-26 22:37:38.304][7264][INFO] [Lua] [Leveling] main task panel queries missed, fallback to anchor button | stage=startup_task_reacquire task=圣诫之末 detail=
[2026-04-26 22:37:38.933][7264][INFO] [Lua] [Leveling] IsMainInterface=false but player position is available, continue leveling.
[2026-04-26 22:37:38.933][7264][INFO] [Lua] [Leveling] startup state resolve extended until main task is called.
[2026-04-26 22:37:39.234][7264][INFO] [Lua] [Leveling] task name candidates | map= button_text= related_text= anchor=(107.04,212.16)
[2026-04-26 22:37:39.235][7264][INFO] [Lua] [Leveling] main task call begin | stage=startup_task_reacquire task=圣诫之末 detail= mode=hard_refresh queries=圣诫之末 -> 主线 圣诫之末 -> 主线
[2026-04-26 22:37:40.409][7264][INFO] [Lua] [Leveling] main task panel queries missed, fallback to anchor button | stage=startup_task_reacquire task=圣诫之末 detail=
[2026-04-26 22:37:40.988][7264][WARN] [Lua] [Leveling] main task button fetch failed: Nearby button not found. nearby=text text=主线 圣诫之末 pos=(122.1,227.8) d=21.7 | text text=与莫琳娜交谈 pos=(134.0,246.5) d=43.6 | text text=支线 藏宝地：银沙边城 pos=(122.1,281.4) d=70.9 | text text=在雄狮之心找到下一个藏宝地（推荐等级44~54级） pos=(134.0,300.1) d=92.0 | text text=避难所-余烬之息 pos=(83.6,82.9) d=131.4 selected_fallback=Current selected button not found. text_position_fallback=nearby task title text not found.
[2026-04-26 22:37:40.988][7264][INFO] [Lua] [Leveling] startup waiting main task call before movement: Nearby button not found.
[2026-04-26 22:37:40.989][7264][INFO] [Lua] [Leveling] navigation hold | reason=startup_task_reacquire
[2026-04-26 22:37:40.989][7264][INFO] [Lua] [Leveling] heartbeat | stage=startup_task_reacquire tick=3 pos=1204.00, -2124.00, 3098.81 target=nil path_points=0
[2026-04-26 22:37:41.037][7264][INFO] [Lua] [Leveling] runner stopped
[2026-04-26 22:37:41.047][7264][INFO] [Lua] [Treasure] resume snapshot cleared | reason=leveling_stop save_ok=true
[2026-04-26 22:37:41.047][7264][INFO] [Lua] AvePoint automation stopped
[2026-04-26 22:37:41.080][1724][DEBUG] LuaVM DoFile success: C:\Users\GoldGiven\Desktop\cunnei/scripts/AvePointLevelingNavWorker.lua
[2026-04-26 22:37:41.080][1724][INFO] Task 20 (AvePointLevelingNavWorker) cancelled
[2026-04-26 22:37:55.122][7264][INFO] [Lua] F11 GetCurrentSelected target | label=主线 圣诫之末按钮 addr=0x26D0A125950 identity=UIButton Transient.GameEngine.CoreGameInstance.TaskItem_C.WidgetTree.TaskBtn pos=(94.04,224.16) cursor_distance=40.892388 nearest_text=主线 圣诫之末 nearest_distance=28.309831
[2026-04-26 22:37:55.412][7264][WARN] [Lua] F11 GetCurrentSelected locator fetch miss; using selected addr directly: Matched control not found.
[2026-04-26 22:37:56.262][7264][DEBUG] DriverMode: ExecRemoteCall func=0x7FF7759C2150, ret=140700886198976
[2026-04-26 22:37:56.262][7264][INFO] [Lua] Clicked target 主线 圣诫之末按钮 | kind=button addr=2667343665488 text= name= fullname=UIButton Transient.GameEngine.CoreGameInstance.TaskItem_C.WidgetTree.TaskBtn x=94.039993286133 y=224.16000366211
[2026-04-26 22:37:56.262][7264][INFO] [Lua] F11 target clicked: kind=button addr=0x26D0A125950 name= text= fullname=UIButton Transient.GameEngine.CoreGameInstance.TaskItem_C.WidgetTree.TaskBtn x=94.039993286133 y=224.16000366211 related_text=主线 圣诫之末 related_name=UITextBlock Transient.GameEngine.CoreGameInstance.TaskItem_C.WidgetTree.UITextBlock related_distance=28.309831274266 hint_distance= source=GetCurrentSelected
[2026-04-26 22:37:56.263][7264][INFO] [Lua] F11 locator step: { label = "主线 圣诫之末按钮", include_patterns = { "UIButton Transient.GameEngine.CoreGameInstance.TaskItem_C.WidgetTree.TaskBtn" }, hint_client_x = 94.039993, hint_client_y = 224.160004, hint_ratio_x = 0.065306, hint_ratio_y = 0.249067, hint_max_distance = 80.000 }
[2026-04-26 22:38:00.789][7264][INFO] [Lua] F12 GetCurrentSelected raw dump | buttons=33 texts=57 images=1916
[2026-04-26 22:38:00.789][7264][INFO] [Lua] [Selected][1] kind="button" addr=2667343665488 text="" name="" fullname="UIButton Transient.GameEngine.CoreGameInstance.TaskItem_C.WidgetTree.TaskBtn" x=94.039993286133 y=224.16000366211 source="GetCurrentSelected" rel1_kind="text" rel1_text="主线 圣诫之末" rel1_name="UITextBlock Transient.GameEngine.CoreGameInstance.TaskItem_C.WidgetTree.UITextBlock" rel1_fullname="" rel1_x=122.11999511719 rel1_y=227.76000976562 rel1_dx="28.08" rel1_dy="3.60" rel1_dist="28.31" rel2_kind="text" rel2_text="与莫琳娜交谈" rel2_name="UITextBlock Transient.GameEngine.CoreGameInstance.UISubTaskItem_C.WidgetTree.UITextBlock" rel2_fullname="" rel2_x=134.0 rel2_y=246.48001098633 rel2_dx="39.96" rel2_dy="22.32" rel2_dist="45.77"
[2026-04-26 22:38:00.789][7264][INFO] [Lua] [SelectedItem][1] item={Fullname="UIButton Transient.GameEngine.CoreGameInstance.TaskItem_C.WidgetTree.TaskBtn" addr=2667343665488 text="" x=94.039993286133 y=224.16000366211}
[2026-04-26 22:38:00.790][7264][INFO] [Lua] F12 GetCurrentSelected raw dump complete | addr=2667343665488 name= x=94.04 y=224.16 text=
[2026-04-26 22:38:20.143][17060][DEBUG] HttpClient: Response 200 OK
[2026-04-26 22:39:05.631][12128][DEBUG] Task 20 (AvePointLevelingNavWorker) cleaned up
[2026-04-26 22:39:05.632][12128][DEBUG] LuaVM: State closed
[2026-04-26 22:39:05.643][7264][ERROR] LuaVM DoString exec failed: scripts/avepoint/hotkey.lua:4537: task stopped
stack traceback:
	[C]: in field 'sleep'
	scripts/avepoint/hotkey.lua:4537: in function 'main'
	C:\Users\GoldGiven\Desktop\cunnei\scripts\AvePoint.lua:167: in main chunk
	(...tail calls...)
	C:\Users\GoldGiven\Desktop\cunnei\AvePointStandalone.lua:128: in main chunk
[2026-04-26 22:39:05.644][7264][ERROR] Task 19 (AvePointStandalone.lua) failed: scripts/avepoint/hotkey.lua:4537: task stopped
stack traceback:
	[C]: in field 'sleep'
	scripts/avepoint/hotkey.lua:4537: in function 'main'
	C:\Users\GoldGiven\Desktop\cunnei\scripts\AvePoint.lua:167: in main chunk
	(...tail calls...)
	C:\Users\GoldGiven\Desktop\cunnei\AvePointStandalone.lua:128: in main chunk
[2026-04-26 22:39:05.664][12128][DEBUG] Task 19 (AvePointStandalone.lua) force cleaned up
[2026-04-26 22:39:05.668][12128][DEBUG] LuaVM: State closed
[2026-04-26 22:39:11.725][17060][DEBUG] HttpClient: Response 200 OK
[2026-04-26 22:40:03.259][17060][DEBUG] HttpClient: Response 200 OK
[2026-04-26 22:40:54.817][17060][DEBUG] HttpClient: Response 200 OK
[2026-04-26 22:41:21.778][12128][DEBUG] Task 21 (AvePointStandalone.lua) created
[2026-04-26 22:41:21.778][12128][DEBUG] LuaVM: cffi module registered
[2026-04-26 22:41:21.779][12128][DEBUG] LuaVM: LuaSocket modules registered (socket.core, mime.core)
[2026-04-26 22:41:21.779][12128][DEBUG] LuaVM: State created successfully
[2026-04-26 22:41:21.779][12128][DEBUG] ImGuiLua: Module registered as 'imgui'
[2026-04-26 22:41:21.779][12128][DEBUG] Registered all Lua API modules
[2026-04-26 22:41:21.780][5684][INFO] Task 21 (AvePointStandalone.lua) started
[2026-04-26 22:41:21.780][5684][INFO] [Lua] AvePoint standalone entry starting
[2026-04-26 22:41:21.794][5684][INFO] [Lua] Process guard starting
[2026-04-26 22:41:21.794][5684][DEBUG] DriverMode: Process protected PID=12124
[2026-04-26 22:41:21.794][5684][INFO] [Lua] Process protection enabled. PID=12124
[2026-04-26 22:41:21.794][5684][INFO] [Lua] Process guard ready
[2026-04-26 22:41:21.795][5684][INFO] [Lua] Configured avepointTaskMode=2 (练级) in config.json
[2026-04-26 22:41:21.795][5684][INFO] [Lua] Press Insert or Ctrl+F9 or [ to start current task mode; Delete or Ctrl+F10 or ] to stop
[2026-04-26 22:41:21.795][5684][INFO] [Lua] Press F12 to dump raw GetCurrentSelected API output without clicking
[2026-04-26 22:41:21.795][5684][INFO] [Lua] Press F4 to preview the configured target for 分解所有按钮 without clicking
[2026-04-26 22:41:21.795][5684][INFO] [Lua] Press F3 to dump mouse-nearby button candidates for 当前鼠标按钮定位分析
[2026-04-26 22:41:21.795][5684][INFO] [Lua] Press F10 to inspect the same uniquely matched mouse target for 鼠标按钮验证点击 without clicking
[2026-04-26 22:41:21.795][5684][INFO] [Lua] Press F11 or \ to validate-click a uniquely matched mouse target for 鼠标按钮验证点击
[2026-04-26 22:41:21.796][5684][INFO] [Lua] Press F6 to print current player coordinates
[2026-04-26 22:41:21.796][5684][INFO] [Lua] Press F7 to print current player position and nearby portals
[2026-04-26 22:41:21.796][5684][INFO] [Lua] Press F8 to print current mouse client coordinates
[2026-04-26 22:41:21.796][5684][INFO] [Lua] Press F9 to run read-only Data API diagnostics
[2026-04-26 22:41:21.796][5684][INFO] [Lua] Press Ctrl+F12 to exit
[2026-04-26 22:41:21.797][5684][INFO] [Lua] Waiting for torchlight API/game init...
[2026-04-26 22:41:22.118][5684][DEBUG] DriverMode: InitRemoteCallEx PID=13440, Deployee=0x26D12E70300
[2026-04-26 22:41:22.118][5684][INFO] [Lua] Torch API initialized
[2026-04-26 22:41:22.119][5684][INFO] [Lua] Current pos: 1204.00, -2124.00, 3098.81
[2026-04-26 22:41:24.912][5684][DEBUG] Task 22 (AvePointLevelingNavWorker) created
[2026-04-26 22:41:24.913][5684][DEBUG] LuaVM: cffi module registered
[2026-04-26 22:41:24.913][5684][DEBUG] LuaVM: LuaSocket modules registered (socket.core, mime.core)
[2026-04-26 22:41:24.913][5684][DEBUG] LuaVM: State created successfully
[2026-04-26 22:41:24.913][5684][DEBUG] ImGuiLua: Module registered as 'imgui'
[2026-04-26 22:41:24.913][5684][DEBUG] Registered all Lua API modules
[2026-04-26 22:41:24.914][5684][INFO] [Lua] [Leveling] nav worker started | task_id=22 share=avepoint_leveling_nav_1777214484908_21
[2026-04-26 22:41:24.914][5684][INFO] [Lua] [Leveling] navigation mode | async nav worker path-route follow | task_move_interval=1200ms task_pos_interval=900ms
[2026-04-26 22:41:24.914][16136][INFO] Task 22 (AvePointLevelingNavWorker) started
[2026-04-26 22:41:24.914][5684][INFO] [Lua] [Leveling] runner started | mode=2 quest button -> task path -> NPC dialogue
[2026-04-26 22:41:24.914][5684][INFO] [Lua] [Leveling] logic: click main task button, fetch task path, MoveTo target, confirm nearby NPC, press D, then continue
[2026-04-26 22:41:24.914][5684][INFO] [Lua] [Leveling] startup boss combat window armed | window=10000ms
[2026-04-26 22:41:24.914][5684][INFO] [Lua] [Leveling] startup state resolve armed | window=3000ms
[2026-04-26 22:41:24.915][5684][INFO] [Lua] [Leveling] map runtime detection | enabled=false
[2026-04-26 22:41:24.915][5684][INFO] [Lua] AvePoint automation started | mode=练级(2)
[2026-04-26 22:41:24.915][5684][INFO] [Lua] [Leveling] IsMainInterface=false but player position is available, continue leveling.
[2026-04-26 22:41:25.208][5684][INFO] [Lua] [Leveling] task name candidates | map= button_text= related_text= anchor=(94.04,224.16)
[2026-04-26 22:41:25.209][5684][INFO] [Lua] [Leveling] current task updated | task=主线 圣诫之末 source=nearby_text anchor=(94.04,224.16)
[2026-04-26 22:41:25.209][5684][INFO] [Lua] [Leveling] main task call begin | stage=bootstrap task=圣诫之末 detail= mode=hard_refresh queries=圣诫之末 -> 主线 圣诫之末 -> 主线
[2026-04-26 22:41:26.389][5684][INFO] [Lua] [Leveling] main task panel queries missed, fallback to anchor button | stage=bootstrap task=圣诫之末 detail=
[2026-04-26 22:41:27.034][5684][INFO] [Lua] [Leveling] main task button nearby-text window-click fallback hit | text=主线 圣诫之末 text_pos=(123.12,232.76) click_pos=(95.12,228.76)
[2026-04-26 22:41:27.329][5684][INFO] [Lua] [Leveling] task_pos reject armed after main task click | reason=startup_main_task_reacquire reject_ms=8500
[2026-04-26 22:41:27.329][5684][INFO] [Lua] [Leveling] main task panel entry clicked | query=nearby_text:window_click task=圣诫之末 detail= mode=hard_refresh raw=主线 圣诫之末 kind=主线 addr= pos=(95.12,228.76)
[2026-04-26 22:41:27.330][5684][INFO] [Lua] [Leveling] navigation hold | reason=wait_task_path_after_button
[2026-04-26 22:41:27.330][5684][INFO] [Lua] [Leveling] startup main task called before any objective/follow logic | task=圣诫之末 detail= window_left=2993ms
[2026-04-26 22:41:27.330][5684][INFO] [Lua] [Leveling] heartbeat | stage=wait_task_path_after_button tick=1 pos=1204.00, -2124.00, 3098.81 target=nil path_points=0
[2026-04-26 22:41:27.363][5684][INFO] [Lua] [Leveling] nav worker status | paused
[2026-04-26 22:41:27.364][5684][WARN] [Lua] [Leveling] main task data unavailable after task button click. path_err=GetMainTaskPath returned no usable points. pos_err=nil
[2026-04-26 22:41:27.364][5684][INFO] [Lua] [Leveling] exec trace | stage=wait_task_path_after_button reason=waiting_task_path_after_button task=圣诫之末 detail= pos=1204.00, -2124.00, 3098.81 target_source= target=nil destination=nil goal_distance=nil objective_mode=
[2026-04-26 22:41:27.757][5684][INFO] [Lua] [Leveling] global task portal suppressed during startup/task reacquire | stage=wait_task_path_after_button has_target=false startup_resolving=false
[2026-04-26 22:41:28.046][5684][INFO] [Lua] [Leveling] guide skip button not visible: Nearby button not found.
[2026-04-26 22:41:28.046][5684][INFO] [Lua] [Leveling] exec trace | stage=wait_task reason=no_task_target_wait task=圣诫之末 detail= pos=1204.00, -2124.00, 3098.81 target_source= target=nil destination=nil goal_distance=nil objective_mode=
[2026-04-26 22:41:28.047][5684][INFO] [Lua] [Leveling] navigation hold | reason=wait_task
[2026-04-26 22:41:28.088][5684][INFO] [Lua] [Leveling] IsMainInterface=false but player position is available, continue leveling.
[2026-04-26 22:41:28.387][5684][INFO] [Lua] [Leveling] heartbeat | stage=wait_task tick=4 pos=1204.00, -2124.00, 3098.81 target=nil path_points=0
[2026-04-26 22:41:28.721][5684][INFO] [Lua] [Leveling] task name candidates | map= button_text= related_text= anchor=(94.04,224.16)
[2026-04-26 22:41:29.347][5684][INFO] [Lua] [Leveling] exec trace | stage=wait_task reason=no_task_target_wait task=圣诫之末 detail= pos=1204.00, -2124.00, 3098.81 target_source= target=nil destination=nil goal_distance=nil objective_mode=
[2026-04-26 22:41:30.001][5684][INFO] [Lua] [Leveling] exec trace | stage=click_task_button reason=click_task_button task=圣诫之末 detail= pos=1204.00, -2124.00, 3098.81 target_source= target=nil destination=nil goal_distance=nil objective_mode=
[2026-04-26 22:41:30.001][5684][INFO] [Lua] [Leveling] main task call begin | stage=click_task_button task=圣诫之末 detail= mode=hard_refresh queries=圣诫之末 -> 主线 圣诫之末 -> 主线
[2026-04-26 22:41:31.184][5684][INFO] [Lua] [Leveling] main task panel queries missed, fallback to anchor button | stage=click_task_button task=圣诫之末 detail=
[2026-04-26 22:41:31.847][5684][INFO] [Lua] [Leveling] main task button nearby-text window-click fallback hit | text=主线 圣诫之末 text_pos=(123.12,232.76) click_pos=(95.12,228.76)
[2026-04-26 22:41:32.145][5684][INFO] [Lua] [Leveling] task name candidates | map= button_text=主线 圣诫之末 related_text=主线 圣诫之末 anchor=(95.12,228.76)
[2026-04-26 22:41:32.145][5684][INFO] [Lua] [Leveling] main task panel entry clicked | query=nearby_text:window_click task=圣诫之末 detail= mode=hard_refresh raw=主线 圣诫之末 kind=主线 addr= pos=(95.12,228.76)
[2026-04-26 22:41:32.145][5684][INFO] [Lua] [Leveling] exec trace | stage=wait_task_path_after_button reason=waiting_task_path_after_button task=圣诫之末 detail= pos=1204.00, -2124.00, 3098.81 target_source= target=nil destination=nil goal_distance=nil objective_mode=
[2026-04-26 22:41:32.146][5684][INFO] [Lua] [Leveling] navigation hold | reason=wait_task_path_after_button
[2026-04-26 22:41:32.191][5684][INFO] [Lua] [Leveling] runner stopped
[2026-04-26 22:41:32.200][5684][INFO] [Lua] [Treasure] resume snapshot cleared | reason=leveling_stop save_ok=true
[2026-04-26 22:41:32.200][5684][INFO] [Lua] AvePoint automation stopped
[2026-04-26 22:41:32.233][16136][DEBUG] LuaVM DoFile success: C:\Users\GoldGiven\Desktop\cunnei/scripts/AvePointLevelingNavWorker.lua
[2026-04-26 22:41:32.233][16136][INFO] Task 22 (AvePointLevelingNavWorker) cancelled
[2026-04-26 22:41:46.430][17060][DEBUG] HttpClient: Response 200 OK
[2026-04-26 22:42:01.227][12128][DEBUG] Task 22 (AvePointLevelingNavWorker) cleaned up
[2026-04-26 22:42:01.228][12128][DEBUG] LuaVM: State closed
[2026-04-26 22:42:01.258][5684][ERROR] LuaVM DoString exec failed: scripts/avepoint/hotkey.lua:4537: task stopped
stack traceback:
	[C]: in field 'sleep'
	scripts/avepoint/hotkey.lua:4537: in function 'main'
	C:\Users\GoldGiven\Desktop\cunnei\scripts\AvePoint.lua:167: in main chunk
	(...tail calls...)
	C:\Users\GoldGiven\Desktop\cunnei\AvePointStandalone.lua:128: in main chunk
[2026-04-26 22:42:01.258][5684][ERROR] Task 21 (AvePointStandalone.lua) failed: scripts/avepoint/hotkey.lua:4537: task stopped
stack traceback:
	[C]: in field 'sleep'
	scripts/avepoint/hotkey.lua:4537: in function 'main'
	C:\Users\GoldGiven\Desktop\cunnei\scripts\AvePoint.lua:167: in main chunk
	(...tail calls...)
	C:\Users\GoldGiven\Desktop\cunnei\AvePointStandalone.lua:128: in main chunk
[2026-04-26 22:42:01.276][12128][DEBUG] Task 21 (AvePointStandalone.lua) force cleaned up
[2026-04-26 22:42:01.280][12128][DEBUG] LuaVM: State closed
[2026-04-26 22:42:02.660][12128][DEBUG] Task 23 (AvePointStandalone.lua) created
[2026-04-26 22:42:02.660][12128][DEBUG] LuaVM: cffi module registered
[2026-04-26 22:42:02.660][12128][DEBUG] LuaVM: LuaSocket modules registered (socket.core, mime.core)
[2026-04-26 22:42:02.661][12128][DEBUG] LuaVM: State created successfully
[2026-04-26 22:42:02.661][12128][DEBUG] ImGuiLua: Module registered as 'imgui'
[2026-04-26 22:42:02.661][12128][DEBUG] Registered all Lua API modules
[2026-04-26 22:42:02.662][17460][INFO] Task 23 (AvePointStandalone.lua) started
[2026-04-26 22:42:02.662][17460][INFO] [Lua] AvePoint standalone entry starting
[2026-04-26 22:42:02.673][17460][INFO] [Lua] Process guard starting
[2026-04-26 22:42:02.676][17460][DEBUG] DriverMode: Process protected PID=12124
[2026-04-26 22:42:02.676][17460][INFO] [Lua] Process protection enabled. PID=12124
[2026-04-26 22:42:02.676][17460][INFO] [Lua] Process guard ready
[2026-04-26 22:42:02.677][17460][INFO] [Lua] Configured avepointTaskMode=2 (练级) in config.json
[2026-04-26 22:42:02.678][17460][INFO] [Lua] Press Insert or Ctrl+F9 or [ to start current task mode; Delete or Ctrl+F10 or ] to stop
[2026-04-26 22:42:02.678][17460][INFO] [Lua] Press F12 to dump raw GetCurrentSelected API output without clicking
[2026-04-26 22:42:02.678][17460][INFO] [Lua] Press F4 to preview the configured target for 分解所有按钮 without clicking
[2026-04-26 22:42:02.678][17460][INFO] [Lua] Press F3 to dump mouse-nearby button candidates for 当前鼠标按钮定位分析
[2026-04-26 22:42:02.679][17460][INFO] [Lua] Press F10 to inspect the same uniquely matched mouse target for 鼠标按钮验证点击 without clicking
[2026-04-26 22:42:02.679][17460][INFO] [Lua] Press F11 or \ to validate-click a uniquely matched mouse target for 鼠标按钮验证点击
[2026-04-26 22:42:02.679][17460][INFO] [Lua] Press F6 to print current player coordinates
[2026-04-26 22:42:02.679][17460][INFO] [Lua] Press F7 to print current player position and nearby portals
[2026-04-26 22:42:02.679][17460][INFO] [Lua] Press F8 to print current mouse client coordinates
[2026-04-26 22:42:02.679][17460][INFO] [Lua] Press F9 to run read-only Data API diagnostics
[2026-04-26 22:42:02.680][17460][INFO] [Lua] Press Ctrl+F12 to exit
[2026-04-26 22:42:02.680][17460][INFO] [Lua] Waiting for torchlight API/game init...
[2026-04-26 22:42:02.994][17460][DEBUG] DriverMode: InitRemoteCallEx PID=13440, Deployee=0x26CD9FF0300
[2026-04-26 22:42:02.995][17460][INFO] [Lua] Torch API initialized
[2026-04-26 22:42:02.995][17460][INFO] [Lua] Current pos: 1204.00, -2124.00, 3098.81
[2026-04-26 22:42:06.974][17460][DEBUG] Task 24 (AvePointLevelingNavWorker) created
[2026-04-26 22:42:06.975][17460][DEBUG] LuaVM: cffi module registered
[2026-04-26 22:42:06.975][17460][DEBUG] LuaVM: LuaSocket modules registered (socket.core, mime.core)
[2026-04-26 22:42:06.975][17460][DEBUG] LuaVM: State created successfully
[2026-04-26 22:42:06.975][17460][DEBUG] ImGuiLua: Module registered as 'imgui'
[2026-04-26 22:42:06.975][17460][DEBUG] Registered all Lua API modules
[2026-04-26 22:42:06.976][17460][INFO] [Lua] [Leveling] nav worker started | task_id=24 share=avepoint_leveling_nav_1777214526961_23
[2026-04-26 22:42:06.976][17460][INFO] [Lua] [Leveling] navigation mode | async nav worker path-route follow | task_move_interval=1200ms task_pos_interval=900ms
[2026-04-26 22:42:06.976][9088][INFO] Task 24 (AvePointLevelingNavWorker) started
[2026-04-26 22:42:06.976][17460][INFO] [Lua] [Leveling] runner started | mode=2 quest button -> task path -> NPC dialogue
[2026-04-26 22:42:06.976][17460][INFO] [Lua] [Leveling] logic: click main task button, fetch task path, MoveTo target, confirm nearby NPC, press D, then continue
[2026-04-26 22:42:06.976][17460][INFO] [Lua] [Leveling] startup boss combat window armed | window=10000ms
[2026-04-26 22:42:06.977][17460][INFO] [Lua] [Leveling] startup state resolve armed | window=3000ms
[2026-04-26 22:42:06.977][17460][INFO] [Lua] [Leveling] map runtime detection | enabled=false
[2026-04-26 22:42:06.977][17460][INFO] [Lua] AvePoint automation started | mode=练级(2)
[2026-04-26 22:42:06.977][17460][INFO] [Lua] [Leveling] IsMainInterface=false but player position is available, continue leveling.
[2026-04-26 22:42:07.267][17460][INFO] [Lua] [Leveling] task name candidates | map= button_text= related_text= anchor=(94.04,224.16)
[2026-04-26 22:42:07.267][17460][INFO] [Lua] [Leveling] nearby task text not confirmed by task panel, keep panel task | current= candidate=主线 圣诫之末 panel=支线 藏宝地：银沙边城 panel_detail=在雄狮之心找到下一个藏宝地（推荐等级44~54级）
[2026-04-26 22:42:07.268][17460][INFO] [Lua] [Leveling] current task detail updated | task=支线 藏宝地：银沙边城 detail=在雄狮之心找到下一个藏宝地（推荐等级44~54级） source=task_panel_guard
[2026-04-26 22:42:07.268][17460][INFO] [Lua] [Leveling] main task call begin | stage=bootstrap task= detail=在雄狮之心找到下一个藏宝地（推荐等级44~54级） mode=hard_refresh queries=主线
[2026-04-26 22:42:07.849][17460][INFO] [Lua] [Leveling] main task panel queries missed, fallback to anchor button | stage=bootstrap task= detail=在雄狮之心找到下一个藏宝地（推荐等级44~54级）
[2026-04-26 22:42:08.510][17460][INFO] [Lua] [Leveling] main task button nearby-text window-click fallback hit | text=主线 圣诫之末 text_pos=(123.12,232.76) click_pos=(95.12,228.76)
[2026-04-26 22:42:08.807][17460][INFO] [Lua] [Leveling] current task updated | task=主线 圣诫之末 source=button anchor=(95.12,228.76)
[2026-04-26 22:42:08.807][17460][INFO] [Lua] [Leveling] current task detail updated | task=主线 圣诫之末 detail= source=button
[2026-04-26 22:42:08.807][17460][INFO] [Lua] [Leveling] task_pos reject armed after main task click | reason=startup_main_task_reacquire reject_ms=8500
[2026-04-26 22:42:08.807][17460][INFO] [Lua] [Leveling] main task panel entry clicked | query=nearby_text:window_click task=圣诫之末 detail=在雄狮之心找到下一个藏宝地（推荐等级44~54级） mode=hard_refresh raw=主线 圣诫之末 kind=主线 addr= pos=(95.12,228.76)
[2026-04-26 22:42:08.808][17460][INFO] [Lua] [Leveling] navigation hold | reason=wait_task_path_after_button
[2026-04-26 22:42:08.808][17460][INFO] [Lua] [Leveling] startup main task called before any objective/follow logic | task=圣诫之末 detail=在雄狮之心找到下一个藏宝地（推荐等级44~54级） window_left=2984ms
[2026-04-26 22:42:08.808][17460][INFO] [Lua] [Leveling] heartbeat | stage=wait_task_path_after_button tick=1 pos=1204.00, -2124.00, 3098.81 target=nil path_points=0
[2026-04-26 22:42:08.840][17460][INFO] [Lua] [Leveling] nav worker status | paused
[2026-04-26 22:42:08.841][17460][WARN] [Lua] [Leveling] main task data unavailable after task button click. path_err=GetMainTaskPath returned no usable points. pos_err=nil
[2026-04-26 22:42:08.841][17460][INFO] [Lua] [Leveling] exec trace | stage=wait_task_path_after_button reason=waiting_task_path_after_button task=圣诫之末 detail=在雄狮之心找到下一个藏宝地（推荐等级44~54级） pos=1204.00, -2124.00, 3098.81 target_source= target=nil destination=nil goal_distance=nil objective_mode=
[2026-04-26 22:42:09.249][17460][INFO] [Lua] [Leveling] global task portal suppressed during startup/task reacquire | stage=wait_task_path_after_button has_target=false startup_resolving=false
[2026-04-26 22:42:09.541][17460][INFO] [Lua] [Leveling] guide skip button not visible: Nearby button not found.
[2026-04-26 22:42:09.541][17460][INFO] [Lua] [Leveling] exec trace | stage=wait_task reason=no_task_target_wait task=圣诫之末 detail=在雄狮之心找到下一个藏宝地（推荐等级44~54级） pos=1204.00, -2124.00, 3098.81 target_source= target=nil destination=nil goal_distance=nil objective_mode=
[2026-04-26 22:42:09.542][17460][INFO] [Lua] [Leveling] navigation hold | reason=wait_task
[2026-04-26 22:42:10.533][17460][INFO] [Lua] [Leveling] IsMainInterface=false but player position is available, continue leveling.
[2026-04-26 22:42:10.829][17460][INFO] [Lua] [Leveling] exec trace | stage=wait_task reason=no_task_target_wait task=圣诫之末 detail=在雄狮之心找到下一个藏宝地（推荐等级44~54级） pos=1204.00, -2124.00, 3098.81 target_source= target=nil destination=nil goal_distance=nil objective_mode=
[2026-04-26 22:42:10.829][17460][INFO] [Lua] [Leveling] heartbeat | stage=wait_task tick=6 pos=1204.00, -2124.00, 3098.81 target=nil path_points=0
[2026-04-26 22:42:11.160][17460][INFO] [Lua] [Leveling] task name candidates | map= button_text= related_text= anchor=(94.04,224.16)
[2026-04-26 22:42:11.487][17460][INFO] [Lua] [Leveling] runner stopped
[2026-04-26 22:42:11.499][17460][INFO] [Lua] [Treasure] resume snapshot cleared | reason=leveling_stop save_ok=true
[2026-04-26 22:42:11.500][17460][INFO] [Lua] AvePoint automation stopped
[2026-04-26 22:42:11.514][9088][ERROR] LuaVM DoFile failed [C:\Users\GoldGiven\Desktop\cunnei/scripts/AvePointLevelingNavWorker.lua]: ...ven\Desktop\cunnei/scripts/AvePointLevelingNavWorker.lua:317: Script execution interrupted
stack traceback:
	...ven\Desktop\cunnei/scripts/AvePointLevelingNavWorker.lua:66: in local 'as_boolean'
	...ven\Desktop\cunnei/scripts/AvePointLevelingNavWorker.lua:317: in main chunk
[2026-04-26 22:42:11.515][9088][ERROR] Task 24 (AvePointLevelingNavWorker) failed: ...ven\Desktop\cunnei/scripts/AvePointLevelingNavWorker.lua:317: Script execution interrupted
stack traceback:
	...ven\Desktop\cunnei/scripts/AvePointLevelingNavWorker.lua:66: in local 'as_boolean'
	...ven\Desktop\cunnei/scripts/AvePointLevelingNavWorker.lua:317: in main chunk
[2026-04-26 22:42:12.760][12128][DEBUG] Task 24 (AvePointLevelingNavWorker) cleaned up
[2026-04-26 22:42:12.761][12128][DEBUG] LuaVM: State closed
[2026-04-26 22:42:12.788][17460][ERROR] LuaVM DoString exec failed: scripts/avepoint/hotkey.lua:4481: Script execution interrupted
stack traceback:
	scripts/avepoint/route.lua:27: in function 'pressed_once'
	scripts/avepoint/hotkey.lua:4481: in function 'main'
	C:\Users\GoldGiven\Desktop\cunnei\scripts\AvePoint.lua:167: in main chunk
	(...tail calls...)
	C:\Users\GoldGiven\Desktop\cunnei\AvePointStandalone.lua:128: in main chunk
[2026-04-26 22:42:12.788][17460][ERROR] Task 23 (AvePointStandalone.lua) failed: scripts/avepoint/hotkey.lua:4481: Script execution interrupted
stack traceback:
	scripts/avepoint/route.lua:27: in function 'pressed_once'
	scripts/avepoint/hotkey.lua:4481: in function 'main'
	C:\Users\GoldGiven\Desktop\cunnei\scripts\AvePoint.lua:167: in main chunk
	(...tail calls...)
	C:\Users\GoldGiven\Desktop\cunnei\AvePointStandalone.lua:128: in main chunk
[2026-04-26 22:42:12.809][12128][DEBUG] Task 23 (AvePointStandalone.lua) force cleaned up
[2026-04-26 22:42:12.812][12128][DEBUG] LuaVM: State closed
[2026-04-26 22:42:38.041][17060][DEBUG] HttpClient: Response 200 OK
[2026-04-26 22:43:29.684][17060][DEBUG] HttpClient: Response 200 OK
[2026-04-26 22:44:21.327][17060][DEBUG] HttpClient: Response 200 OK
[2026-04-26 22:45:12.928][17060][DEBUG] HttpClient: Response 200 OK
[2026-04-26 22:46:04.568][17060][DEBUG] HttpClient: Response 200 OK
[2026-04-26 22:46:56.193][17060][DEBUG] HttpClient: Response 200 OK
[2026-04-26 22:47:47.865][17060][DEBUG] HttpClient: Response 200 OK
[2026-04-26 22:48:39.508][17060][DEBUG] HttpClient: Response 200 OK
[2026-04-26 22:49:31.062][17060][DEBUG] HttpClient: Response 200 OK
[2026-04-26 22:50:22.675][17060][DEBUG] HttpClient: Response 200 OK
[2026-04-26 22:50:48.330][12128][DEBUG] Task 25 (AvePointStandalone.lua) created
[2026-04-26 22:50:48.330][12128][DEBUG] LuaVM: cffi module registered
[2026-04-26 22:50:48.331][12128][DEBUG] LuaVM: LuaSocket modules registered (socket.core, mime.core)
[2026-04-26 22:50:48.331][12128][DEBUG] LuaVM: State created successfully
[2026-04-26 22:50:48.332][12128][DEBUG] ImGuiLua: Module registered as 'imgui'
[2026-04-26 22:50:48.332][12128][DEBUG] Registered all Lua API modules
[2026-04-26 22:50:48.332][17536][INFO] Task 25 (AvePointStandalone.lua) started
[2026-04-26 22:50:48.333][17536][INFO] [Lua] AvePoint standalone entry starting
[2026-04-26 22:50:48.345][17536][INFO] [Lua] Process guard starting
[2026-04-26 22:50:48.346][17536][DEBUG] DriverMode: Process protected PID=12124
[2026-04-26 22:50:48.346][17536][INFO] [Lua] Process protection enabled. PID=12124
[2026-04-26 22:50:48.347][17536][INFO] [Lua] Process guard ready
[2026-04-26 22:50:48.348][17536][INFO] [Lua] Configured avepointTaskMode=2 (练级) in config.json
[2026-04-26 22:50:48.348][17536][INFO] [Lua] Press Insert or Ctrl+F9 or [ to start current task mode; Delete or Ctrl+F10 or ] to stop
[2026-04-26 22:50:48.348][17536][INFO] [Lua] Press F12 to dump raw GetCurrentSelected API output without clicking
[2026-04-26 22:50:48.348][17536][INFO] [Lua] Press F4 to preview the configured target for 分解所有按钮 without clicking
[2026-04-26 22:50:48.349][17536][INFO] [Lua] Press F3 to dump mouse-nearby button candidates for 当前鼠标按钮定位分析
[2026-04-26 22:50:48.349][17536][INFO] [Lua] Press F10 to inspect the same uniquely matched mouse target for 鼠标按钮验证点击 without clicking
[2026-04-26 22:50:48.349][17536][INFO] [Lua] Press F11 or \ to validate-click a uniquely matched mouse target for 鼠标按钮验证点击
[2026-04-26 22:50:48.350][17536][INFO] [Lua] Press F6 to print current player coordinates
[2026-04-26 22:50:48.350][17536][INFO] [Lua] Press F7 to print current player position and nearby portals
[2026-04-26 22:50:48.350][17536][INFO] [Lua] Press F8 to print current mouse client coordinates
[2026-04-26 22:50:48.351][17536][INFO] [Lua] Press F9 to run read-only Data API diagnostics
[2026-04-26 22:50:48.351][17536][INFO] [Lua] Press Ctrl+F12 to exit
[2026-04-26 22:50:48.351][17536][INFO] [Lua] Waiting for torchlight API/game init...
[2026-04-26 22:50:48.668][17536][DEBUG] DriverMode: InitRemoteCallEx PID=13440, Deployee=0x26CDAAD0300
[2026-04-26 22:50:48.668][17536][INFO] [Lua] Torch API initialized
[2026-04-26 22:50:48.670][17536][INFO] [Lua] Current pos: 1204.00, -2124.00, 3098.81
[2026-04-26 22:50:50.915][17536][DEBUG] Task 26 (AvePointLevelingNavWorker) created
[2026-04-26 22:50:50.915][17536][DEBUG] LuaVM: cffi module registered
[2026-04-26 22:50:50.916][17536][DEBUG] LuaVM: LuaSocket modules registered (socket.core, mime.core)
[2026-04-26 22:50:50.916][17536][DEBUG] LuaVM: State created successfully
[2026-04-26 22:50:50.917][17536][DEBUG] ImGuiLua: Module registered as 'imgui'
[2026-04-26 22:50:50.917][17536][DEBUG] Registered all Lua API modules
[2026-04-26 22:50:50.917][17536][INFO] [Lua] [Leveling] nav worker started | task_id=26 share=avepoint_leveling_nav_1777215050910_25
[2026-04-26 22:50:50.917][20392][INFO] Task 26 (AvePointLevelingNavWorker) started
[2026-04-26 22:50:50.918][17536][INFO] [Lua] [Leveling] navigation mode | async nav worker path-route follow | task_move_interval=1200ms task_pos_interval=900ms
[2026-04-26 22:50:50.918][17536][INFO] [Lua] [Leveling] runner started | mode=2 quest button -> task path -> NPC dialogue
[2026-04-26 22:50:50.918][17536][INFO] [Lua] [Leveling] logic: click main task button, fetch task path, MoveTo target, confirm nearby NPC, press D, then continue
[2026-04-26 22:50:50.918][17536][INFO] [Lua] [Leveling] startup boss combat window armed | window=10000ms
[2026-04-26 22:50:50.919][17536][INFO] [Lua] [Leveling] startup state resolve armed | window=3000ms
[2026-04-26 22:50:50.919][17536][INFO] [Lua] [Leveling] map runtime detection | enabled=false
[2026-04-26 22:50:50.919][17536][INFO] [Lua] AvePoint automation started | mode=练级(2)
[2026-04-26 22:50:50.920][17536][INFO] [Lua] [Leveling] IsMainInterface=false but player position is available, continue leveling.
[2026-04-26 22:50:51.216][17536][INFO] [Lua] [Leveling] task name candidates | map= button_text= related_text= anchor=(94.04,224.16)
[2026-04-26 22:50:51.216][17536][INFO] [Lua] [Leveling] current task updated | task=主线 圣诫之末 source=nearby_text anchor=(94.04,224.16)
[2026-04-26 22:50:51.217][17536][INFO] [Lua] [Leveling] main task call begin | stage=bootstrap task=圣诫之末 detail= mode=hard_refresh queries=圣诫之末 -> 主线 圣诫之末 -> 主线
[2026-04-26 22:50:52.376][17536][INFO] [Lua] [Leveling] main task panel queries missed, fallback to anchor button | stage=bootstrap task=圣诫之末 detail=
[2026-04-26 22:50:52.963][17536][DEBUG] MouseManager: Trajectory mode set to 0
[2026-04-26 22:50:54.581][17536][DEBUG] MouseManager: Trajectory mode set to 0
[2026-04-26 22:50:54.782][17536][INFO] [Lua] [Leveling] main task button hover before GetCurrentSelected | client=(94.04,224.16) screen=(121.04,280.16)
[2026-04-26 22:50:54.860][17536][INFO] [Lua] [Leveling] main task button nearby-text window-click fallback hit | text=主线 圣诫之末 text_pos=(123.12,232.76) click_pos=(95.12,228.76)
[2026-04-26 22:50:55.158][17536][INFO] [Lua] [Leveling] task name candidates | map= button_text=主线 圣诫之末 related_text=主线 圣诫之末 anchor=(95.12,228.76)
[2026-04-26 22:50:55.158][17536][INFO] [Lua] [Leveling] task_pos reject armed after main task click | reason=startup_main_task_reacquire reject_ms=8500
[2026-04-26 22:50:55.159][17536][INFO] [Lua] [Leveling] main task panel entry clicked | query=nearby_text:window_click task=圣诫之末 detail= mode=hard_refresh raw=主线 圣诫之末 kind=主线 addr= pos=(95.12,228.76)
[2026-04-26 22:50:55.159][17536][INFO] [Lua] [Leveling] navigation hold | reason=wait_task_path_after_button
[2026-04-26 22:50:55.159][17536][INFO] [Lua] [Leveling] startup main task called before any objective/follow logic | task=圣诫之末 detail= window_left=2990ms
[2026-04-26 22:50:55.159][17536][INFO] [Lua] [Leveling] heartbeat | stage=wait_task_path_after_button tick=1 pos=1204.00, -2124.00, 3098.81 target=nil path_points=0
[2026-04-26 22:50:55.201][17536][INFO] [Lua] [Leveling] nav worker status | paused
[2026-04-26 22:50:55.201][17536][INFO] [Lua] [Leveling] IsMainInterface=false but player position is available, continue leveling.
[2026-04-26 22:50:55.202][17536][WARN] [Lua] [Leveling] GetMainTaskPos returned unusable world point | x=0.0 y=0.0 z=0.0 source= raw=x=0.0 y=0.0 z=0.0
[2026-04-26 22:50:55.202][17536][WARN] [Lua] [Leveling] main task data unavailable after task button click. path_err=GetMainTaskPath returned no usable points. pos_err=nil
[2026-04-26 22:50:55.202][17536][INFO] [Lua] [Leveling] exec trace | stage=wait_task_path_after_button reason=waiting_task_path_after_button task=圣诫之末 detail= pos=1204.00, -2124.00, 3098.81 target_source= target=nil destination=nil goal_distance=nil objective_mode=
[2026-04-26 22:50:55.203][17536][INFO] [Lua] [Leveling] heartbeat | stage=wait_task_path_after_button tick=2 pos=1204.00, -2124.00, 3098.81 target=nil path_points=0
[2026-04-26 22:50:55.604][17536][INFO] [Lua] [Leveling] global task portal suppressed during startup/task reacquire | stage=wait_task_path_after_button has_target=false startup_resolving=false
[2026-04-26 22:50:55.890][17536][INFO] [Lua] [Leveling] guide skip button not visible: Nearby button not found.
[2026-04-26 22:50:55.890][17536][INFO] [Lua] [Leveling] exec trace | stage=wait_task reason=no_task_target_wait task=圣诫之末 detail= pos=1204.00, -2124.00, 3098.81 target_source= target=nil destination=nil goal_distance=nil objective_mode=
[2026-04-26 22:50:55.891][17536][INFO] [Lua] [Leveling] navigation hold | reason=wait_task
[2026-04-26 22:50:55.933][17536][INFO] [Lua] [Leveling] exec trace | stage=click_task_button reason=click_task_button task=圣诫之末 detail= pos=1204.00, -2124.00, 3098.81 target_source= target=nil destination=nil goal_distance=nil objective_mode=
[2026-04-26 22:50:55.933][17536][INFO] [Lua] [Leveling] main task call begin | stage=click_task_button task=圣诫之末 detail= mode=hard_refresh queries=圣诫之末 -> 主线 圣诫之末 -> 主线
[2026-04-26 22:50:57.122][17536][INFO] [Lua] [Leveling] main task panel queries missed, fallback to anchor button | stage=click_task_button task=圣诫之末 detail=
[2026-04-26 22:50:57.715][17536][DEBUG] MouseManager: Trajectory mode set to 0
[2026-04-26 22:50:57.735][17536][DEBUG] MouseManager: Trajectory mode set to 0
[2026-04-26 22:50:57.937][17536][INFO] [Lua] [Leveling] main task button hover before GetCurrentSelected | client=(94.04,224.16) screen=(121.04,280.16)
[2026-04-26 22:50:58.014][17536][INFO] [Lua] [Leveling] main task button nearby-text window-click fallback hit | text=主线 圣诫之末 text_pos=(123.12,232.76) click_pos=(95.12,228.76)
[2026-04-26 22:50:58.310][17536][INFO] [Lua] [Leveling] task name candidates | map= button_text=主线 圣诫之末 related_text=主线 圣诫之末 anchor=(95.12,228.76)
[2026-04-26 22:50:58.310][17536][INFO] [Lua] [Leveling] main task panel entry clicked | query=nearby_text:window_click task=圣诫之末 detail= mode=hard_refresh raw=主线 圣诫之末 kind=主线 addr= pos=(95.12,228.76)
[2026-04-26 22:50:58.311][17536][INFO] [Lua] [Leveling] exec trace | stage=wait_task_path_after_button reason=waiting_task_path_after_button task=圣诫之末 detail= pos=1204.00, -2124.00, 3098.81 target_source= target=nil destination=nil goal_distance=nil objective_mode=
[2026-04-26 22:50:58.311][17536][INFO] [Lua] [Leveling] navigation hold | reason=wait_task_path_after_button
[2026-04-26 22:50:58.356][17536][INFO] [Lua] [Leveling] IsMainInterface=false but player position is available, continue leveling.
[2026-04-26 22:50:58.356][17536][WARN] [Lua] [Leveling] GetMainTaskPos returned unusable world point | x=0.0 y=0.0 z=0.0 source= raw=x=0.0 y=0.0 z=0.0
[2026-04-26 22:50:58.357][17536][WARN] [Lua] [Leveling] main task data unavailable after task button click. path_err=GetMainTaskPath returned no usable points. pos_err=nil
[2026-04-26 22:50:58.357][17536][INFO] [Lua] [Leveling] exec trace | stage=wait_task_path_after_button reason=waiting_task_path_after_button task=圣诫之末 detail= pos=1204.00, -2124.00, 3098.81 target_source= target=nil destination=nil goal_distance=nil objective_mode=
[2026-04-26 22:50:58.357][17536][INFO] [Lua] [Leveling] heartbeat | stage=wait_task_path_after_button tick=5 pos=1204.00, -2124.00, 3098.81 target=nil path_points=0
[2026-04-26 22:50:58.758][17536][INFO] [Lua] [Leveling] global task portal suppressed during startup/task reacquire | stage=wait_task_path_after_button has_target=false startup_resolving=false
[2026-04-26 22:50:59.047][17536][INFO] [Lua] [Leveling] guide skip button not visible: Nearby button not found.
[2026-04-26 22:50:59.047][17536][INFO] [Lua] [Leveling] exec trace | stage=wait_task reason=no_task_target_wait task=圣诫之末 detail= pos=1204.00, -2124.00, 3098.81 target_source= target=nil destination=nil goal_distance=nil objective_mode=
[2026-04-26 22:50:59.048][17536][INFO] [Lua] [Leveling] navigation hold | reason=wait_task
[2026-04-26 22:51:00.362][17536][INFO] [Lua] [Leveling] exec trace | stage=wait_task reason=no_task_target_wait task=圣诫之末 detail= pos=1204.00, -2124.00, 3098.81 target_source= target=nil destination=nil goal_distance=nil objective_mode=
[2026-04-26 22:51:00.930][17536][ERROR] [Lua] AvePoint automation failed | mode=练级(2) err=C:\Users\GoldGiven\Desktop\cunnei\scripts/torch_nav.lua:1906: Script execution interrupted
[2026-04-26 22:51:00.930][17536][INFO] [Lua] AvePoint automation stopped by error
[2026-04-26 22:51:00.932][17536][ERROR] LuaVM DoString exec failed: scripts/avepoint/hotkey.lua:4537: task stopped
stack traceback:
	[C]: in field 'sleep'
	scripts/avepoint/hotkey.lua:4537: in function 'main'
	C:\Users\GoldGiven\Desktop\cunnei\scripts\AvePoint.lua:167: in main chunk
	(...tail calls...)
	C:\Users\GoldGiven\Desktop\cunnei\AvePointStandalone.lua:128: in main chunk
[2026-04-26 22:51:00.932][17536][ERROR] Task 25 (AvePointStandalone.lua) failed: scripts/avepoint/hotkey.lua:4537: task stopped
stack traceback:
	[C]: in field 'sleep'
	scripts/avepoint/hotkey.lua:4537: in function 'main'
	C:\Users\GoldGiven\Desktop\cunnei\scripts\AvePoint.lua:167: in main chunk
	(...tail calls...)
	C:\Users\GoldGiven\Desktop\cunnei\AvePointStandalone.lua:128: in main chunk
[2026-04-26 22:51:00.946][20392][DEBUG] LuaVM DoFile success: C:\Users\GoldGiven\Desktop\cunnei/scripts/AvePointLevelingNavWorker.lua
[2026-04-26 22:51:00.947][20392][INFO] Task 26 (AvePointLevelingNavWorker) cancelled
[2026-04-26 22:51:00.962][12128][DEBUG] Task 25 (AvePointStandalone.lua) force cleaned up
[2026-04-26 22:51:00.965][12128][DEBUG] LuaVM: State closed
[2026-04-26 22:51:00.965][12128][DEBUG] Task 26 (AvePointLevelingNavWorker) cleaned up
[2026-04-26 22:51:00.967][12128][DEBUG] LuaVM: State closed
[2026-04-26 22:51:14.281][17060][DEBUG] HttpClient: Response 200 OK
[2026-04-26 22:52:05.901][17060][DEBUG] HttpClient: Response 200 OK
[2026-04-26 22:52:57.577][17060][DEBUG] HttpClient: Response 200 OK
[2026-04-26 22:53:49.220][17060][DEBUG] HttpClient: Response 200 OK
[2026-04-26 22:54:20.275][12128][DEBUG] Task 27 (AvePointStandalone.lua) created
[2026-04-26 22:54:20.275][12128][DEBUG] LuaVM: cffi module registered
[2026-04-26 22:54:20.276][12128][DEBUG] LuaVM: LuaSocket modules registered (socket.core, mime.core)
[2026-04-26 22:54:20.276][12128][DEBUG] LuaVM: State created successfully
[2026-04-26 22:54:20.276][12128][DEBUG] ImGuiLua: Module registered as 'imgui'
[2026-04-26 22:54:20.277][12128][DEBUG] Registered all Lua API modules
[2026-04-26 22:54:20.277][11412][INFO] Task 27 (AvePointStandalone.lua) started
[2026-04-26 22:54:20.277][11412][INFO] [Lua] AvePoint standalone entry starting
[2026-04-26 22:54:20.289][11412][INFO] [Lua] Process guard starting
[2026-04-26 22:54:20.289][11412][DEBUG] DriverMode: Process protected PID=12124
[2026-04-26 22:54:20.290][11412][INFO] [Lua] Process protection enabled. PID=12124
[2026-04-26 22:54:20.290][11412][INFO] [Lua] Process guard ready
[2026-04-26 22:54:20.290][11412][INFO] [Lua] Configured avepointTaskMode=2 (练级) in config.json
[2026-04-26 22:54:20.291][11412][INFO] [Lua] Press Insert or Ctrl+F9 or [ to start current task mode; Delete or Ctrl+F10 or ] to stop
[2026-04-26 22:54:20.291][11412][INFO] [Lua] Press F12 to dump raw GetCurrentSelected API output without clicking
[2026-04-26 22:54:20.291][11412][INFO] [Lua] Press F4 to preview the configured target for 分解所有按钮 without clicking
[2026-04-26 22:54:20.292][11412][INFO] [Lua] Press F3 to dump mouse-nearby button candidates for 当前鼠标按钮定位分析
[2026-04-26 22:54:20.292][11412][INFO] [Lua] Press F10 to inspect the same uniquely matched mouse target for 鼠标按钮验证点击 without clicking
[2026-04-26 22:54:20.292][11412][INFO] [Lua] Press F11 or \ to validate-click a uniquely matched mouse target for 鼠标按钮验证点击
[2026-04-26 22:54:20.292][11412][INFO] [Lua] Press F6 to print current player coordinates
[2026-04-26 22:54:20.293][11412][INFO] [Lua] Press F7 to print current player position and nearby portals
[2026-04-26 22:54:20.293][11412][INFO] [Lua] Press F8 to print current mouse client coordinates
[2026-04-26 22:54:20.293][11412][INFO] [Lua] Press F9 to run read-only Data API diagnostics
[2026-04-26 22:54:20.294][11412][INFO] [Lua] Press Ctrl+F12 to exit
[2026-04-26 22:54:20.294][11412][INFO] [Lua] Waiting for torchlight API/game init...
[2026-04-26 22:54:20.614][11412][DEBUG] DriverMode: InitRemoteCallEx PID=13440, Deployee=0x26CE8280300
[2026-04-26 22:54:20.614][11412][INFO] [Lua] Torch API initialized
[2026-04-26 22:54:20.616][11412][INFO] [Lua] Current pos: 1204.00, -2124.00, 3098.81
[2026-04-26 22:54:22.610][11412][DEBUG] Task 28 (AvePointLevelingNavWorker) created
[2026-04-26 22:54:22.610][11412][DEBUG] LuaVM: cffi module registered
[2026-04-26 22:54:22.611][11412][DEBUG] LuaVM: LuaSocket modules registered (socket.core, mime.core)
[2026-04-26 22:54:22.611][11412][DEBUG] LuaVM: State created successfully
[2026-04-26 22:54:22.612][11412][DEBUG] ImGuiLua: Module registered as 'imgui'
[2026-04-26 22:54:22.612][11412][DEBUG] Registered all Lua API modules
[2026-04-26 22:54:22.612][11412][INFO] [Lua] [Leveling] nav worker started | task_id=28 share=avepoint_leveling_nav_1777215262606_27
[2026-04-26 22:54:22.612][5128][INFO] Task 28 (AvePointLevelingNavWorker) started
[2026-04-26 22:54:22.613][11412][INFO] [Lua] [Leveling] navigation mode | async nav worker path-route follow | task_move_interval=1200ms task_pos_interval=900ms
[2026-04-26 22:54:22.613][11412][INFO] [Lua] [Leveling] runner started | mode=2 quest button -> task path -> NPC dialogue
[2026-04-26 22:54:22.613][11412][INFO] [Lua] [Leveling] logic: click main task button, fetch task path, MoveTo target, confirm nearby NPC, press D, then continue
[2026-04-26 22:54:22.613][11412][INFO] [Lua] [Leveling] startup boss combat window armed | window=10000ms
[2026-04-26 22:54:22.614][11412][INFO] [Lua] [Leveling] startup state resolve armed | window=3000ms
[2026-04-26 22:54:22.614][11412][INFO] [Lua] [Leveling] map runtime detection | enabled=false
[2026-04-26 22:54:22.614][11412][INFO] [Lua] AvePoint automation started | mode=练级(2)
[2026-04-26 22:54:22.615][11412][INFO] [Lua] [Leveling] IsMainInterface=false but player position is available, continue leveling.
[2026-04-26 22:54:22.912][11412][INFO] [Lua] [Leveling] task name candidates | map= button_text= related_text= anchor=(94.04,224.16)
[2026-04-26 22:54:22.912][11412][INFO] [Lua] [Leveling] current task updated | task=主线 圣诫之末 source=nearby_text anchor=(94.04,224.16)
[2026-04-26 22:54:22.913][11412][INFO] [Lua] [Leveling] main task call begin | stage=bootstrap task=圣诫之末 detail= mode=hard_refresh queries=圣诫之末 -> 主线 圣诫之末 -> 主线
[2026-04-26 22:54:24.109][11412][INFO] [Lua] [Leveling] main task panel queries missed, fallback to anchor button | stage=bootstrap task=圣诫之末 detail=
[2026-04-26 22:54:24.776][11412][DEBUG] MouseManager: Trajectory mode set to 0
[2026-04-26 22:54:26.574][11412][DEBUG] MouseManager: Trajectory mode set to 0
[2026-04-26 22:54:26.900][11412][INFO] [Lua] [Leveling] main task button hover before GetCurrentSelected | client=(94.04,224.16) screen=(121.04,280.16)
[2026-04-26 22:54:27.523][11412][WARN] [Lua] [Leveling] main task button GetCurrentSelected fallback miss after hover | hint=(94.04,224.16) err=Current selected button not found.
[2026-04-26 22:54:27.600][11412][INFO] [Lua] [Leveling] main task button nearby-text window-click fallback hit | text=主线 圣诫之末 text_pos=(123.12,232.76) click_pos=(95.12,228.76)
[2026-04-26 22:54:27.896][11412][INFO] [Lua] [Leveling] task name candidates | map= button_text=主线 圣诫之末 related_text=主线 圣诫之末 anchor=(95.12,228.76)
[2026-04-26 22:54:27.896][11412][INFO] [Lua] [Leveling] task_pos reject armed after main task click | reason=startup_main_task_reacquire reject_ms=8500
[2026-04-26 22:54:27.897][11412][INFO] [Lua] [Leveling] main task panel entry clicked | query=nearby_text:window_click task=圣诫之末 detail= mode=hard_refresh raw=主线 圣诫之末 kind=主线 addr= pos=(95.12,228.76)
[2026-04-26 22:54:27.897][11412][INFO] [Lua] [Leveling] navigation hold | reason=wait_task_path_after_button
[2026-04-26 22:54:27.897][11412][INFO] [Lua] [Leveling] startup main task called before any objective/follow logic | task=圣诫之末 detail= window_left=2991ms
[2026-04-26 22:54:27.898][11412][INFO] [Lua] [Leveling] heartbeat | stage=wait_task_path_after_button tick=1 pos=1204.00, -2124.00, 3098.81 target=nil path_points=0
[2026-04-26 22:54:27.943][11412][INFO] [Lua] [Leveling] nav worker status | paused
[2026-04-26 22:54:27.943][11412][INFO] [Lua] [Leveling] IsMainInterface=false but player position is available, continue leveling.
[2026-04-26 22:54:27.944][11412][INFO] [Lua] [Leveling] exec trace | stage=click_task_button reason=click_task_button task=圣诫之末 detail= pos=1204.00, -2124.00, 3098.81 target_source= target=nil destination=nil goal_distance=nil objective_mode=
[2026-04-26 22:54:27.944][11412][INFO] [Lua] [Leveling] main task call begin | stage=click_task_button task=圣诫之末 detail= mode=hard_refresh queries=圣诫之末 -> 主线 圣诫之末 -> 主线
[2026-04-26 22:54:29.130][11412][INFO] [Lua] [Leveling] main task panel queries missed, fallback to anchor button | stage=click_task_button task=圣诫之末 detail=
[2026-04-26 22:54:29.797][11412][DEBUG] MouseManager: Trajectory mode set to 0
[2026-04-26 22:54:30.745][11412][DEBUG] MouseManager: Trajectory mode set to 0
[2026-04-26 22:54:31.070][11412][INFO] [Lua] [Leveling] main task button hover before GetCurrentSelected | client=(94.04,224.16) screen=(121.04,280.16)
[2026-04-26 22:54:31.695][11412][WARN] [Lua] [Leveling] main task button GetCurrentSelected fallback miss after hover | hint=(94.04,224.16) err=Current selected button not found.
[2026-04-26 22:54:31.772][11412][INFO] [Lua] [Leveling] main task button nearby-text window-click fallback hit | text=主线 圣诫之末 text_pos=(123.12,232.76) click_pos=(95.12,228.76)
[2026-04-26 22:54:32.065][11412][INFO] [Lua] [Leveling] task name candidates | map= button_text=主线 圣诫之末 related_text=主线 圣诫之末 anchor=(95.12,228.76)
[2026-04-26 22:54:32.065][11412][INFO] [Lua] [Leveling] main task panel entry clicked | query=nearby_text:window_click task=圣诫之末 detail= mode=hard_refresh raw=主线 圣诫之末 kind=主线 addr= pos=(95.12,228.76)
[2026-04-26 22:54:32.066][11412][INFO] [Lua] [Leveling] exec trace | stage=wait_task_path_after_button reason=waiting_task_path_after_button task=圣诫之末 detail= pos=1204.00, -2124.00, 3098.81 target_source= target=nil destination=nil goal_distance=nil objective_mode=
[2026-04-26 22:54:32.066][11412][INFO] [Lua] [Leveling] navigation hold | reason=wait_task_path_after_button
[2026-04-26 22:54:32.067][11412][INFO] [Lua] [Leveling] heartbeat | stage=wait_task_path_after_button tick=2 pos=1204.00, -2124.00, 3098.81 target=nil path_points=0
[2026-04-26 22:54:32.104][11412][INFO] [Lua] [Leveling] runner stopped
[2026-04-26 22:54:32.111][11412][INFO] [Lua] [Treasure] resume snapshot cleared | reason=leveling_stop save_ok=true
[2026-04-26 22:54:32.112][11412][INFO] [Lua] AvePoint automation stopped
[2026-04-26 22:54:32.131][5128][ERROR] LuaVM DoFile failed [C:\Users\GoldGiven\Desktop\cunnei/scripts/AvePointLevelingNavWorker.lua]: ...ven\Desktop\cunnei/scripts/AvePointLevelingNavWorker.lua:596: Script execution interrupted
stack traceback:
	...ven\Desktop\cunnei/scripts/AvePointLevelingNavWorker.lua:164: in local 'safe_sleep'
	...ven\Desktop\cunnei/scripts/AvePointLevelingNavWorker.lua:596: in main chunk
[2026-04-26 22:54:32.131][5128][ERROR] Task 28 (AvePointLevelingNavWorker) failed: ...ven\Desktop\cunnei/scripts/AvePointLevelingNavWorker.lua:596: Script execution interrupted
stack traceback:
	...ven\Desktop\cunnei/scripts/AvePointLevelingNavWorker.lua:164: in local 'safe_sleep'
	...ven\Desktop\cunnei/scripts/AvePointLevelingNavWorker.lua:596: in main chunk
[2026-04-26 22:54:40.777][17060][DEBUG] HttpClient: Response 200 OK
[2026-04-26 22:55:32.330][17060][DEBUG] HttpClient: Response 200 OK
[2026-04-26 22:56:23.954][17060][DEBUG] HttpClient: Response 200 OK
[2026-04-26 22:57:15.648][17060][DEBUG] HttpClient: Response 200 OK
[2026-04-26 22:58:07.303][17060][DEBUG] HttpClient: Response 200 OK
[2026-04-26 22:58:58.863][17060][DEBUG] HttpClient: Response 200 OK
[2026-04-26 22:59:50.459][17060][DEBUG] HttpClient: Response 200 OK
[2026-04-26 23:00:42.106][17060][DEBUG] HttpClient: Response 200 OK
[2026-04-26 23:01:33.731][17060][DEBUG] HttpClient: Response 200 OK
[2026-04-26 23:02:25.336][17060][DEBUG] HttpClient: Response 200 OK
[2026-04-26 23:03:16.961][17060][DEBUG] HttpClient: Response 200 OK
[2026-04-26 23:04:08.541][17060][DEBUG] HttpClient: Response 200 OK
[2026-04-26 23:05:00.191][17060][DEBUG] HttpClient: Response 200 OK
[2026-04-26 23:05:51.720][17060][DEBUG] HttpClient: Response 200 OK
[2026-04-26 23:06:43.283][17060][DEBUG] HttpClient: Response 200 OK
[2026-04-26 23:07:34.883][17060][DEBUG] HttpClient: Response 200 OK
[2026-04-26 23:08:26.433][17060][DEBUG] HttpClient: Response 200 OK
[2026-04-26 23:09:17.958][17060][DEBUG] HttpClient: Response 200 OK
[2026-04-26 23:10:09.575][17060][DEBUG] HttpClient: Response 200 OK
[2026-04-26 23:11:01.044][17060][DEBUG] HttpClient: Response 200 OK
[2026-04-26 23:11:52.629][17060][DEBUG] HttpClient: Response 200 OK
[2026-04-26 23:12:01.898][12128][DEBUG] Task 28 (AvePointLevelingNavWorker) cleaned up
[2026-04-26 23:12:01.899][12128][DEBUG] LuaVM: State closed
[2026-04-26 23:12:01.922][11412][ERROR] LuaVM DoString exec failed: scripts/avepoint/hotkey.lua:3755: Script execution interrupted
stack traceback:
	scripts/avepoint/route.lua:28: in function 'pressed_once'
	scripts/avepoint/hotkey.lua:3755: in function 'main'
	C:\Users\GoldGiven\Desktop\cunnei\scripts\AvePoint.lua:167: in main chunk
	(...tail calls...)
	C:\Users\GoldGiven\Desktop\cunnei\AvePointStandalone.lua:128: in main chunk
[2026-04-26 23:12:01.922][11412][ERROR] Task 27 (AvePointStandalone.lua) failed: scripts/avepoint/hotkey.lua:3755: Script execution interrupted
stack traceback:
	scripts/avepoint/route.lua:28: in function 'pressed_once'
	scripts/avepoint/hotkey.lua:3755: in function 'main'
	C:\Users\GoldGiven\Desktop\cunnei\scripts\AvePoint.lua:167: in main chunk
	(...tail calls...)
	C:\Users\GoldGiven\Desktop\cunnei\AvePointStandalone.lua:128: in main chunk
[2026-04-26 23:12:01.947][12128][DEBUG] Task 27 (AvePointStandalone.lua) force cleaned up
[2026-04-26 23:12:01.952][12128][DEBUG] LuaVM: State closed
[2026-04-26 23:12:44.267][17060][DEBUG] HttpClient: Response 200 OK
[2026-04-26 23:13:35.887][17060][DEBUG] HttpClient: Response 200 OK
[2026-04-26 23:14:21.662][12128][DEBUG] Task 29 (AvePointStandalone.lua) created
[2026-04-26 23:14:21.662][12128][DEBUG] LuaVM: cffi module registered
[2026-04-26 23:14:21.663][12128][DEBUG] LuaVM: LuaSocket modules registered (socket.core, mime.core)
[2026-04-26 23:14:21.663][12128][DEBUG] LuaVM: State created successfully
[2026-04-26 23:14:21.664][12128][DEBUG] ImGuiLua: Module registered as 'imgui'
[2026-04-26 23:14:21.664][12128][DEBUG] Registered all Lua API modules
[2026-04-26 23:14:21.664][15880][INFO] Task 29 (AvePointStandalone.lua) started
[2026-04-26 23:14:21.665][15880][INFO] [Lua] AvePoint standalone entry starting
[2026-04-26 23:14:21.679][15880][INFO] [Lua] Process guard starting
[2026-04-26 23:14:21.679][15880][DEBUG] DriverMode: Process protected PID=12124
[2026-04-26 23:14:21.679][15880][INFO] [Lua] Process protection enabled. PID=12124
[2026-04-26 23:14:21.680][15880][INFO] [Lua] Process guard ready
[2026-04-26 23:14:21.680][15880][INFO] [Lua] Configured avepointTaskMode=2 (练级) in config.json
[2026-04-26 23:14:21.680][15880][INFO] [Lua] Press Insert or Ctrl+F9 or [ to start current task mode; Delete or Ctrl+F10 or ] to stop
[2026-04-26 23:14:21.681][15880][INFO] [Lua] Press F12 to dump raw GetCurrentSelected API output without clicking
[2026-04-26 23:14:21.681][15880][INFO] [Lua] Press F4 to preview the configured target for 分解所有按钮 without clicking
[2026-04-26 23:14:21.681][15880][INFO] [Lua] Press F3 to dump mouse-nearby button candidates for 当前鼠标按钮定位分析
[2026-04-26 23:14:21.681][15880][INFO] [Lua] Press F10 to inspect the same uniquely matched mouse target for 鼠标按钮验证点击 without clicking
[2026-04-26 23:14:21.682][15880][INFO] [Lua] Press F11 or \ to validate-click a uniquely matched mouse target for 鼠标按钮验证点击
[2026-04-26 23:14:21.682][15880][INFO] [Lua] Press F6 to print current player coordinates
[2026-04-26 23:14:21.683][15880][INFO] [Lua] Press F7 to print current player position and nearby portals
[2026-04-26 23:14:21.683][15880][INFO] [Lua] Press F8 to print current mouse client coordinates
[2026-04-26 23:14:21.683][15880][INFO] [Lua] Press F9 to run read-only Data API diagnostics
[2026-04-26 23:14:21.684][15880][INFO] [Lua] Press Ctrl+F12 to exit
[2026-04-26 23:14:21.684][15880][INFO] [Lua] Waiting for torchlight API/game init...
[2026-04-26 23:14:21.996][15880][DEBUG] DriverMode: InitRemoteCallEx PID=13440, Deployee=0x26CC5820300
[2026-04-26 23:14:21.996][15880][INFO] [Lua] Torch API initialized
[2026-04-26 23:14:21.997][15880][INFO] [Lua] Current pos: 1204.00, -2124.00, 3098.81
[2026-04-26 23:14:24.926][15880][DEBUG] Task 30 (AvePointLevelingNavWorker) created
[2026-04-26 23:14:24.926][15880][DEBUG] LuaVM: cffi module registered
[2026-04-26 23:14:24.929][15880][DEBUG] LuaVM: LuaSocket modules registered (socket.core, mime.core)
[2026-04-26 23:14:24.930][15880][DEBUG] LuaVM: State created successfully
[2026-04-26 23:14:24.930][15880][DEBUG] ImGuiLua: Module registered as 'imgui'
[2026-04-26 23:14:24.930][15880][DEBUG] Registered all Lua API modules
[2026-04-26 23:14:24.931][15880][INFO] [Lua] [Leveling] nav worker started | task_id=30 share=avepoint_leveling_nav_1777216464920_29
[2026-04-26 23:14:24.931][15880][INFO] [Lua] [Leveling] navigation mode | async nav worker path-route follow | task_move_interval=1200ms task_pos_interval=900ms
[2026-04-26 23:14:24.931][9592][INFO] Task 30 (AvePointLevelingNavWorker) started
[2026-04-26 23:14:24.932][15880][INFO] [Lua] [Leveling] runner started | mode=2 quest button -> task path -> NPC dialogue
[2026-04-26 23:14:24.932][15880][INFO] [Lua] [Leveling] logic: click main task button, fetch task path, MoveTo target, confirm nearby NPC, press D, then continue
[2026-04-26 23:14:24.933][15880][INFO] [Lua] [Leveling] startup boss combat window armed | window=10000ms
[2026-04-26 23:14:24.933][15880][INFO] [Lua] [Leveling] startup state resolve armed | window=3000ms
[2026-04-26 23:14:24.933][15880][INFO] [Lua] [Leveling] map runtime detection | enabled=false
[2026-04-26 23:14:24.934][15880][INFO] [Lua] AvePoint automation started | mode=练级(2)
[2026-04-26 23:14:24.934][15880][INFO] [Lua] [Leveling] IsMainInterface=false but player position is available, continue leveling.
[2026-04-26 23:14:25.221][15880][INFO] [Lua] [Leveling] task name candidates | map= button_text= related_text= anchor=(94.04,224.16)
[2026-04-26 23:14:25.221][15880][INFO] [Lua] [Leveling] current task updated | task=主线 圣诫之末 source=nearby_text anchor=(94.04,224.16)
[2026-04-26 23:14:25.222][15880][INFO] [Lua] [Leveling] main task call begin | stage=bootstrap task=圣诫之末 detail= mode=hard_refresh queries=圣诫之末 -> 主线 圣诫之末 -> 主线
[2026-04-26 23:14:25.516][15880][WARN] [Lua] [Leveling] TaskBtn locator unavailable for main task call: locator matched no current button. include=taskitem_c.widgettree.taskbtn hint=(94.039993,224.160004) max_distance=120.0 related= related_miss=0
[2026-04-26 23:14:26.678][15880][INFO] [Lua] [Leveling] main task panel queries missed, fallback to anchor button | stage=bootstrap task=圣诫之末 detail=
[2026-04-26 23:14:27.340][15880][DEBUG] MouseManager: Trajectory mode set to 0
[2026-04-26 23:14:27.439][17060][DEBUG] HttpClient: Response 200 OK
[2026-04-26 23:14:28.851][15880][DEBUG] MouseManager: Trajectory mode set to 0
[2026-04-26 23:14:29.176][15880][INFO] [Lua] [Leveling] main task button hover before GetCurrentSelected | client=(94.04,224.16) screen=(121.04,280.16)
[2026-04-26 23:14:29.804][15880][WARN] [Lua] [Leveling] main task button GetCurrentSelected fallback miss after hover | hint=(94.04,224.16) err=Current selected button not found.
[2026-04-26 23:14:29.880][15880][INFO] [Lua] [Leveling] main task button nearby-text click fallback hit | mode=window_post_click text=主线 圣诫之末 text_pos=(123.12,232.76) click_pos=(95.12,228.76)
[2026-04-26 23:14:30.168][15880][INFO] [Lua] [Leveling] task name candidates | map= button_text=主线 圣诫之末 related_text=主线 圣诫之末 anchor=(95.12,228.76)
[2026-04-26 23:14:30.168][15880][INFO] [Lua] [Leveling] task_pos reject armed after main task click | reason=startup_main_task_reacquire reject_ms=8500
[2026-04-26 23:14:30.169][15880][INFO] [Lua] [Leveling] main task panel entry clicked | query=nearby_text:window_click task=圣诫之末 detail= mode=hard_refresh raw=主线 圣诫之末 kind=主线 addr= pos=(95.12,228.76)
[2026-04-26 23:14:30.169][15880][INFO] [Lua] [Leveling] navigation hold | reason=wait_task_path_after_button
[2026-04-26 23:14:30.170][15880][INFO] [Lua] [Leveling] startup main task called before any objective/follow logic | task=圣诫之末 detail= window_left=2986ms
[2026-04-26 23:14:30.170][15880][INFO] [Lua] [Leveling] heartbeat | stage=wait_task_path_after_button tick=1 pos=1204.00, -2124.00, 3098.81 target=nil path_points=0
[2026-04-26 23:14:30.208][15880][INFO] [Lua] [Leveling] nav worker status | paused
[2026-04-26 23:14:30.212][15880][INFO] [Lua] [Leveling] IsMainInterface=false but player position is available, continue leveling.
[2026-04-26 23:14:30.213][15880][INFO] [Lua] [Leveling] exec trace | stage=click_task_button reason=click_task_button task=圣诫之末 detail= pos=1204.00, -2124.00, 3098.81 target_source= target=nil destination=nil goal_distance=nil objective_mode=
[2026-04-26 23:14:30.213][15880][INFO] [Lua] [Leveling] main task call begin | stage=click_task_button task=圣诫之末 detail= mode=hard_refresh queries=圣诫之末 -> 主线 圣诫之末 -> 主线
[2026-04-26 23:14:30.502][15880][WARN] [Lua] [Leveling] TaskBtn locator unavailable for main task call: locator matched no current button. include=taskitem_c.widgettree.taskbtn hint=(94.039993,224.160004) max_distance=120.0 related= related_miss=0
[2026-04-26 23:14:31.648][15880][INFO] [Lua] [Leveling] main task panel queries missed, fallback to anchor button | stage=click_task_button task=圣诫之末 detail=
[2026-04-26 23:14:32.306][15880][DEBUG] MouseManager: Trajectory mode set to 0
[2026-04-26 23:14:33.640][15880][DEBUG] MouseManager: Trajectory mode set to 0
[2026-04-26 23:14:33.966][15880][INFO] [Lua] [Leveling] main task button hover before GetCurrentSelected | client=(94.04,224.16) screen=(121.04,280.16)
[2026-04-26 23:14:34.589][15880][WARN] [Lua] [Leveling] main task button GetCurrentSelected fallback miss after hover | hint=(94.04,224.16) err=Current selected button not found.
[2026-04-26 23:14:34.665][15880][INFO] [Lua] [Leveling] main task button nearby-text click fallback hit | mode=window_post_click text=主线 圣诫之末 text_pos=(123.12,232.76) click_pos=(95.12,228.76)
[2026-04-26 23:14:34.948][15880][INFO] [Lua] [Leveling] task name candidates | map= button_text=主线 圣诫之末 related_text=主线 圣诫之末 anchor=(95.12,228.76)
[2026-04-26 23:14:34.949][15880][INFO] [Lua] [Leveling] main task panel entry clicked | query=nearby_text:window_click task=圣诫之末 detail= mode=hard_refresh raw=主线 圣诫之末 kind=主线 addr= pos=(95.12,228.76)
[2026-04-26 23:14:34.949][15880][INFO] [Lua] [Leveling] exec trace | stage=wait_task_path_after_button reason=waiting_task_path_after_button task=圣诫之末 detail= pos=1204.00, -2124.00, 3098.81 target_source= target=nil destination=nil goal_distance=nil objective_mode=
[2026-04-26 23:14:34.950][15880][INFO] [Lua] [Leveling] navigation hold | reason=wait_task_path_after_button
[2026-04-26 23:14:34.950][15880][INFO] [Lua] [Leveling] heartbeat | stage=wait_task_path_after_button tick=2 pos=1204.00, -2124.00, 3098.81 target=nil path_points=0
[2026-04-26 23:14:34.998][15880][INFO] [Lua] [Leveling] runner stopped
[2026-04-26 23:14:35.009][15880][INFO] [Lua] [Treasure] resume snapshot cleared | reason=leveling_stop save_ok=true
[2026-04-26 23:14:35.009][15880][INFO] [Lua] AvePoint automation stopped
[2026-04-26 23:14:35.026][9592][ERROR] LuaVM DoFile failed [C:\Users\GoldGiven\Desktop\cunnei/scripts/AvePointLevelingNavWorker.lua]: ...ven\Desktop\cunnei/scripts/AvePointLevelingNavWorker.lua:328: Script execution interrupted
stack traceback:
	...ven\Desktop\cunnei/scripts/AvePointLevelingNavWorker.lua:45: in local 'as_number'
	...ven\Desktop\cunnei/scripts/AvePointLevelingNavWorker.lua:328: in main chunk
[2026-04-26 23:14:35.026][9592][ERROR] Task 30 (AvePointLevelingNavWorker) failed: ...ven\Desktop\cunnei/scripts/AvePointLevelingNavWorker.lua:328: Script execution interrupted
stack traceback:
	...ven\Desktop\cunnei/scripts/AvePointLevelingNavWorker.lua:45: in local 'as_number'
	...ven\Desktop\cunnei/scripts/AvePointLevelingNavWorker.lua:328: in main chunk
[2026-04-26 23:14:37.693][15880][ERROR] LuaVM DoString exec failed: scripts/avepoint/hotkey.lua:4566: task stopped
stack traceback:
	[C]: in field 'sleep'
	scripts/avepoint/hotkey.lua:4566: in function 'main'
	C:\Users\GoldGiven\Desktop\cunnei\scripts\AvePoint.lua:167: in main chunk
	(...tail calls...)
	C:\Users\GoldGiven\Desktop\cunnei\AvePointStandalone.lua:128: in main chunk
[2026-04-26 23:14:37.694][15880][ERROR] Task 29 (AvePointStandalone.lua) failed: scripts/avepoint/hotkey.lua:4566: task stopped
stack traceback:
	[C]: in field 'sleep'
	scripts/avepoint/hotkey.lua:4566: in function 'main'
	C:\Users\GoldGiven\Desktop\cunnei\scripts\AvePoint.lua:167: in main chunk
	(...tail calls...)
	C:\Users\GoldGiven\Desktop\cunnei\AvePointStandalone.lua:128: in main chunk
[2026-04-26 23:14:37.710][12128][DEBUG] ConfigManager: Saved config to C:\Users\GoldGiven\Desktop\cunnei/config.json
[2026-04-26 23:14:37.710][12128][DEBUG] ImGuiApp: Config saved
[2026-04-26 23:14:37.741][12128][INFO] ImGuiApp: Shutdown complete
[2026-04-26 23:14:37.747][12128][INFO] Engine shutting down...
[2026-04-26 23:14:37.753][12128][DEBUG] LuaVM: State closed
[2026-04-26 23:14:37.757][12128][INFO] LuaHost: Shutdown complete
[2026-04-26 23:14:37.763][12128][INFO] CrashHandler: Shutdown
[2026-04-26 23:14:37.767][12128][INFO] AetherEngine Logger shutting down
